
Circuit 1 cell sky130_fd_pr__nfet_g5v0d10v5 and Circuit 2 cell sky130_fd_pr__nfet_g5v0d10v5 are black boxes.
Warning: Equate pins:  cell sky130_fd_pr__nfet_g5v0d10v5 is a placeholder, treated as a black box.
Warning: Equate pins:  cell sky130_fd_pr__nfet_g5v0d10v5 is a placeholder, treated as a black box.

Subcircuit pins:
Circuit 1: sky130_fd_pr__nfet_g5v0d10v5    |Circuit 2: sky130_fd_pr__nfet_g5v0d10v5    
-------------------------------------------|-------------------------------------------
1                                          |1                                          
2                                          |2                                          
3                                          |3                                          
4                                          |4                                          
---------------------------------------------------------------------------------------
Cell pin lists are equivalent.
Device classes sky130_fd_pr__nfet_g5v0d10v5 and sky130_fd_pr__nfet_g5v0d10v5 are equivalent.

Circuit 1 cell sky130_fd_pr__pfet_g5v0d10v5 and Circuit 2 cell sky130_fd_pr__pfet_g5v0d10v5 are black boxes.
Warning: Equate pins:  cell sky130_fd_pr__pfet_g5v0d10v5 is a placeholder, treated as a black box.
Warning: Equate pins:  cell sky130_fd_pr__pfet_g5v0d10v5 is a placeholder, treated as a black box.

Subcircuit pins:
Circuit 1: sky130_fd_pr__pfet_g5v0d10v5    |Circuit 2: sky130_fd_pr__pfet_g5v0d10v5    
-------------------------------------------|-------------------------------------------
1                                          |1                                          
2                                          |2                                          
3                                          |3                                          
4                                          |4                                          
---------------------------------------------------------------------------------------
Cell pin lists are equivalent.
Device classes sky130_fd_pr__pfet_g5v0d10v5 and sky130_fd_pr__pfet_g5v0d10v5 are equivalent.

Circuit 1 cell sky130_fd_pr__cap_mim_m3_1 and Circuit 2 cell sky130_fd_pr__cap_mim_m3_1 are black boxes.
Warning: Equate pins:  cell sky130_fd_pr__cap_mim_m3_1 is a placeholder, treated as a black box.
Warning: Equate pins:  cell sky130_fd_pr__cap_mim_m3_1 is a placeholder, treated as a black box.

Subcircuit pins:
Circuit 1: sky130_fd_pr__cap_mim_m3_1      |Circuit 2: sky130_fd_pr__cap_mim_m3_1      
-------------------------------------------|-------------------------------------------
1                                          |1                                          
2                                          |2                                          
---------------------------------------------------------------------------------------
Cell pin lists are equivalent.
Device classes sky130_fd_pr__cap_mim_m3_1 and sky130_fd_pr__cap_mim_m3_1 are equivalent.

Circuit 1 cell sky130_fd_pr__cap_mim_m3_2 and Circuit 2 cell sky130_fd_pr__cap_mim_m3_2 are black boxes.
Warning: Equate pins:  cell sky130_fd_pr__cap_mim_m3_2 is a placeholder, treated as a black box.
Warning: Equate pins:  cell sky130_fd_pr__cap_mim_m3_2 is a placeholder, treated as a black box.

Subcircuit pins:
Circuit 1: sky130_fd_pr__cap_mim_m3_2      |Circuit 2: sky130_fd_pr__cap_mim_m3_2      
-------------------------------------------|-------------------------------------------
1                                          |1                                          
2                                          |2                                          
---------------------------------------------------------------------------------------
Cell pin lists are equivalent.
Device classes sky130_fd_pr__cap_mim_m3_2 and sky130_fd_pr__cap_mim_m3_2 are equivalent.
Flattening unmatched subcell sky130_fd_pr__nfet_g5v0d10v5_N9BQ2J in circuit simple_analog_switch_2 (0)(1 instance)
Flattening unmatched subcell sky130_fd_pr__pfet_g5v0d10v5_KLJ6Y6 in circuit simple_analog_switch_2 (0)(1 instance)

Class simple_analog_switch_2 (0):  Merged 10 parallel devices.
Subcircuit summary:
Circuit 1: simple_analog_switch_2          |Circuit 2: simple_analog_switch_2          
-------------------------------------------|-------------------------------------------
sky130_fd_pr__nfet_g5v0d10v5 (4->1)        |sky130_fd_pr__nfet_g5v0d10v5 (1)           
sky130_fd_pr__pfet_g5v0d10v5 (8->1)        |sky130_fd_pr__pfet_g5v0d10v5 (1)           
Number of devices: 2                       |Number of devices: 2                       
Number of nets: 6                          |Number of nets: 6                          
---------------------------------------------------------------------------------------
Resolving symmetries by property value.
Resolving symmetries by pin name.
Netlists match uniquely.

Subcircuit pins:
Circuit 1: simple_analog_switch_2          |Circuit 2: simple_analog_switch_2          
-------------------------------------------|-------------------------------------------
on                                         |on                                         
vss                                        |vss                                        
off                                        |off                                        
vdd                                        |vdd                                        
out                                        |out                                        
in                                         |in                                         
---------------------------------------------------------------------------------------
Cell pin lists are equivalent.
Device classes simple_analog_switch_2 and simple_analog_switch_2 are equivalent.

Circuit 2 cell sky130_fd_sc_hvl__inv_2 is a black box; will not flatten Circuit 1
Class sky130_fd_sc_hvl__inv_2 (0):  Merged 2 parallel devices.
Warning: Equate pins:  cell sky130_fd_sc_hvl__inv_2 is a placeholder, treated as a black box.

Subcircuit pins:
Circuit 1: sky130_fd_sc_hvl__inv_2         |Circuit 2: sky130_fd_sc_hvl__inv_2         
-------------------------------------------|-------------------------------------------
(no matching pin)                          |1                                          
(no matching pin)                          |2                                          
(no matching pin)                          |3                                          
(no matching pin)                          |4                                          
(no matching pin)                          |5                                          
(no matching pin)                          |6                                          
A                                          |(no matching pin)                          
VGND                                       |(no matching pin)                          
VNB                                        |(no matching pin)                          
VPB                                        |(no matching pin)                          
VPWR                                       |(no matching pin)                          
Y                                          |(no matching pin)                          
---------------------------------------------------------------------------------------
Cell pin lists are equivalent.
Device classes sky130_fd_sc_hvl__inv_2 and sky130_fd_sc_hvl__inv_2 are equivalent.

Circuit 2 cell sky130_fd_sc_hvl__decap_8 is a black box; will not flatten Circuit 1
Class sky130_fd_sc_hvl__decap_8 (0):  Merged 2 parallel devices.
Warning: Equate pins:  cell sky130_fd_sc_hvl__decap_8 is a placeholder, treated as a black box.

Subcircuit pins:
Circuit 1: sky130_fd_sc_hvl__decap_8       |Circuit 2: sky130_fd_sc_hvl__decap_8       
-------------------------------------------|-------------------------------------------
(no matching pin)                          |1                                          
(no matching pin)                          |2                                          
(no matching pin)                          |3                                          
(no matching pin)                          |4                                          
VGND                                       |(no matching pin)                          
VNB                                        |(no matching pin)                          
VPB                                        |(no matching pin)                          
VPWR                                       |(no matching pin)                          
---------------------------------------------------------------------------------------
Cell pin lists are equivalent.
Device classes sky130_fd_sc_hvl__decap_8 and sky130_fd_sc_hvl__decap_8 are equivalent.

Circuit 2 cell sky130_fd_sc_hvl__nor2_1 is a black box; will not flatten Circuit 1
Warning: Equate pins:  cell sky130_fd_sc_hvl__nor2_1 is a placeholder, treated as a black box.

Subcircuit pins:
Circuit 1: sky130_fd_sc_hvl__nor2_1        |Circuit 2: sky130_fd_sc_hvl__nor2_1        
-------------------------------------------|-------------------------------------------
(no matching pin)                          |1                                          
(no matching pin)                          |2                                          
(no matching pin)                          |3                                          
(no matching pin)                          |4                                          
(no matching pin)                          |5                                          
(no matching pin)                          |6                                          
(no matching pin)                          |7                                          
A                                          |(no matching pin)                          
B                                          |(no matching pin)                          
VGND                                       |(no matching pin)                          
VNB                                        |(no matching pin)                          
VPB                                        |(no matching pin)                          
VPWR                                       |(no matching pin)                          
Y                                          |(no matching pin)                          
---------------------------------------------------------------------------------------
Cell pin lists are equivalent.
Device classes sky130_fd_sc_hvl__nor2_1 and sky130_fd_sc_hvl__nor2_1 are equivalent.
Flattening unmatched subcell sky130_fd_pr__pfet_g5v0d10v5_KLHCT5 in circuit simple_analog_switch (0)(1 instance)
Flattening unmatched subcell sky130_fd_pr__pfet_g5v0d10v5_KL97Y6 in circuit simple_analog_switch (0)(2 instances)
Flattening unmatched subcell sky130_fd_pr__nfet_g5v0d10v5_EJGQFX in circuit simple_analog_switch (0)(1 instance)
Flattening unmatched subcell sky130_fd_pr__nfet_g5v0d10v5_WSEQJ8 in circuit simple_analog_switch (0)(2 instances)

Class simple_analog_switch (0):  Merged 6 parallel devices.
Subcircuit summary:
Circuit 1: simple_analog_switch            |Circuit 2: simple_analog_switch            
-------------------------------------------|-------------------------------------------
sky130_fd_pr__pfet_g5v0d10v5 (8->3)        |sky130_fd_pr__pfet_g5v0d10v5 (3)           
sky130_fd_pr__nfet_g5v0d10v5 (4->3)        |sky130_fd_pr__nfet_g5v0d10v5 (3)           
Number of devices: 6                       |Number of devices: 6                       
Number of nets: 6                          |Number of nets: 6                          
---------------------------------------------------------------------------------------
Resolving symmetries by property value.
Resolving symmetries by pin name.
Netlists match uniquely.

Subcircuit pins:
Circuit 1: simple_analog_switch            |Circuit 2: simple_analog_switch            
-------------------------------------------|-------------------------------------------
on                                         |on                                         
vss                                        |vss                                        
off                                        |off                                        
vdd                                        |vdd                                        
in                                         |in                                         
out                                        |out                                        
---------------------------------------------------------------------------------------
Cell pin lists are equivalent.
Device classes simple_analog_switch and simple_analog_switch are equivalent.

Cell EF_AMUX21x (0) disconnected node: vdd1p8
Class EF_AMUX21x (0):  Merged 3 parallel devices.
Class EF_AMUX21x (1):  Merged 3 parallel devices.
Cell EF_AMUX21x (0) disconnected node: vdd1p8
Subcircuit summary:
Circuit 1: EF_AMUX21x                      |Circuit 2: EF_AMUX21x                      
-------------------------------------------|-------------------------------------------
simple_analog_switch_2 (3)                 |simple_analog_switch_2 (3)                 
sky130_fd_sc_hvl__inv_2 (5)                |sky130_fd_sc_hvl__inv_2 (5)                
sky130_fd_sc_hvl__decap_8 (4->1)           |sky130_fd_sc_hvl__decap_8 (4->1)           
sky130_fd_sc_hvl__nor2_1 (2)               |sky130_fd_sc_hvl__nor2_1 (2)               
Number of devices: 11                      |Number of devices: 11                      
Number of nets: 64                         |Number of nets: 64                         
---------------------------------------------------------------------------------------
NET mismatches: Class fragments follow (with fanout counts):
Circuit 1: EF_AMUX21x                      |Circuit 2: EF_AMUX21x                      

---------------------------------------------------------------------------------------
Net: dvss                                  |Net: dvss                                  
  sky130_fd_sc_hvl__inv_2/VGND = 5         |  sky130_fd_sc_hvl__inv_2/2 = 5            
  sky130_fd_sc_hvl__inv_2/VNB = 5          |  sky130_fd_sc_hvl__inv_2/3 = 5            
  sky130_fd_sc_hvl__decap_8/VGND = 1       |  sky130_fd_sc_hvl__nor2_1/3 = 2           
  sky130_fd_sc_hvl__decap_8/VNB = 1        |  sky130_fd_sc_hvl__nor2_1/4 = 2           
  sky130_fd_sc_hvl__nor2_1/VGND = 2        |  sky130_fd_sc_hvl__decap_8/1 = 1          
  sky130_fd_sc_hvl__nor2_1/VNB = 2         |  sky130_fd_sc_hvl__decap_8/2 = 1          
---------------------------------------------------------------------------------------

---------------------------------------------------------------------------------------
Net: vdd3p3                                |Net: vdd3p3                                
  simple_analog_switch_2/vdd = 3           |  simple_analog_switch_2/vdd = 3           
  sky130_fd_sc_hvl__inv_2/VPB = 5          |  sky130_fd_sc_hvl__inv_2/5 = 5            
  sky130_fd_sc_hvl__inv_2/VPWR = 5         |  sky130_fd_sc_hvl__inv_2/4 = 5            
  sky130_fd_sc_hvl__decap_8/VPB = 1        |  sky130_fd_sc_hvl__nor2_1/5 = 2           
  sky130_fd_sc_hvl__decap_8/VPWR = 1       |  sky130_fd_sc_hvl__nor2_1/6 = 2           
  sky130_fd_sc_hvl__nor2_1/VPB = 2         |  sky130_fd_sc_hvl__decap_8/3 = 1          
  sky130_fd_sc_hvl__nor2_1/VPWR = 2        |  sky130_fd_sc_hvl__decap_8/4 = 1          
---------------------------------------------------------------------------------------

---------------------------------------------------------------------------------------
Net: dummy_76                              |Net: dummy_76                              
  sky130_fd_sc_hvl__nor2_1/proxy7 = 1      |  sky130_fd_sc_hvl__nor2_1/proxyY = 1      
                                           |                                           
Net: dummy_75                              |Net: dummy_75                              
  sky130_fd_sc_hvl__nor2_1/proxy6 = 1      |  sky130_fd_sc_hvl__nor2_1/proxyVPWR = 1   
                                           |                                           
Net: dummy_74                              |Net: dummy_74                              
  sky130_fd_sc_hvl__nor2_1/proxy5 = 1      |  sky130_fd_sc_hvl__nor2_1/proxyVPB = 1    
                                           |                                           
Net: dummy_73                              |Net: dummy_73                              
  sky130_fd_sc_hvl__nor2_1/proxy4 = 1      |  sky130_fd_sc_hvl__nor2_1/proxyVNB = 1    
                                           |                                           
Net: dummy_72                              |Net: dummy_72                              
  sky130_fd_sc_hvl__nor2_1/proxy3 = 1      |  sky130_fd_sc_hvl__nor2_1/proxyVGND = 1   
                                           |                                           
Net: dummy_71                              |Net: dummy_71                              
  sky130_fd_sc_hvl__nor2_1/proxy2 = 1      |  sky130_fd_sc_hvl__nor2_1/proxyB = 1      
                                           |                                           
Net: dummy_70                              |Net: dummy_70                              
  sky130_fd_sc_hvl__nor2_1/proxy1 = 1      |  sky130_fd_sc_hvl__nor2_1/proxyA = 1      
                                           |                                           
Net: dummy_69                              |Net: dummy_69                              
  sky130_fd_sc_hvl__nor2_1/proxy7 = 1      |  sky130_fd_sc_hvl__nor2_1/proxyY = 1      
                                           |                                           
Net: dummy_68                              |Net: dummy_68                              
  sky130_fd_sc_hvl__nor2_1/proxy6 = 1      |  sky130_fd_sc_hvl__nor2_1/proxyVPWR = 1   
                                           |                                           
Net: dummy_67                              |Net: dummy_67                              
  sky130_fd_sc_hvl__nor2_1/proxy5 = 1      |  sky130_fd_sc_hvl__nor2_1/proxyVPB = 1    
                                           |                                           
Net: dummy_66                              |Net: dummy_66                              
  sky130_fd_sc_hvl__nor2_1/proxy4 = 1      |  sky130_fd_sc_hvl__nor2_1/proxyVNB = 1    
                                           |                                           
Net: dummy_65                              |Net: dummy_65                              
  sky130_fd_sc_hvl__nor2_1/proxy3 = 1      |  sky130_fd_sc_hvl__nor2_1/proxyVGND = 1   
                                           |                                           
Net: dummy_64                              |Net: dummy_64                              
  sky130_fd_sc_hvl__nor2_1/proxy2 = 1      |  sky130_fd_sc_hvl__nor2_1/proxyB = 1      
                                           |                                           
Net: dummy_63                              |Net: dummy_63                              
  sky130_fd_sc_hvl__nor2_1/proxy1 = 1      |  sky130_fd_sc_hvl__nor2_1/proxyA = 1      
                                           |                                           
Net: dummy_50                              |Net: dummy_50                              
  sky130_fd_sc_hvl__decap_8/proxy4 = 1     |  sky130_fd_sc_hvl__decap_8/proxyVPWR = 1  
                                           |                                           
Net: dummy_49                              |Net: dummy_49                              
  sky130_fd_sc_hvl__decap_8/proxy3 = 1     |  sky130_fd_sc_hvl__decap_8/proxyVPB = 1   
                                           |                                           
Net: dummy_48                              |Net: dummy_48                              
  sky130_fd_sc_hvl__decap_8/proxy2 = 1     |  sky130_fd_sc_hvl__decap_8/proxyVNB = 1   
                                           |                                           
Net: dummy_47                              |Net: dummy_47                              
  sky130_fd_sc_hvl__decap_8/proxy1 = 1     |  sky130_fd_sc_hvl__decap_8/proxyVGND = 1  
                                           |                                           
Net: dummy_46                              |Net: dummy_46                              
  sky130_fd_sc_hvl__inv_2/proxy6 = 1       |  sky130_fd_sc_hvl__inv_2/proxyY = 1       
                                           |                                           
Net: dummy_45                              |Net: dummy_45                              
  sky130_fd_sc_hvl__inv_2/proxy5 = 1       |  sky130_fd_sc_hvl__inv_2/proxyVPWR = 1    
                                           |                                           
Net: dummy_44                              |Net: dummy_44                              
  sky130_fd_sc_hvl__inv_2/proxy4 = 1       |  sky130_fd_sc_hvl__inv_2/proxyVPB = 1     
                                           |                                           
Net: dummy_43                              |Net: dummy_43                              
  sky130_fd_sc_hvl__inv_2/proxy3 = 1       |  sky130_fd_sc_hvl__inv_2/proxyVNB = 1     
                                           |                                           
Net: dummy_42                              |Net: dummy_42                              
  sky130_fd_sc_hvl__inv_2/proxy2 = 1       |  sky130_fd_sc_hvl__inv_2/proxyVGND = 1    
                                           |                                           
Net: dummy_41                              |Net: dummy_41                              
  sky130_fd_sc_hvl__inv_2/proxy1 = 1       |  sky130_fd_sc_hvl__inv_2/proxyA = 1       
                                           |                                           
Net: dummy_34                              |Net: dummy_34                              
  sky130_fd_sc_hvl__inv_2/proxy6 = 1       |  sky130_fd_sc_hvl__inv_2/proxyY = 1       
                                           |                                           
Net: dummy_33                              |Net: dummy_33                              
  sky130_fd_sc_hvl__inv_2/proxy5 = 1       |  sky130_fd_sc_hvl__inv_2/proxyVPWR = 1    
                                           |                                           
Net: dummy_32                              |Net: dummy_32                              
  sky130_fd_sc_hvl__inv_2/proxy4 = 1       |  sky130_fd_sc_hvl__inv_2/proxyVPB = 1     
                                           |                                           
Net: dummy_31                              |Net: dummy_31                              
  sky130_fd_sc_hvl__inv_2/proxy3 = 1       |  sky130_fd_sc_hvl__inv_2/proxyVNB = 1     
                                           |                                           
Net: dummy_30                              |Net: dummy_30                              
  sky130_fd_sc_hvl__inv_2/proxy2 = 1       |  sky130_fd_sc_hvl__inv_2/proxyVGND = 1    
                                           |                                           
Net: dummy_29                              |Net: dummy_29                              
  sky130_fd_sc_hvl__inv_2/proxy1 = 1       |  sky130_fd_sc_hvl__inv_2/proxyA = 1       
                                           |                                           
Net: dummy_28                              |Net: dummy_22                              
  sky130_fd_sc_hvl__inv_2/proxy6 = 1       |  sky130_fd_sc_hvl__inv_2/proxyY = 1       
                                           |                                           
Net: dummy_27                              |Net: dummy_21                              
  sky130_fd_sc_hvl__inv_2/proxy5 = 1       |  sky130_fd_sc_hvl__inv_2/proxyVPWR = 1    
                                           |                                           
Net: dummy_26                              |Net: dummy_20                              
  sky130_fd_sc_hvl__inv_2/proxy4 = 1       |  sky130_fd_sc_hvl__inv_2/proxyVPB = 1     
                                           |                                           
Net: dummy_25                              |Net: dummy_19                              
  sky130_fd_sc_hvl__inv_2/proxy3 = 1       |  sky130_fd_sc_hvl__inv_2/proxyVNB = 1     
                                           |                                           
Net: dummy_24                              |Net: dummy_18                              
  sky130_fd_sc_hvl__inv_2/proxy2 = 1       |  sky130_fd_sc_hvl__inv_2/proxyVGND = 1    
                                           |                                           
Net: dummy_23                              |Net: dummy_17                              
  sky130_fd_sc_hvl__inv_2/proxy1 = 1       |  sky130_fd_sc_hvl__inv_2/proxyA = 1       
---------------------------------------------------------------------------------------

---------------------------------------------------------------------------------------
Net: sky130_fd_sc_hvl__inv_2_2/Y           |Net: net4                                  
  sky130_fd_sc_hvl__inv_2/Y = 1            |  simple_analog_switch_2/on = 1            
  sky130_fd_sc_hvl__nor2_1/B = 1           |  sky130_fd_sc_hvl__inv_2/6 = 1            
                                           |                                           
Net: sky130_fd_sc_hvl__inv_2_5/Y           |Net: net1                                  
  simple_analog_switch_2/on = 1            |  sky130_fd_sc_hvl__inv_2/6 = 1            
  sky130_fd_sc_hvl__inv_2/Y = 1            |  sky130_fd_sc_hvl__nor2_1/2 = 1           
                                           |                                           
Net: sel                                   |Net: sel                                   
  sky130_fd_sc_hvl__inv_2/A = 1            |  sky130_fd_sc_hvl__inv_2/1 = 1            
  sky130_fd_sc_hvl__nor2_1/A = 1           |  sky130_fd_sc_hvl__nor2_1/1 = 1           
---------------------------------------------------------------------------------------

---------------------------------------------------------------------------------------
Net: selcm                                 |Net: selcm                                 
  sky130_fd_sc_hvl__inv_2/A = 1            |  sky130_fd_sc_hvl__inv_2/1 = 1            
  sky130_fd_sc_hvl__nor2_1/A = 1           |  sky130_fd_sc_hvl__nor2_1/1 = 1           
  sky130_fd_sc_hvl__nor2_1/B = 1           |  sky130_fd_sc_hvl__nor2_1/2 = 1           
                                           |                                           
Net: sky130_fd_sc_hvl__inv_2_5/A           |Net: selb                                  
  simple_analog_switch_2/off = 1           |  simple_analog_switch_2/on = 1            
  sky130_fd_sc_hvl__inv_2/Y = 1            |  sky130_fd_sc_hvl__inv_2/1 = 1            
  sky130_fd_sc_hvl__inv_2/A = 1            |  sky130_fd_sc_hvl__nor2_1/7 = 1           
                                           |                                           
Net: sky130_fd_sc_hvl__inv_2_0/A           |Net: net3                                  
  simple_analog_switch_2/on = 1            |  simple_analog_switch_2/off = 1           
  sky130_fd_sc_hvl__inv_2/A = 1            |  sky130_fd_sc_hvl__inv_2/6 = 1            
  sky130_fd_sc_hvl__nor2_1/Y = 1           |  sky130_fd_sc_hvl__inv_2/1 = 1            
                                           |                                           
Net: sky130_fd_sc_hvl__inv_2_3/A           |Net: selp                                  
  simple_analog_switch_2/on = 1            |  simple_analog_switch_2/on = 1            
  sky130_fd_sc_hvl__inv_2/A = 1            |  sky130_fd_sc_hvl__inv_2/1 = 1            
  sky130_fd_sc_hvl__nor2_1/Y = 1           |  sky130_fd_sc_hvl__nor2_1/7 = 1           
---------------------------------------------------------------------------------------

---------------------------------------------------------------------------------------
Net: vss                                   |Net: vss                                   
  simple_analog_switch_2/vss = 3           |  simple_analog_switch_2/vss = 3           
---------------------------------------------------------------------------------------

---------------------------------------------------------------------------------------
Net: vo                                    |Net: vo                                    
  simple_analog_switch_2/out = 3           |  simple_analog_switch_2/out = 3           
---------------------------------------------------------------------------------------
DEVICE mismatches: Class fragments follow (with node fanout counts):
Circuit 1: EF_AMUX21x                      |Circuit 2: EF_AMUX21x                      

---------------------------------------------------------------------------------------
Instance: sky130_fd_sc_hvl__nor2_1_1       |Instance: sky130_fd_sc_hvl__nor2_1:3       
  A = 2                                    |  proxyA = 1                               
  B = 3                                    |  proxyB = 1                               
  VGND = 16                                |  proxyVGND = 1                            
  VNB = 16                                 |  proxyVNB = 1                             
  VPB = 19                                 |  proxyVPB = 1                             
  VPWR = 19                                |  proxyVPWR = 1                            
  Y = 3                                    |  proxyY = 1                               
  proxy1 = 1                               |  1 = 2                                    
  proxy2 = 1                               |  2 = 3                                    
  proxy3 = 1                               |  3 = 16                                   
  proxy4 = 1                               |  4 = 16                                   
  proxy5 = 1                               |  5 = 19                                   
  proxy6 = 1                               |  6 = 19                                   
  proxy7 = 1                               |  7 = 3                                    
                                           |                                           
Instance: sky130_fd_sc_hvl__nor2_1_0       |Instance: sky130_fd_sc_hvl__nor2_1:1       
  A = 3                                    |  proxyA = 1                               
  B = 2                                    |  proxyB = 1                               
  VGND = 16                                |  proxyVGND = 1                            
  VNB = 16                                 |  proxyVNB = 1                             
  VPB = 19                                 |  proxyVPB = 1                             
  VPWR = 19                                |  proxyVPWR = 1                            
  Y = 3                                    |  proxyY = 1                               
  proxy1 = 1                               |  1 = 3                                    
  proxy2 = 1                               |  2 = 2                                    
  proxy3 = 1                               |  3 = 16                                   
  proxy4 = 1                               |  4 = 16                                   
  proxy5 = 1                               |  5 = 19                                   
  proxy6 = 1                               |  6 = 19                                   
  proxy7 = 1                               |  7 = 3                                    
---------------------------------------------------------------------------------------

---------------------------------------------------------------------------------------
Instance: sky130_fd_sc_hvl__decap_8_0      |Instance: sky130_fd_sc_hvl__decap_8:4[3]   
  VGND = 16                                |  proxyVGND = 1                            
  VNB = 16                                 |  proxyVNB = 1                             
  VPB = 19                                 |  proxyVPB = 1                             
  VPWR = 19                                |  proxyVPWR = 1                            
  proxy1 = 1                               |  1 = 16                                   
  proxy2 = 1                               |  2 = 16                                   
  proxy3 = 1                               |  3 = 19                                   
  proxy4 = 1                               |  4 = 19                                   
---------------------------------------------------------------------------------------

---------------------------------------------------------------------------------------
Instance: sky130_fd_sc_hvl__inv_2_5        |Instance: sky130_fd_sc_hvl__inv_2:10       
  A = 3                                    |  proxyA = 1                               
  VGND = 16                                |  proxyVGND = 1                            
  VNB = 16                                 |  proxyVNB = 1                             
  VPB = 19                                 |  proxyVPB = 1                             
  VPWR = 19                                |  proxyVPWR = 1                            
  Y = 2                                    |  proxyY = 1                               
  proxy1 = 1                               |  1 = 3                                    
  proxy2 = 1                               |  2 = 16                                   
  proxy3 = 1                               |  3 = 16                                   
  proxy4 = 1                               |  4 = 19                                   
  proxy5 = 1                               |  5 = 19                                   
  proxy6 = 1                               |  6 = 2                                    
                                           |                                           
Instance: sky130_fd_sc_hvl__inv_2_2        |Instance: sky130_fd_sc_hvl__inv_2:14       
  A = 2                                    |  proxyA = 1                               
  VGND = 16                                |  proxyVGND = 1                            
  VNB = 16                                 |  proxyVNB = 1                             
  VPB = 19                                 |  proxyVPB = 1                             
  VPWR = 19                                |  proxyVPWR = 1                            
  Y = 2                                    |  proxyY = 1                               
  proxy1 = 1                               |  1 = 3                                    
  proxy2 = 1                               |  2 = 16                                   
  proxy3 = 1                               |  3 = 16                                   
  proxy4 = 1                               |  4 = 19                                   
  proxy5 = 1                               |  5 = 19                                   
  proxy6 = 1                               |  6 = 3                                    
                                           |                                           
Instance: sky130_fd_sc_hvl__inv_2_1        |Instance: sky130_fd_sc_hvl__inv_2:2        
  A = 3                                    |  proxyA = 1                               
  VGND = 16                                |  proxyVGND = 1                            
  VNB = 16                                 |  proxyVNB = 1                             
  VPB = 19                                 |  proxyVPB = 1                             
  VPWR = 19                                |  proxyVPWR = 1                            
  Y = 3                                    |  proxyY = 1                               
  proxy1 = 1                               |  1 = 2                                    
  proxy2 = 1                               |  2 = 16                                   
  proxy3 = 1                               |  3 = 16                                   
  proxy4 = 1                               |  4 = 19                                   
  proxy5 = 1                               |  5 = 19                                   
  proxy6 = 1                               |  6 = 2                                    
---------------------------------------------------------------------------------------
Netlists do not match.
  Flattening non-matched subcircuits EF_AMUX21x EF_AMUX21x

Circuit 2 cell sky130_fd_sc_hvl__decap_4 is a black box; will not flatten Circuit 1
Warning: Equate pins:  cell sky130_fd_sc_hvl__decap_4 is a placeholder, treated as a black box.

Subcircuit pins:
Circuit 1: sky130_fd_sc_hvl__decap_4       |Circuit 2: sky130_fd_sc_hvl__decap_4       
-------------------------------------------|-------------------------------------------
(no matching pin)                          |1                                          
(no matching pin)                          |2                                          
(no matching pin)                          |3                                          
(no matching pin)                          |4                                          
VGND                                       |(no matching pin)                          
VNB                                        |(no matching pin)                          
VPB                                        |(no matching pin)                          
VPWR                                       |(no matching pin)                          
---------------------------------------------------------------------------------------
Cell pin lists are equivalent.
Device classes sky130_fd_sc_hvl__decap_4 and sky130_fd_sc_hvl__decap_4 are equivalent.

Circuit 2 cell sky130_fd_sc_hvl__diode_2 is a black box; will not flatten Circuit 1
Warning: Equate pins:  cell sky130_fd_sc_hvl__diode_2 is a placeholder, treated as a black box.

Subcircuit pins:
Circuit 1: sky130_fd_sc_hvl__diode_2       |Circuit 2: sky130_fd_sc_hvl__diode_2       
-------------------------------------------|-------------------------------------------
(no matching pin)                          |1                                          
(no matching pin)                          |2                                          
(no matching pin)                          |3                                          
(no matching pin)                          |4                                          
(no matching pin)                          |5                                          
DIODE                                      |(no matching pin)                          
VGND                                       |(no matching pin)                          
VNB                                        |(no matching pin)                          
VPB                                        |(no matching pin)                          
VPWR                                       |(no matching pin)                          
---------------------------------------------------------------------------------------
Cell pin lists are equivalent.
Device classes sky130_fd_sc_hvl__diode_2 and sky130_fd_sc_hvl__diode_2 are equivalent.

Circuit 2 cell sky130_fd_sc_hvl__lsbuflv2hv_1 is a black box; will not flatten Circuit 1
Class sky130_fd_sc_hvl__lsbuflv2hv_1 (0):  Merged 8 parallel devices.
Warning: Equate pins:  cell sky130_fd_sc_hvl__lsbuflv2hv_1 is a placeholder, treated as a black box.

Subcircuit pins:
Circuit 1: sky130_fd_sc_hvl__lsbuflv2hv_1  |Circuit 2: sky130_fd_sc_hvl__lsbuflv2hv_1  
-------------------------------------------|-------------------------------------------
(no matching pin)                          |1                                          
(no matching pin)                          |2                                          
(no matching pin)                          |3                                          
(no matching pin)                          |4                                          
(no matching pin)                          |5                                          
(no matching pin)                          |6                                          
(no matching pin)                          |7                                          
A                                          |(no matching pin)                          
LVPWR                                      |(no matching pin)                          
VGND                                       |(no matching pin)                          
VNB                                        |(no matching pin)                          
VPB                                        |(no matching pin)                          
VPWR                                       |(no matching pin)                          
X                                          |(no matching pin)                          
---------------------------------------------------------------------------------------
Cell pin lists are equivalent.
Device classes sky130_fd_sc_hvl__lsbuflv2hv_1 and sky130_fd_sc_hvl__lsbuflv2hv_1 are equivalent.

Cell EF_SW_RST (0) disconnected node: DVDD
Cell EF_SW_RST (0) disconnected node: DVSS
Cell EF_SW_RST (0) disconnected node: m3_2464_n194#
Cell EF_SW_RST (0) disconnected node: m3_1864_n2876#
Cell EF_SW_RST (1) disconnected node: DVSS
Subcircuit summary:
Circuit 1: EF_SW_RST                       |Circuit 2: EF_SW_RST                       
-------------------------------------------|-------------------------------------------
simple_analog_switch (2)                   |simple_analog_switch (2)                   
Number of devices: 2                       |Number of devices: 2                       
Number of nets: 7                          |Number of nets: 7                          
---------------------------------------------------------------------------------------
Netlists match uniquely with port errors.

Subcircuit pins:
Circuit 1: EF_SW_RST                       |Circuit 2: EF_SW_RST                       
-------------------------------------------|-------------------------------------------
VP1                                        |VP1                                        
VP2                                        |VP2                                        
HOLDB                                      |HOLDB                                      
HOLD                                       |HOLD                                       
AVSS                                       |AVSS                                       
VIN                                        |VIN                                        
AVDD                                       |AVDD                                       
DVSS                                       |DVSS                                       
DVDD                                       |(no matching pin)                          
m3_2464_n194#                              |(no matching pin)                          
m3_1864_n2876#                             |(no matching pin)                          
---------------------------------------------------------------------------------------
Cell pin lists are equivalent.
Device classes EF_SW_RST and EF_SW_RST are equivalent.
  Flattening non-matched subcircuits EF_SW_RST EF_SW_RST

Cell EF_AMUX0201_ARRAY1 (0) disconnected node: DVDD
Class EF_AMUX0201_ARRAY1 (0):  Merged 11 parallel devices.
Class EF_AMUX0201_ARRAY1 (1):  Merged 11 parallel devices.
Cell EF_AMUX0201_ARRAY1 (0) disconnected node: DVDD
Subcircuit summary:
Circuit 1: EF_AMUX0201_ARRAY1              |Circuit 2: EF_AMUX0201_ARRAY1              
-------------------------------------------|-------------------------------------------
simple_analog_switch_2 (36)                |simple_analog_switch_2 (36)                
sky130_fd_sc_hvl__inv_2 (60)               |sky130_fd_sc_hvl__inv_2 (60)               
sky130_fd_sc_hvl__decap_8 (48->1)          |sky130_fd_sc_hvl__decap_8 (48->1)          
sky130_fd_sc_hvl__nor2_1 (24)              |sky130_fd_sc_hvl__nor2_1 (24)              
Number of devices: 121                     |Number of devices: 121                     
Number of nets: 648 **Mismatch**           |Number of nets: 647 **Mismatch**           
---------------------------------------------------------------------------------------
NET mismatches: Class fragments follow (with fanout counts):
Circuit 1: EF_AMUX0201_ARRAY1              |Circuit 2: EF_AMUX0201_ARRAY1              

---------------------------------------------------------------------------------------
(no matching net)                          |Net: RST                                   
                                           |  sky130_fd_sc_hvl__inv_2/1 = 12           
                                           |  sky130_fd_sc_hvl__nor2_1/1 = 12          
                                           |  sky130_fd_sc_hvl__nor2_1/2 = 12          
---------------------------------------------------------------------------------------

---------------------------------------------------------------------------------------
Net: /EF_AMUX21x_1/dummy_76                |Net: EF_AMUX21x:7/dummy_76                 
  sky130_fd_sc_hvl__nor2_1/proxy7 = 1      |  sky130_fd_sc_hvl__nor2_1/proxyY = 1      
                                           |                                           
Net: /EF_AMUX21x_0/dummy_76                |Net: EF_AMUX21x:6/dummy_76                 
  sky130_fd_sc_hvl__nor2_1/proxy7 = 1      |  sky130_fd_sc_hvl__nor2_1/proxyY = 1      
                                           |                                           
Net: EF_AMUX21x:x12/dummy_76               |Net: EF_AMUX21x:12/dummy_76                
  sky130_fd_sc_hvl__nor2_1/proxy7 = 1      |  sky130_fd_sc_hvl__nor2_1/proxyY = 1      
                                           |                                           
Net: EF_AMUX21x:x11/dummy_76               |Net: EF_AMUX21x:11/dummy_76                
  sky130_fd_sc_hvl__nor2_1/proxy7 = 1      |  sky130_fd_sc_hvl__nor2_1/proxyY = 1      
                                           |                                           
Net: EF_AMUX21x:x10/dummy_76               |Net: EF_AMUX21x:10/dummy_76                
  sky130_fd_sc_hvl__nor2_1/proxy7 = 1      |  sky130_fd_sc_hvl__nor2_1/proxyY = 1      
                                           |                                           
Net: EF_AMUX21x:x9/dummy_76                |Net: EF_AMUX21x:9/dummy_76                 
  sky130_fd_sc_hvl__nor2_1/proxy7 = 1      |  sky130_fd_sc_hvl__nor2_1/proxyY = 1      
                                           |                                           
Net: EF_AMUX21x:x8/dummy_76                |Net: EF_AMUX21x:8/dummy_76                 
  sky130_fd_sc_hvl__nor2_1/proxy7 = 1      |  sky130_fd_sc_hvl__nor2_1/proxyY = 1      
                                           |                                           
Net: EF_AMUX21x:x5/dummy_76                |Net: EF_AMUX21x:5/dummy_76                 
  sky130_fd_sc_hvl__nor2_1/proxy7 = 1      |  sky130_fd_sc_hvl__nor2_1/proxyY = 1      
                                           |                                           
Net: EF_AMUX21x:x4/dummy_76                |Net: EF_AMUX21x:4/dummy_76                 
  sky130_fd_sc_hvl__nor2_1/proxy7 = 1      |  sky130_fd_sc_hvl__nor2_1/proxyY = 1      
                                           |                                           
Net: EF_AMUX21x:x2/dummy_76                |Net: EF_AMUX21x:3/dummy_76                 
  sky130_fd_sc_hvl__nor2_1/proxy7 = 1      |  sky130_fd_sc_hvl__nor2_1/proxyY = 1      
                                           |                                           
Net: EF_AMUX21x:x3/dummy_76                |Net: EF_AMUX21x:1/dummy_76                 
  sky130_fd_sc_hvl__nor2_1/proxy7 = 1      |  sky130_fd_sc_hvl__nor2_1/proxyY = 1      
                                           |                                           
Net: EF_AMUX21x:x1/dummy_76                |Net: EF_AMUX21x:2/dummy_76                 
  sky130_fd_sc_hvl__nor2_1/proxy7 = 1      |  sky130_fd_sc_hvl__nor2_1/proxyY = 1      
                                           |                                           
Net: /EF_AMUX21x_1/dummy_75                |Net: EF_AMUX21x:7/dummy_75                 
  sky130_fd_sc_hvl__nor2_1/proxy6 = 1      |  sky130_fd_sc_hvl__nor2_1/proxyVPWR = 1   
                                           |                                           
Net: /EF_AMUX21x_0/dummy_75                |Net: EF_AMUX21x:6/dummy_75                 
  sky130_fd_sc_hvl__nor2_1/proxy6 = 1      |  sky130_fd_sc_hvl__nor2_1/proxyVPWR = 1   
                                           |                                           
Net: EF_AMUX21x:x12/dummy_75               |Net: EF_AMUX21x:12/dummy_75                
  sky130_fd_sc_hvl__nor2_1/proxy6 = 1      |  sky130_fd_sc_hvl__nor2_1/proxyVPWR = 1   
                                           |                                           
Net: EF_AMUX21x:x11/dummy_75               |Net: EF_AMUX21x:11/dummy_75                
  sky130_fd_sc_hvl__nor2_1/proxy6 = 1      |  sky130_fd_sc_hvl__nor2_1/proxyVPWR = 1   
                                           |                                           
Net: EF_AMUX21x:x10/dummy_75               |Net: EF_AMUX21x:10/dummy_75                
  sky130_fd_sc_hvl__nor2_1/proxy6 = 1      |  sky130_fd_sc_hvl__nor2_1/proxyVPWR = 1   
                                           |                                           
Net: EF_AMUX21x:x9/dummy_75                |Net: EF_AMUX21x:9/dummy_75                 
  sky130_fd_sc_hvl__nor2_1/proxy6 = 1      |  sky130_fd_sc_hvl__nor2_1/proxyVPWR = 1   
                                           |                                           
Net: EF_AMUX21x:x8/dummy_75                |Net: EF_AMUX21x:8/dummy_75                 
  sky130_fd_sc_hvl__nor2_1/proxy6 = 1      |  sky130_fd_sc_hvl__nor2_1/proxyVPWR = 1   
                                           |                                           
Net: EF_AMUX21x:x5/dummy_75                |Net: EF_AMUX21x:5/dummy_75                 
  sky130_fd_sc_hvl__nor2_1/proxy6 = 1      |  sky130_fd_sc_hvl__nor2_1/proxyVPWR = 1   
                                           |                                           
Net: EF_AMUX21x:x4/dummy_75                |Net: EF_AMUX21x:4/dummy_75                 
  sky130_fd_sc_hvl__nor2_1/proxy6 = 1      |  sky130_fd_sc_hvl__nor2_1/proxyVPWR = 1   
                                           |                                           
Net: EF_AMUX21x:x2/dummy_75                |Net: EF_AMUX21x:3/dummy_75                 
  sky130_fd_sc_hvl__nor2_1/proxy6 = 1      |  sky130_fd_sc_hvl__nor2_1/proxyVPWR = 1   
                                           |                                           
Net: EF_AMUX21x:x3/dummy_75                |Net: EF_AMUX21x:1/dummy_75                 
  sky130_fd_sc_hvl__nor2_1/proxy6 = 1      |  sky130_fd_sc_hvl__nor2_1/proxyVPWR = 1   
                                           |                                           
Net: EF_AMUX21x:x1/dummy_75                |Net: EF_AMUX21x:2/dummy_75                 
  sky130_fd_sc_hvl__nor2_1/proxy6 = 1      |  sky130_fd_sc_hvl__nor2_1/proxyVPWR = 1   
                                           |                                           
Net: /EF_AMUX21x_1/dummy_74                |Net: EF_AMUX21x:7/dummy_74                 
  sky130_fd_sc_hvl__nor2_1/proxy5 = 1      |  sky130_fd_sc_hvl__nor2_1/proxyVPB = 1    
                                           |                                           
Net: /EF_AMUX21x_0/dummy_74                |Net: EF_AMUX21x:6/dummy_74                 
  sky130_fd_sc_hvl__nor2_1/proxy5 = 1      |  sky130_fd_sc_hvl__nor2_1/proxyVPB = 1    
                                           |                                           
Net: EF_AMUX21x:x12/dummy_74               |Net: EF_AMUX21x:12/dummy_74                
  sky130_fd_sc_hvl__nor2_1/proxy5 = 1      |  sky130_fd_sc_hvl__nor2_1/proxyVPB = 1    
                                           |                                           
Net: EF_AMUX21x:x11/dummy_74               |Net: EF_AMUX21x:11/dummy_74                
  sky130_fd_sc_hvl__nor2_1/proxy5 = 1      |  sky130_fd_sc_hvl__nor2_1/proxyVPB = 1    
                                           |                                           
Net: EF_AMUX21x:x10/dummy_74               |Net: EF_AMUX21x:10/dummy_74                
  sky130_fd_sc_hvl__nor2_1/proxy5 = 1      |  sky130_fd_sc_hvl__nor2_1/proxyVPB = 1    
                                           |                                           
Net: EF_AMUX21x:x9/dummy_74                |Net: EF_AMUX21x:9/dummy_74                 
  sky130_fd_sc_hvl__nor2_1/proxy5 = 1      |  sky130_fd_sc_hvl__nor2_1/proxyVPB = 1    
                                           |                                           
Net: EF_AMUX21x:x8/dummy_74                |Net: EF_AMUX21x:8/dummy_74                 
  sky130_fd_sc_hvl__nor2_1/proxy5 = 1      |  sky130_fd_sc_hvl__nor2_1/proxyVPB = 1    
                                           |                                           
Net: EF_AMUX21x:x5/dummy_74                |Net: EF_AMUX21x:5/dummy_74                 
  sky130_fd_sc_hvl__nor2_1/proxy5 = 1      |  sky130_fd_sc_hvl__nor2_1/proxyVPB = 1    
                                           |                                           
Net: EF_AMUX21x:x4/dummy_74                |Net: EF_AMUX21x:4/dummy_74                 
  sky130_fd_sc_hvl__nor2_1/proxy5 = 1      |  sky130_fd_sc_hvl__nor2_1/proxyVPB = 1    
                                           |                                           
Net: EF_AMUX21x:x2/dummy_74                |Net: EF_AMUX21x:3/dummy_74                 
  sky130_fd_sc_hvl__nor2_1/proxy5 = 1      |  sky130_fd_sc_hvl__nor2_1/proxyVPB = 1    
                                           |                                           
Net: EF_AMUX21x:x3/dummy_74                |Net: EF_AMUX21x:1/dummy_74                 
  sky130_fd_sc_hvl__nor2_1/proxy5 = 1      |  sky130_fd_sc_hvl__nor2_1/proxyVPB = 1    
                                           |                                           
Net: EF_AMUX21x:x1/dummy_74                |Net: EF_AMUX21x:2/dummy_74                 
  sky130_fd_sc_hvl__nor2_1/proxy5 = 1      |  sky130_fd_sc_hvl__nor2_1/proxyVPB = 1    
                                           |                                           
Net: /EF_AMUX21x_1/dummy_73                |Net: EF_AMUX21x:7/dummy_73                 
  sky130_fd_sc_hvl__nor2_1/proxy4 = 1      |  sky130_fd_sc_hvl__nor2_1/proxyVNB = 1    
                                           |                                           
Net: /EF_AMUX21x_0/dummy_73                |Net: EF_AMUX21x:6/dummy_73                 
  sky130_fd_sc_hvl__nor2_1/proxy4 = 1      |  sky130_fd_sc_hvl__nor2_1/proxyVNB = 1    
                                           |                                           
Net: EF_AMUX21x:x12/dummy_73               |Net: EF_AMUX21x:12/dummy_73                
  sky130_fd_sc_hvl__nor2_1/proxy4 = 1      |  sky130_fd_sc_hvl__nor2_1/proxyVNB = 1    
                                           |                                           
Net: EF_AMUX21x:x11/dummy_73               |Net: EF_AMUX21x:11/dummy_73                
  sky130_fd_sc_hvl__nor2_1/proxy4 = 1      |  sky130_fd_sc_hvl__nor2_1/proxyVNB = 1    
                                           |                                           
Net: EF_AMUX21x:x10/dummy_73               |Net: EF_AMUX21x:10/dummy_73                
  sky130_fd_sc_hvl__nor2_1/proxy4 = 1      |  sky130_fd_sc_hvl__nor2_1/proxyVNB = 1    
                                           |                                           
Net: EF_AMUX21x:x9/dummy_73                |Net: EF_AMUX21x:9/dummy_73                 
  sky130_fd_sc_hvl__nor2_1/proxy4 = 1      |  sky130_fd_sc_hvl__nor2_1/proxyVNB = 1    
                                           |                                           
Net: EF_AMUX21x:x8/dummy_73                |Net: EF_AMUX21x:8/dummy_73                 
  sky130_fd_sc_hvl__nor2_1/proxy4 = 1      |  sky130_fd_sc_hvl__nor2_1/proxyVNB = 1    
                                           |                                           
Net: EF_AMUX21x:x5/dummy_73                |Net: EF_AMUX21x:5/dummy_73                 
  sky130_fd_sc_hvl__nor2_1/proxy4 = 1      |  sky130_fd_sc_hvl__nor2_1/proxyVNB = 1    
                                           |                                           
Net: EF_AMUX21x:x4/dummy_73                |Net: EF_AMUX21x:4/dummy_73                 
  sky130_fd_sc_hvl__nor2_1/proxy4 = 1      |  sky130_fd_sc_hvl__nor2_1/proxyVNB = 1    
                                           |                                           
Net: EF_AMUX21x:x2/dummy_73                |Net: EF_AMUX21x:3/dummy_73                 
  sky130_fd_sc_hvl__nor2_1/proxy4 = 1      |  sky130_fd_sc_hvl__nor2_1/proxyVNB = 1    
                                           |                                           
Net: EF_AMUX21x:x3/dummy_73                |Net: EF_AMUX21x:1/dummy_73                 
  sky130_fd_sc_hvl__nor2_1/proxy4 = 1      |  sky130_fd_sc_hvl__nor2_1/proxyVNB = 1    
                                           |                                           
Net: EF_AMUX21x:x1/dummy_73                |Net: EF_AMUX21x:2/dummy_73                 
  sky130_fd_sc_hvl__nor2_1/proxy4 = 1      |  sky130_fd_sc_hvl__nor2_1/proxyVNB = 1    
                                           |                                           
Net: /EF_AMUX21x_1/dummy_72                |Net: EF_AMUX21x:7/dummy_72                 
  sky130_fd_sc_hvl__nor2_1/proxy3 = 1      |  sky130_fd_sc_hvl__nor2_1/proxyVGND = 1   
                                           |                                           
Net: /EF_AMUX21x_0/dummy_72                |Net: EF_AMUX21x:6/dummy_72                 
  sky130_fd_sc_hvl__nor2_1/proxy3 = 1      |  sky130_fd_sc_hvl__nor2_1/proxyVGND = 1   
                                           |                                           
Net: EF_AMUX21x:x12/dummy_72               |Net: EF_AMUX21x:12/dummy_72                
  sky130_fd_sc_hvl__nor2_1/proxy3 = 1      |  sky130_fd_sc_hvl__nor2_1/proxyVGND = 1   
                                           |                                           
Net: EF_AMUX21x:x11/dummy_72               |Net: EF_AMUX21x:11/dummy_72                
  sky130_fd_sc_hvl__nor2_1/proxy3 = 1      |  sky130_fd_sc_hvl__nor2_1/proxyVGND = 1   
                                           |                                           
Net: EF_AMUX21x:x10/dummy_72               |Net: EF_AMUX21x:10/dummy_72                
  sky130_fd_sc_hvl__nor2_1/proxy3 = 1      |  sky130_fd_sc_hvl__nor2_1/proxyVGND = 1   
                                           |                                           
Net: EF_AMUX21x:x9/dummy_72                |Net: EF_AMUX21x:9/dummy_72                 
  sky130_fd_sc_hvl__nor2_1/proxy3 = 1      |  sky130_fd_sc_hvl__nor2_1/proxyVGND = 1   
                                           |                                           
Net: EF_AMUX21x:x8/dummy_72                |Net: EF_AMUX21x:8/dummy_72                 
  sky130_fd_sc_hvl__nor2_1/proxy3 = 1      |  sky130_fd_sc_hvl__nor2_1/proxyVGND = 1   
                                           |                                           
Net: EF_AMUX21x:x5/dummy_72                |Net: EF_AMUX21x:5/dummy_72                 
  sky130_fd_sc_hvl__nor2_1/proxy3 = 1      |  sky130_fd_sc_hvl__nor2_1/proxyVGND = 1   
                                           |                                           
Net: EF_AMUX21x:x4/dummy_72                |Net: EF_AMUX21x:4/dummy_72                 
  sky130_fd_sc_hvl__nor2_1/proxy3 = 1      |  sky130_fd_sc_hvl__nor2_1/proxyVGND = 1   
                                           |                                           
Net: EF_AMUX21x:x2/dummy_72                |Net: EF_AMUX21x:3/dummy_72                 
  sky130_fd_sc_hvl__nor2_1/proxy3 = 1      |  sky130_fd_sc_hvl__nor2_1/proxyVGND = 1   
                                           |                                           
Net: EF_AMUX21x:x3/dummy_72                |Net: EF_AMUX21x:1/dummy_72                 
  sky130_fd_sc_hvl__nor2_1/proxy3 = 1      |  sky130_fd_sc_hvl__nor2_1/proxyVGND = 1   
                                           |                                           
Net: EF_AMUX21x:x1/dummy_72                |Net: EF_AMUX21x:2/dummy_72                 
  sky130_fd_sc_hvl__nor2_1/proxy3 = 1      |  sky130_fd_sc_hvl__nor2_1/proxyVGND = 1   
                                           |                                           
Net: /EF_AMUX21x_1/dummy_71                |Net: EF_AMUX21x:7/dummy_71                 
  sky130_fd_sc_hvl__nor2_1/proxy2 = 1      |  sky130_fd_sc_hvl__nor2_1/proxyB = 1      
                                           |                                           
Net: /EF_AMUX21x_0/dummy_71                |Net: EF_AMUX21x:6/dummy_71                 
  sky130_fd_sc_hvl__nor2_1/proxy2 = 1      |  sky130_fd_sc_hvl__nor2_1/proxyB = 1      
                                           |                                           
Net: EF_AMUX21x:x12/dummy_71               |Net: EF_AMUX21x:12/dummy_71                
  sky130_fd_sc_hvl__nor2_1/proxy2 = 1      |  sky130_fd_sc_hvl__nor2_1/proxyB = 1      
                                           |                                           
Net: EF_AMUX21x:x11/dummy_71               |Net: EF_AMUX21x:11/dummy_71                
  sky130_fd_sc_hvl__nor2_1/proxy2 = 1      |  sky130_fd_sc_hvl__nor2_1/proxyB = 1      
                                           |                                           
Net: EF_AMUX21x:x10/dummy_71               |Net: EF_AMUX21x:10/dummy_71                
  sky130_fd_sc_hvl__nor2_1/proxy2 = 1      |  sky130_fd_sc_hvl__nor2_1/proxyB = 1      
                                           |                                           
Net: EF_AMUX21x:x9/dummy_71                |Net: EF_AMUX21x:9/dummy_71                 
  sky130_fd_sc_hvl__nor2_1/proxy2 = 1      |  sky130_fd_sc_hvl__nor2_1/proxyB = 1      
                                           |                                           
Net: EF_AMUX21x:x8/dummy_71                |Net: EF_AMUX21x:8/dummy_71                 
  sky130_fd_sc_hvl__nor2_1/proxy2 = 1      |  sky130_fd_sc_hvl__nor2_1/proxyB = 1      
                                           |                                           
Net: EF_AMUX21x:x5/dummy_71                |Net: EF_AMUX21x:5/dummy_71                 
  sky130_fd_sc_hvl__nor2_1/proxy2 = 1      |  sky130_fd_sc_hvl__nor2_1/proxyB = 1      
                                           |                                           
Net: EF_AMUX21x:x4/dummy_71                |Net: EF_AMUX21x:4/dummy_71                 
  sky130_fd_sc_hvl__nor2_1/proxy2 = 1      |  sky130_fd_sc_hvl__nor2_1/proxyB = 1      
                                           |                                           
Net: EF_AMUX21x:x2/dummy_71                |Net: EF_AMUX21x:3/dummy_71                 
  sky130_fd_sc_hvl__nor2_1/proxy2 = 1      |  sky130_fd_sc_hvl__nor2_1/proxyB = 1      
                                           |                                           
Net: EF_AMUX21x:x3/dummy_71                |Net: EF_AMUX21x:1/dummy_71                 
  sky130_fd_sc_hvl__nor2_1/proxy2 = 1      |  sky130_fd_sc_hvl__nor2_1/proxyB = 1      
                                           |                                           
Net: EF_AMUX21x:x1/dummy_71                |Net: EF_AMUX21x:2/dummy_71                 
  sky130_fd_sc_hvl__nor2_1/proxy2 = 1      |  sky130_fd_sc_hvl__nor2_1/proxyB = 1      
                                           |                                           
Net: /EF_AMUX21x_1/dummy_70                |Net: EF_AMUX21x:7/dummy_70                 
  sky130_fd_sc_hvl__nor2_1/proxy1 = 1      |  sky130_fd_sc_hvl__nor2_1/proxyA = 1      
                                           |                                           
Net: /EF_AMUX21x_0/dummy_70                |Net: EF_AMUX21x:6/dummy_70                 
  sky130_fd_sc_hvl__nor2_1/proxy1 = 1      |  sky130_fd_sc_hvl__nor2_1/proxyA = 1      
                                           |                                           
Net: EF_AMUX21x:x12/dummy_70               |Net: EF_AMUX21x:12/dummy_70                
  sky130_fd_sc_hvl__nor2_1/proxy1 = 1      |  sky130_fd_sc_hvl__nor2_1/proxyA = 1      
                                           |                                           
Net: EF_AMUX21x:x11/dummy_70               |Net: EF_AMUX21x:11/dummy_70                
  sky130_fd_sc_hvl__nor2_1/proxy1 = 1      |  sky130_fd_sc_hvl__nor2_1/proxyA = 1      
                                           |                                           
Net: EF_AMUX21x:x10/dummy_70               |Net: EF_AMUX21x:10/dummy_70                
  sky130_fd_sc_hvl__nor2_1/proxy1 = 1      |  sky130_fd_sc_hvl__nor2_1/proxyA = 1      
                                           |                                           
Net: EF_AMUX21x:x9/dummy_70                |Net: EF_AMUX21x:9/dummy_70                 
  sky130_fd_sc_hvl__nor2_1/proxy1 = 1      |  sky130_fd_sc_hvl__nor2_1/proxyA = 1      
                                           |                                           
Net: EF_AMUX21x:x8/dummy_70                |Net: EF_AMUX21x:8/dummy_70                 
  sky130_fd_sc_hvl__nor2_1/proxy1 = 1      |  sky130_fd_sc_hvl__nor2_1/proxyA = 1      
                                           |                                           
Net: EF_AMUX21x:x5/dummy_70                |Net: EF_AMUX21x:5/dummy_70                 
  sky130_fd_sc_hvl__nor2_1/proxy1 = 1      |  sky130_fd_sc_hvl__nor2_1/proxyA = 1      
                                           |                                           
Net: EF_AMUX21x:x4/dummy_70                |Net: EF_AMUX21x:4/dummy_70                 
  sky130_fd_sc_hvl__nor2_1/proxy1 = 1      |  sky130_fd_sc_hvl__nor2_1/proxyA = 1      
                                           |                                           
Net: EF_AMUX21x:x2/dummy_70                |Net: EF_AMUX21x:3/dummy_70                 
  sky130_fd_sc_hvl__nor2_1/proxy1 = 1      |  sky130_fd_sc_hvl__nor2_1/proxyA = 1      
                                           |                                           
Net: EF_AMUX21x:x3/dummy_70                |Net: EF_AMUX21x:1/dummy_70                 
  sky130_fd_sc_hvl__nor2_1/proxy1 = 1      |  sky130_fd_sc_hvl__nor2_1/proxyA = 1      
                                           |                                           
Net: EF_AMUX21x:x1/dummy_70                |Net: EF_AMUX21x:2/dummy_70                 
  sky130_fd_sc_hvl__nor2_1/proxy1 = 1      |  sky130_fd_sc_hvl__nor2_1/proxyA = 1      
                                           |                                           
Net: /EF_AMUX21x_1/dummy_69                |Net: EF_AMUX21x:7/dummy_69                 
  sky130_fd_sc_hvl__nor2_1/proxy7 = 1      |  sky130_fd_sc_hvl__nor2_1/proxyY = 1      
                                           |                                           
Net: /EF_AMUX21x_0/dummy_69                |Net: EF_AMUX21x:6/dummy_69                 
  sky130_fd_sc_hvl__nor2_1/proxy7 = 1      |  sky130_fd_sc_hvl__nor2_1/proxyY = 1      
                                           |                                           
Net: EF_AMUX21x:x12/dummy_69               |Net: EF_AMUX21x:12/dummy_69                
  sky130_fd_sc_hvl__nor2_1/proxy7 = 1      |  sky130_fd_sc_hvl__nor2_1/proxyY = 1      
                                           |                                           
Net: EF_AMUX21x:x11/dummy_69               |Net: EF_AMUX21x:11/dummy_69                
  sky130_fd_sc_hvl__nor2_1/proxy7 = 1      |  sky130_fd_sc_hvl__nor2_1/proxyY = 1      
                                           |                                           
Net: EF_AMUX21x:x10/dummy_69               |Net: EF_AMUX21x:10/dummy_69                
  sky130_fd_sc_hvl__nor2_1/proxy7 = 1      |  sky130_fd_sc_hvl__nor2_1/proxyY = 1      
                                           |                                           
Net: EF_AMUX21x:x9/dummy_69                |Net: EF_AMUX21x:9/dummy_69                 
  sky130_fd_sc_hvl__nor2_1/proxy7 = 1      |  sky130_fd_sc_hvl__nor2_1/proxyY = 1      
                                           |                                           
Net: EF_AMUX21x:x8/dummy_69                |Net: EF_AMUX21x:8/dummy_69                 
  sky130_fd_sc_hvl__nor2_1/proxy7 = 1      |  sky130_fd_sc_hvl__nor2_1/proxyY = 1      
                                           |                                           
Net: EF_AMUX21x:x5/dummy_69                |Net: EF_AMUX21x:5/dummy_69                 
  sky130_fd_sc_hvl__nor2_1/proxy7 = 1      |  sky130_fd_sc_hvl__nor2_1/proxyY = 1      
                                           |                                           
Net: EF_AMUX21x:x4/dummy_69                |Net: EF_AMUX21x:4/dummy_69                 
  sky130_fd_sc_hvl__nor2_1/proxy7 = 1      |  sky130_fd_sc_hvl__nor2_1/proxyY = 1      
                                           |                                           
Net: EF_AMUX21x:x2/dummy_69                |Net: EF_AMUX21x:3/dummy_69                 
  sky130_fd_sc_hvl__nor2_1/proxy7 = 1      |  sky130_fd_sc_hvl__nor2_1/proxyY = 1      
                                           |                                           
Net: EF_AMUX21x:x3/dummy_69                |Net: EF_AMUX21x:1/dummy_69                 
  sky130_fd_sc_hvl__nor2_1/proxy7 = 1      |  sky130_fd_sc_hvl__nor2_1/proxyY = 1      
                                           |                                           
Net: EF_AMUX21x:x1/dummy_69                |Net: EF_AMUX21x:2/dummy_69                 
  sky130_fd_sc_hvl__nor2_1/proxy7 = 1      |  sky130_fd_sc_hvl__nor2_1/proxyY = 1      
                                           |                                           
Net: /EF_AMUX21x_1/dummy_68                |Net: EF_AMUX21x:7/dummy_68                 
  sky130_fd_sc_hvl__nor2_1/proxy6 = 1      |  sky130_fd_sc_hvl__nor2_1/proxyVPWR = 1   
                                           |                                           
Net: /EF_AMUX21x_0/dummy_68                |Net: EF_AMUX21x:6/dummy_68                 
  sky130_fd_sc_hvl__nor2_1/proxy6 = 1      |  sky130_fd_sc_hvl__nor2_1/proxyVPWR = 1   
                                           |                                           
Net: EF_AMUX21x:x12/dummy_68               |Net: EF_AMUX21x:12/dummy_68                
  sky130_fd_sc_hvl__nor2_1/proxy6 = 1      |  sky130_fd_sc_hvl__nor2_1/proxyVPWR = 1   
                                           |                                           
Net: EF_AMUX21x:x11/dummy_68               |Net: EF_AMUX21x:11/dummy_68                
  sky130_fd_sc_hvl__nor2_1/proxy6 = 1      |  sky130_fd_sc_hvl__nor2_1/proxyVPWR = 1   
                                           |                                           
Net: EF_AMUX21x:x10/dummy_68               |Net: EF_AMUX21x:10/dummy_68                
  sky130_fd_sc_hvl__nor2_1/proxy6 = 1      |  sky130_fd_sc_hvl__nor2_1/proxyVPWR = 1   
                                           |                                           
Net: EF_AMUX21x:x9/dummy_68                |Net: EF_AMUX21x:9/dummy_68                 
  sky130_fd_sc_hvl__nor2_1/proxy6 = 1      |  sky130_fd_sc_hvl__nor2_1/proxyVPWR = 1   
                                           |                                           
Net: EF_AMUX21x:x8/dummy_68                |Net: EF_AMUX21x:8/dummy_68                 
  sky130_fd_sc_hvl__nor2_1/proxy6 = 1      |  sky130_fd_sc_hvl__nor2_1/proxyVPWR = 1   
                                           |                                           
Net: EF_AMUX21x:x5/dummy_68                |Net: EF_AMUX21x:5/dummy_68                 
  sky130_fd_sc_hvl__nor2_1/proxy6 = 1      |  sky130_fd_sc_hvl__nor2_1/proxyVPWR = 1   
                                           |                                           
Net: EF_AMUX21x:x4/dummy_68                |Net: EF_AMUX21x:4/dummy_68                 
  sky130_fd_sc_hvl__nor2_1/proxy6 = 1      |  sky130_fd_sc_hvl__nor2_1/proxyVPWR = 1   
                                           |                                           
Net: EF_AMUX21x:x2/dummy_68                |Net: EF_AMUX21x:3/dummy_68                 
  sky130_fd_sc_hvl__nor2_1/proxy6 = 1      |  sky130_fd_sc_hvl__nor2_1/proxyVPWR = 1   
                                           |                                           
Net: EF_AMUX21x:x3/dummy_68                |Net: EF_AMUX21x:1/dummy_68                 
  sky130_fd_sc_hvl__nor2_1/proxy6 = 1      |  sky130_fd_sc_hvl__nor2_1/proxyVPWR = 1   
                                           |                                           
Net: EF_AMUX21x:x1/dummy_68                |Net: EF_AMUX21x:2/dummy_68                 
  sky130_fd_sc_hvl__nor2_1/proxy6 = 1      |  sky130_fd_sc_hvl__nor2_1/proxyVPWR = 1   
                                           |                                           
Net: /EF_AMUX21x_1/dummy_67                |Net: EF_AMUX21x:7/dummy_67                 
  sky130_fd_sc_hvl__nor2_1/proxy5 = 1      |  sky130_fd_sc_hvl__nor2_1/proxyVPB = 1    
                                           |                                           
Net: /EF_AMUX21x_0/dummy_67                |Net: EF_AMUX21x:6/dummy_67                 
  sky130_fd_sc_hvl__nor2_1/proxy5 = 1      |  sky130_fd_sc_hvl__nor2_1/proxyVPB = 1    
                                           |                                           
Net: EF_AMUX21x:x12/dummy_67               |Net: EF_AMUX21x:12/dummy_67                
  sky130_fd_sc_hvl__nor2_1/proxy5 = 1      |  sky130_fd_sc_hvl__nor2_1/proxyVPB = 1    
                                           |                                           
Net: EF_AMUX21x:x11/dummy_67               |Net: EF_AMUX21x:11/dummy_67                
  sky130_fd_sc_hvl__nor2_1/proxy5 = 1      |  sky130_fd_sc_hvl__nor2_1/proxyVPB = 1    
                                           |                                           
Net: EF_AMUX21x:x10/dummy_67               |Net: EF_AMUX21x:10/dummy_67                
  sky130_fd_sc_hvl__nor2_1/proxy5 = 1      |  sky130_fd_sc_hvl__nor2_1/proxyVPB = 1    
                                           |                                           
Net: EF_AMUX21x:x9/dummy_67                |Net: EF_AMUX21x:9/dummy_67                 
  sky130_fd_sc_hvl__nor2_1/proxy5 = 1      |  sky130_fd_sc_hvl__nor2_1/proxyVPB = 1    
                                           |                                           
Net: EF_AMUX21x:x8/dummy_67                |Net: EF_AMUX21x:8/dummy_67                 
  sky130_fd_sc_hvl__nor2_1/proxy5 = 1      |  sky130_fd_sc_hvl__nor2_1/proxyVPB = 1    
                                           |                                           
Net: EF_AMUX21x:x5/dummy_67                |Net: EF_AMUX21x:5/dummy_67                 
  sky130_fd_sc_hvl__nor2_1/proxy5 = 1      |  sky130_fd_sc_hvl__nor2_1/proxyVPB = 1    
                                           |                                           
Net: EF_AMUX21x:x4/dummy_67                |Net: EF_AMUX21x:4/dummy_67                 
  sky130_fd_sc_hvl__nor2_1/proxy5 = 1      |  sky130_fd_sc_hvl__nor2_1/proxyVPB = 1    
                                           |                                           
Net: EF_AMUX21x:x2/dummy_67                |Net: EF_AMUX21x:3/dummy_67                 
  sky130_fd_sc_hvl__nor2_1/proxy5 = 1      |  sky130_fd_sc_hvl__nor2_1/proxyVPB = 1    
                                           |                                           
Net: EF_AMUX21x:x3/dummy_67                |Net: EF_AMUX21x:1/dummy_67                 
  sky130_fd_sc_hvl__nor2_1/proxy5 = 1      |  sky130_fd_sc_hvl__nor2_1/proxyVPB = 1    
                                           |                                           
Net: EF_AMUX21x:x1/dummy_67                |Net: EF_AMUX21x:2/dummy_67                 
  sky130_fd_sc_hvl__nor2_1/proxy5 = 1      |  sky130_fd_sc_hvl__nor2_1/proxyVPB = 1    
                                           |                                           
Net: /EF_AMUX21x_1/dummy_66                |Net: EF_AMUX21x:7/dummy_66                 
  sky130_fd_sc_hvl__nor2_1/proxy4 = 1      |  sky130_fd_sc_hvl__nor2_1/proxyVNB = 1    
                                           |                                           
Net: /EF_AMUX21x_0/dummy_66                |Net: EF_AMUX21x:6/dummy_66                 
  sky130_fd_sc_hvl__nor2_1/proxy4 = 1      |  sky130_fd_sc_hvl__nor2_1/proxyVNB = 1    
                                           |                                           
Net: EF_AMUX21x:x12/dummy_66               |Net: EF_AMUX21x:12/dummy_66                
  sky130_fd_sc_hvl__nor2_1/proxy4 = 1      |  sky130_fd_sc_hvl__nor2_1/proxyVNB = 1    
                                           |                                           
Net: EF_AMUX21x:x11/dummy_66               |Net: EF_AMUX21x:11/dummy_66                
  sky130_fd_sc_hvl__nor2_1/proxy4 = 1      |  sky130_fd_sc_hvl__nor2_1/proxyVNB = 1    
                                           |                                           
Net: EF_AMUX21x:x10/dummy_66               |Net: EF_AMUX21x:10/dummy_66                
  sky130_fd_sc_hvl__nor2_1/proxy4 = 1      |  sky130_fd_sc_hvl__nor2_1/proxyVNB = 1    
                                           |                                           
Net: EF_AMUX21x:x9/dummy_66                |Net: EF_AMUX21x:9/dummy_66                 
  sky130_fd_sc_hvl__nor2_1/proxy4 = 1      |  sky130_fd_sc_hvl__nor2_1/proxyVNB = 1    
                                           |                                           
Net: EF_AMUX21x:x8/dummy_66                |Net: EF_AMUX21x:8/dummy_66                 
  sky130_fd_sc_hvl__nor2_1/proxy4 = 1      |  sky130_fd_sc_hvl__nor2_1/proxyVNB = 1    
                                           |                                           
Net: EF_AMUX21x:x5/dummy_66                |Net: EF_AMUX21x:5/dummy_66                 
  sky130_fd_sc_hvl__nor2_1/proxy4 = 1      |  sky130_fd_sc_hvl__nor2_1/proxyVNB = 1    
                                           |                                           
Net: EF_AMUX21x:x4/dummy_66                |Net: EF_AMUX21x:4/dummy_66                 
  sky130_fd_sc_hvl__nor2_1/proxy4 = 1      |  sky130_fd_sc_hvl__nor2_1/proxyVNB = 1    
                                           |                                           
Net: EF_AMUX21x:x2/dummy_66                |Net: EF_AMUX21x:3/dummy_66                 
  sky130_fd_sc_hvl__nor2_1/proxy4 = 1      |  sky130_fd_sc_hvl__nor2_1/proxyVNB = 1    
                                           |                                           
Net: EF_AMUX21x:x3/dummy_66                |Net: EF_AMUX21x:1/dummy_66                 
  sky130_fd_sc_hvl__nor2_1/proxy4 = 1      |  sky130_fd_sc_hvl__nor2_1/proxyVNB = 1    
                                           |                                           
Net: EF_AMUX21x:x1/dummy_66                |Net: EF_AMUX21x:2/dummy_66                 
  sky130_fd_sc_hvl__nor2_1/proxy4 = 1      |  sky130_fd_sc_hvl__nor2_1/proxyVNB = 1    
                                           |                                           
Net: /EF_AMUX21x_1/dummy_65                |Net: EF_AMUX21x:7/dummy_65                 
  sky130_fd_sc_hvl__nor2_1/proxy3 = 1      |  sky130_fd_sc_hvl__nor2_1/proxyVGND = 1   
                                           |                                           
Net: /EF_AMUX21x_0/dummy_65                |Net: EF_AMUX21x:6/dummy_65                 
  sky130_fd_sc_hvl__nor2_1/proxy3 = 1      |  sky130_fd_sc_hvl__nor2_1/proxyVGND = 1   
                                           |                                           
Net: EF_AMUX21x:x12/dummy_65               |Net: EF_AMUX21x:12/dummy_65                
  sky130_fd_sc_hvl__nor2_1/proxy3 = 1      |  sky130_fd_sc_hvl__nor2_1/proxyVGND = 1   
                                           |                                           
Net: EF_AMUX21x:x11/dummy_65               |Net: EF_AMUX21x:11/dummy_65                
  sky130_fd_sc_hvl__nor2_1/proxy3 = 1      |  sky130_fd_sc_hvl__nor2_1/proxyVGND = 1   
                                           |                                           
Net: EF_AMUX21x:x10/dummy_65               |Net: EF_AMUX21x:10/dummy_65                
  sky130_fd_sc_hvl__nor2_1/proxy3 = 1      |  sky130_fd_sc_hvl__nor2_1/proxyVGND = 1   
                                           |                                           
Net: EF_AMUX21x:x9/dummy_65                |Net: EF_AMUX21x:9/dummy_65                 
  sky130_fd_sc_hvl__nor2_1/proxy3 = 1      |  sky130_fd_sc_hvl__nor2_1/proxyVGND = 1   
                                           |                                           
Net: EF_AMUX21x:x8/dummy_65                |Net: EF_AMUX21x:8/dummy_65                 
  sky130_fd_sc_hvl__nor2_1/proxy3 = 1      |  sky130_fd_sc_hvl__nor2_1/proxyVGND = 1   
                                           |                                           
Net: EF_AMUX21x:x5/dummy_65                |Net: EF_AMUX21x:5/dummy_65                 
  sky130_fd_sc_hvl__nor2_1/proxy3 = 1      |  sky130_fd_sc_hvl__nor2_1/proxyVGND = 1   
                                           |                                           
Net: EF_AMUX21x:x4/dummy_65                |Net: EF_AMUX21x:4/dummy_65                 
  sky130_fd_sc_hvl__nor2_1/proxy3 = 1      |  sky130_fd_sc_hvl__nor2_1/proxyVGND = 1   
                                           |                                           
Net: EF_AMUX21x:x2/dummy_65                |Net: EF_AMUX21x:3/dummy_65                 
  sky130_fd_sc_hvl__nor2_1/proxy3 = 1      |  sky130_fd_sc_hvl__nor2_1/proxyVGND = 1   
                                           |                                           
Net: EF_AMUX21x:x3/dummy_65                |Net: EF_AMUX21x:1/dummy_65                 
  sky130_fd_sc_hvl__nor2_1/proxy3 = 1      |  sky130_fd_sc_hvl__nor2_1/proxyVGND = 1   
                                           |                                           
Net: EF_AMUX21x:x1/dummy_65                |Net: EF_AMUX21x:2/dummy_65                 
  sky130_fd_sc_hvl__nor2_1/proxy3 = 1      |  sky130_fd_sc_hvl__nor2_1/proxyVGND = 1   
                                           |                                           
Net: /EF_AMUX21x_1/dummy_64                |Net: EF_AMUX21x:7/dummy_64                 
  sky130_fd_sc_hvl__nor2_1/proxy2 = 1      |  sky130_fd_sc_hvl__nor2_1/proxyB = 1      
                                           |                                           
Net: /EF_AMUX21x_0/dummy_64                |Net: EF_AMUX21x:6/dummy_64                 
  sky130_fd_sc_hvl__nor2_1/proxy2 = 1      |  sky130_fd_sc_hvl__nor2_1/proxyB = 1      
                                           |                                           
Net: EF_AMUX21x:x12/dummy_64               |Net: EF_AMUX21x:12/dummy_64                
  sky130_fd_sc_hvl__nor2_1/proxy2 = 1      |  sky130_fd_sc_hvl__nor2_1/proxyB = 1      
                                           |                                           
Net: EF_AMUX21x:x11/dummy_64               |Net: EF_AMUX21x:11/dummy_64                
  sky130_fd_sc_hvl__nor2_1/proxy2 = 1      |  sky130_fd_sc_hvl__nor2_1/proxyB = 1      
                                           |                                           
Net: EF_AMUX21x:x10/dummy_64               |Net: EF_AMUX21x:10/dummy_64                
  sky130_fd_sc_hvl__nor2_1/proxy2 = 1      |  sky130_fd_sc_hvl__nor2_1/proxyB = 1      
                                           |                                           
Net: EF_AMUX21x:x9/dummy_64                |Net: EF_AMUX21x:9/dummy_64                 
  sky130_fd_sc_hvl__nor2_1/proxy2 = 1      |  sky130_fd_sc_hvl__nor2_1/proxyB = 1      
                                           |                                           
Net: EF_AMUX21x:x8/dummy_64                |Net: EF_AMUX21x:8/dummy_64                 
  sky130_fd_sc_hvl__nor2_1/proxy2 = 1      |  sky130_fd_sc_hvl__nor2_1/proxyB = 1      
                                           |                                           
Net: EF_AMUX21x:x5/dummy_64                |Net: EF_AMUX21x:5/dummy_64                 
  sky130_fd_sc_hvl__nor2_1/proxy2 = 1      |  sky130_fd_sc_hvl__nor2_1/proxyB = 1      
                                           |                                           
Net: EF_AMUX21x:x4/dummy_64                |Net: EF_AMUX21x:4/dummy_64                 
  sky130_fd_sc_hvl__nor2_1/proxy2 = 1      |  sky130_fd_sc_hvl__nor2_1/proxyB = 1      
                                           |                                           
Net: EF_AMUX21x:x2/dummy_64                |Net: EF_AMUX21x:3/dummy_64                 
  sky130_fd_sc_hvl__nor2_1/proxy2 = 1      |  sky130_fd_sc_hvl__nor2_1/proxyB = 1      
                                           |                                           
Net: EF_AMUX21x:x3/dummy_64                |Net: EF_AMUX21x:1/dummy_64                 
  sky130_fd_sc_hvl__nor2_1/proxy2 = 1      |  sky130_fd_sc_hvl__nor2_1/proxyB = 1      
                                           |                                           
Net: EF_AMUX21x:x1/dummy_64                |Net: EF_AMUX21x:2/dummy_64                 
  sky130_fd_sc_hvl__nor2_1/proxy2 = 1      |  sky130_fd_sc_hvl__nor2_1/proxyB = 1      
                                           |                                           
Net: /EF_AMUX21x_1/dummy_63                |Net: EF_AMUX21x:7/dummy_63                 
  sky130_fd_sc_hvl__nor2_1/proxy1 = 1      |  sky130_fd_sc_hvl__nor2_1/proxyA = 1      
                                           |                                           
Net: /EF_AMUX21x_0/dummy_63                |Net: EF_AMUX21x:6/dummy_63                 
  sky130_fd_sc_hvl__nor2_1/proxy1 = 1      |  sky130_fd_sc_hvl__nor2_1/proxyA = 1      
                                           |                                           
Net: EF_AMUX21x:x12/dummy_63               |Net: EF_AMUX21x:12/dummy_63                
  sky130_fd_sc_hvl__nor2_1/proxy1 = 1      |  sky130_fd_sc_hvl__nor2_1/proxyA = 1      
                                           |                                           
Net: EF_AMUX21x:x11/dummy_63               |Net: EF_AMUX21x:11/dummy_63                
  sky130_fd_sc_hvl__nor2_1/proxy1 = 1      |  sky130_fd_sc_hvl__nor2_1/proxyA = 1      
                                           |                                           
Net: EF_AMUX21x:x10/dummy_63               |Net: EF_AMUX21x:10/dummy_63                
  sky130_fd_sc_hvl__nor2_1/proxy1 = 1      |  sky130_fd_sc_hvl__nor2_1/proxyA = 1      
                                           |                                           
Net: EF_AMUX21x:x9/dummy_63                |Net: EF_AMUX21x:9/dummy_63                 
  sky130_fd_sc_hvl__nor2_1/proxy1 = 1      |  sky130_fd_sc_hvl__nor2_1/proxyA = 1      
                                           |                                           
Net: EF_AMUX21x:x8/dummy_63                |Net: EF_AMUX21x:8/dummy_63                 
  sky130_fd_sc_hvl__nor2_1/proxy1 = 1      |  sky130_fd_sc_hvl__nor2_1/proxyA = 1      
                                           |                                           
Net: EF_AMUX21x:x5/dummy_63                |Net: EF_AMUX21x:5/dummy_63                 
  sky130_fd_sc_hvl__nor2_1/proxy1 = 1      |  sky130_fd_sc_hvl__nor2_1/proxyA = 1      
                                           |                                           
Net: EF_AMUX21x:x4/dummy_63                |Net: EF_AMUX21x:4/dummy_63                 
  sky130_fd_sc_hvl__nor2_1/proxy1 = 1      |  sky130_fd_sc_hvl__nor2_1/proxyA = 1      
                                           |                                           
Net: EF_AMUX21x:x2/dummy_63                |Net: EF_AMUX21x:3/dummy_63                 
  sky130_fd_sc_hvl__nor2_1/proxy1 = 1      |  sky130_fd_sc_hvl__nor2_1/proxyA = 1      
                                           |                                           
Net: EF_AMUX21x:x3/dummy_63                |Net: EF_AMUX21x:1/dummy_63                 
  sky130_fd_sc_hvl__nor2_1/proxy1 = 1      |  sky130_fd_sc_hvl__nor2_1/proxyA = 1      
                                           |                                           
Net: EF_AMUX21x:x1/dummy_63                |Net: EF_AMUX21x:2/dummy_63                 
  sky130_fd_sc_hvl__nor2_1/proxy1 = 1      |  sky130_fd_sc_hvl__nor2_1/proxyA = 1      
                                           |                                           
Net: /EF_AMUX21x_1/dummy_46                |Net: EF_AMUX21x:7/dummy_46                 
  sky130_fd_sc_hvl__inv_2/proxy6 = 1       |  sky130_fd_sc_hvl__inv_2/proxyY = 1       
                                           |                                           
Net: /EF_AMUX21x_1/dummy_40                |Net: EF_AMUX21x:7/dummy_40                 
  sky130_fd_sc_hvl__inv_2/proxy6 = 1       |  sky130_fd_sc_hvl__inv_2/proxyY = 1       
                                           |                                           
Net: /EF_AMUX21x_1/dummy_22                |Net: EF_AMUX21x:7/dummy_28                 
  sky130_fd_sc_hvl__inv_2/proxy6 = 1       |  sky130_fd_sc_hvl__inv_2/proxyY = 1       
                                           |                                           
Net: /EF_AMUX21x_0/dummy_46                |Net: EF_AMUX21x:6/dummy_46                 
  sky130_fd_sc_hvl__inv_2/proxy6 = 1       |  sky130_fd_sc_hvl__inv_2/proxyY = 1       
                                           |                                           
Net: /EF_AMUX21x_0/dummy_40                |Net: EF_AMUX21x:6/dummy_40                 
  sky130_fd_sc_hvl__inv_2/proxy6 = 1       |  sky130_fd_sc_hvl__inv_2/proxyY = 1       
                                           |                                           
Net: /EF_AMUX21x_0/dummy_22                |Net: EF_AMUX21x:6/dummy_28                 
  sky130_fd_sc_hvl__inv_2/proxy6 = 1       |  sky130_fd_sc_hvl__inv_2/proxyY = 1       
                                           |                                           
Net: EF_AMUX21x:x12/dummy_46               |Net: EF_AMUX21x:12/dummy_46                
  sky130_fd_sc_hvl__inv_2/proxy6 = 1       |  sky130_fd_sc_hvl__inv_2/proxyY = 1       
                                           |                                           
Net: EF_AMUX21x:x12/dummy_40               |Net: EF_AMUX21x:12/dummy_40                
  sky130_fd_sc_hvl__inv_2/proxy6 = 1       |  sky130_fd_sc_hvl__inv_2/proxyY = 1       
                                           |                                           
Net: EF_AMUX21x:x12/dummy_22               |Net: EF_AMUX21x:12/dummy_28                
  sky130_fd_sc_hvl__inv_2/proxy6 = 1       |  sky130_fd_sc_hvl__inv_2/proxyY = 1       
                                           |                                           
Net: EF_AMUX21x:x11/dummy_46               |Net: EF_AMUX21x:11/dummy_46                
  sky130_fd_sc_hvl__inv_2/proxy6 = 1       |  sky130_fd_sc_hvl__inv_2/proxyY = 1       
                                           |                                           
Net: EF_AMUX21x:x11/dummy_40               |Net: EF_AMUX21x:11/dummy_40                
  sky130_fd_sc_hvl__inv_2/proxy6 = 1       |  sky130_fd_sc_hvl__inv_2/proxyY = 1       
                                           |                                           
Net: EF_AMUX21x:x11/dummy_22               |Net: EF_AMUX21x:11/dummy_28                
  sky130_fd_sc_hvl__inv_2/proxy6 = 1       |  sky130_fd_sc_hvl__inv_2/proxyY = 1       
                                           |                                           
Net: EF_AMUX21x:x10/dummy_46               |Net: EF_AMUX21x:10/dummy_46                
  sky130_fd_sc_hvl__inv_2/proxy6 = 1       |  sky130_fd_sc_hvl__inv_2/proxyY = 1       
                                           |                                           
Net: EF_AMUX21x:x10/dummy_40               |Net: EF_AMUX21x:10/dummy_40                
  sky130_fd_sc_hvl__inv_2/proxy6 = 1       |  sky130_fd_sc_hvl__inv_2/proxyY = 1       
                                           |                                           
Net: EF_AMUX21x:x10/dummy_22               |Net: EF_AMUX21x:10/dummy_28                
  sky130_fd_sc_hvl__inv_2/proxy6 = 1       |  sky130_fd_sc_hvl__inv_2/proxyY = 1       
                                           |                                           
Net: EF_AMUX21x:x9/dummy_46                |Net: EF_AMUX21x:9/dummy_46                 
  sky130_fd_sc_hvl__inv_2/proxy6 = 1       |  sky130_fd_sc_hvl__inv_2/proxyY = 1       
                                           |                                           
Net: EF_AMUX21x:x9/dummy_40                |Net: EF_AMUX21x:9/dummy_40                 
  sky130_fd_sc_hvl__inv_2/proxy6 = 1       |  sky130_fd_sc_hvl__inv_2/proxyY = 1       
                                           |                                           
Net: EF_AMUX21x:x9/dummy_22                |Net: EF_AMUX21x:9/dummy_28                 
  sky130_fd_sc_hvl__inv_2/proxy6 = 1       |  sky130_fd_sc_hvl__inv_2/proxyY = 1       
                                           |                                           
Net: EF_AMUX21x:x8/dummy_46                |Net: EF_AMUX21x:8/dummy_46                 
  sky130_fd_sc_hvl__inv_2/proxy6 = 1       |  sky130_fd_sc_hvl__inv_2/proxyY = 1       
                                           |                                           
Net: EF_AMUX21x:x8/dummy_40                |Net: EF_AMUX21x:8/dummy_40                 
  sky130_fd_sc_hvl__inv_2/proxy6 = 1       |  sky130_fd_sc_hvl__inv_2/proxyY = 1       
                                           |                                           
Net: EF_AMUX21x:x8/dummy_22                |Net: EF_AMUX21x:8/dummy_28                 
  sky130_fd_sc_hvl__inv_2/proxy6 = 1       |  sky130_fd_sc_hvl__inv_2/proxyY = 1       
                                           |                                           
Net: EF_AMUX21x:x5/dummy_46                |Net: EF_AMUX21x:5/dummy_46                 
  sky130_fd_sc_hvl__inv_2/proxy6 = 1       |  sky130_fd_sc_hvl__inv_2/proxyY = 1       
                                           |                                           
Net: EF_AMUX21x:x5/dummy_40                |Net: EF_AMUX21x:5/dummy_40                 
  sky130_fd_sc_hvl__inv_2/proxy6 = 1       |  sky130_fd_sc_hvl__inv_2/proxyY = 1       
                                           |                                           
Net: EF_AMUX21x:x5/dummy_22                |Net: EF_AMUX21x:5/dummy_28                 
  sky130_fd_sc_hvl__inv_2/proxy6 = 1       |  sky130_fd_sc_hvl__inv_2/proxyY = 1       
                                           |                                           
Net: EF_AMUX21x:x4/dummy_46                |Net: EF_AMUX21x:4/dummy_46                 
  sky130_fd_sc_hvl__inv_2/proxy6 = 1       |  sky130_fd_sc_hvl__inv_2/proxyY = 1       
                                           |                                           
Net: EF_AMUX21x:x4/dummy_40                |Net: EF_AMUX21x:4/dummy_40                 
  sky130_fd_sc_hvl__inv_2/proxy6 = 1       |  sky130_fd_sc_hvl__inv_2/proxyY = 1       
                                           |                                           
Net: EF_AMUX21x:x4/dummy_22                |Net: EF_AMUX21x:4/dummy_28                 
  sky130_fd_sc_hvl__inv_2/proxy6 = 1       |  sky130_fd_sc_hvl__inv_2/proxyY = 1       
                                           |                                           
Net: EF_AMUX21x:x2/dummy_46                |Net: EF_AMUX21x:3/dummy_46                 
  sky130_fd_sc_hvl__inv_2/proxy6 = 1       |  sky130_fd_sc_hvl__inv_2/proxyY = 1       
                                           |                                           
Net: EF_AMUX21x:x2/dummy_40                |Net: EF_AMUX21x:3/dummy_40                 
  sky130_fd_sc_hvl__inv_2/proxy6 = 1       |  sky130_fd_sc_hvl__inv_2/proxyY = 1       
                                           |                                           
Net: EF_AMUX21x:x2/dummy_22                |Net: EF_AMUX21x:3/dummy_28                 
  sky130_fd_sc_hvl__inv_2/proxy6 = 1       |  sky130_fd_sc_hvl__inv_2/proxyY = 1       
                                           |                                           
Net: EF_AMUX21x:x3/dummy_46                |Net: EF_AMUX21x:1/dummy_46                 
  sky130_fd_sc_hvl__inv_2/proxy6 = 1       |  sky130_fd_sc_hvl__inv_2/proxyY = 1       
                                           |                                           
Net: EF_AMUX21x:x3/dummy_40                |Net: EF_AMUX21x:1/dummy_40                 
  sky130_fd_sc_hvl__inv_2/proxy6 = 1       |  sky130_fd_sc_hvl__inv_2/proxyY = 1       
                                           |                                           
Net: EF_AMUX21x:x3/dummy_22                |Net: EF_AMUX21x:1/dummy_28                 
  sky130_fd_sc_hvl__inv_2/proxy6 = 1       |  sky130_fd_sc_hvl__inv_2/proxyY = 1       
                                           |                                           
Net: EF_AMUX21x:x1/dummy_46                |Net: EF_AMUX21x:2/dummy_46                 
  sky130_fd_sc_hvl__inv_2/proxy6 = 1       |  sky130_fd_sc_hvl__inv_2/proxyY = 1       
                                           |                                           
Net: EF_AMUX21x:x1/dummy_40                |Net: EF_AMUX21x:2/dummy_40                 
  sky130_fd_sc_hvl__inv_2/proxy6 = 1       |  sky130_fd_sc_hvl__inv_2/proxyY = 1       
                                           |                                           
Net: EF_AMUX21x:x1/dummy_22                |Net: EF_AMUX21x:2/dummy_28                 
  sky130_fd_sc_hvl__inv_2/proxy6 = 1       |  sky130_fd_sc_hvl__inv_2/proxyY = 1       
                                           |                                           
Net: /EF_AMUX21x_1/dummy_45                |Net: EF_AMUX21x:7/dummy_45                 
  sky130_fd_sc_hvl__inv_2/proxy5 = 1       |  sky130_fd_sc_hvl__inv_2/proxyVPWR = 1    
                                           |                                           
Net: /EF_AMUX21x_1/dummy_39                |Net: EF_AMUX21x:7/dummy_39                 
  sky130_fd_sc_hvl__inv_2/proxy5 = 1       |  sky130_fd_sc_hvl__inv_2/proxyVPWR = 1    
                                           |                                           
Net: /EF_AMUX21x_1/dummy_21                |Net: EF_AMUX21x:7/dummy_27                 
  sky130_fd_sc_hvl__inv_2/proxy5 = 1       |  sky130_fd_sc_hvl__inv_2/proxyVPWR = 1    
                                           |                                           
Net: /EF_AMUX21x_0/dummy_45                |Net: EF_AMUX21x:6/dummy_45                 
  sky130_fd_sc_hvl__inv_2/proxy5 = 1       |  sky130_fd_sc_hvl__inv_2/proxyVPWR = 1    
                                           |                                           
Net: /EF_AMUX21x_0/dummy_39                |Net: EF_AMUX21x:6/dummy_39                 
  sky130_fd_sc_hvl__inv_2/proxy5 = 1       |  sky130_fd_sc_hvl__inv_2/proxyVPWR = 1    
                                           |                                           
Net: /EF_AMUX21x_0/dummy_21                |Net: EF_AMUX21x:6/dummy_27                 
  sky130_fd_sc_hvl__inv_2/proxy5 = 1       |  sky130_fd_sc_hvl__inv_2/proxyVPWR = 1    
                                           |                                           
Net: EF_AMUX21x:x12/dummy_45               |Net: EF_AMUX21x:12/dummy_45                
  sky130_fd_sc_hvl__inv_2/proxy5 = 1       |  sky130_fd_sc_hvl__inv_2/proxyVPWR = 1    
                                           |                                           
Net: EF_AMUX21x:x12/dummy_39               |Net: EF_AMUX21x:12/dummy_39                
  sky130_fd_sc_hvl__inv_2/proxy5 = 1       |  sky130_fd_sc_hvl__inv_2/proxyVPWR = 1    
                                           |                                           
Net: EF_AMUX21x:x12/dummy_21               |Net: EF_AMUX21x:12/dummy_27                
  sky130_fd_sc_hvl__inv_2/proxy5 = 1       |  sky130_fd_sc_hvl__inv_2/proxyVPWR = 1    
                                           |                                           
Net: EF_AMUX21x:x11/dummy_45               |Net: EF_AMUX21x:11/dummy_45                
  sky130_fd_sc_hvl__inv_2/proxy5 = 1       |  sky130_fd_sc_hvl__inv_2/proxyVPWR = 1    
                                           |                                           
Net: EF_AMUX21x:x11/dummy_39               |Net: EF_AMUX21x:11/dummy_39                
  sky130_fd_sc_hvl__inv_2/proxy5 = 1       |  sky130_fd_sc_hvl__inv_2/proxyVPWR = 1    
                                           |                                           
Net: EF_AMUX21x:x11/dummy_21               |Net: EF_AMUX21x:11/dummy_27                
  sky130_fd_sc_hvl__inv_2/proxy5 = 1       |  sky130_fd_sc_hvl__inv_2/proxyVPWR = 1    
                                           |                                           
Net: EF_AMUX21x:x10/dummy_45               |Net: EF_AMUX21x:10/dummy_45                
  sky130_fd_sc_hvl__inv_2/proxy5 = 1       |  sky130_fd_sc_hvl__inv_2/proxyVPWR = 1    
                                           |                                           
Net: EF_AMUX21x:x10/dummy_39               |Net: EF_AMUX21x:10/dummy_39                
  sky130_fd_sc_hvl__inv_2/proxy5 = 1       |  sky130_fd_sc_hvl__inv_2/proxyVPWR = 1    
                                           |                                           
Net: EF_AMUX21x:x10/dummy_21               |Net: EF_AMUX21x:10/dummy_27                
  sky130_fd_sc_hvl__inv_2/proxy5 = 1       |  sky130_fd_sc_hvl__inv_2/proxyVPWR = 1    
                                           |                                           
Net: EF_AMUX21x:x9/dummy_45                |Net: EF_AMUX21x:9/dummy_45                 
  sky130_fd_sc_hvl__inv_2/proxy5 = 1       |  sky130_fd_sc_hvl__inv_2/proxyVPWR = 1    
                                           |                                           
Net: EF_AMUX21x:x9/dummy_39                |Net: EF_AMUX21x:9/dummy_39                 
  sky130_fd_sc_hvl__inv_2/proxy5 = 1       |  sky130_fd_sc_hvl__inv_2/proxyVPWR = 1    
                                           |                                           
Net: EF_AMUX21x:x9/dummy_21                |Net: EF_AMUX21x:9/dummy_27                 
  sky130_fd_sc_hvl__inv_2/proxy5 = 1       |  sky130_fd_sc_hvl__inv_2/proxyVPWR = 1    
                                           |                                           
Net: EF_AMUX21x:x8/dummy_45                |Net: EF_AMUX21x:8/dummy_45                 
  sky130_fd_sc_hvl__inv_2/proxy5 = 1       |  sky130_fd_sc_hvl__inv_2/proxyVPWR = 1    
                                           |                                           
Net: EF_AMUX21x:x8/dummy_39                |Net: EF_AMUX21x:8/dummy_39                 
  sky130_fd_sc_hvl__inv_2/proxy5 = 1       |  sky130_fd_sc_hvl__inv_2/proxyVPWR = 1    
                                           |                                           
Net: EF_AMUX21x:x8/dummy_21                |Net: EF_AMUX21x:8/dummy_27                 
  sky130_fd_sc_hvl__inv_2/proxy5 = 1       |  sky130_fd_sc_hvl__inv_2/proxyVPWR = 1    
                                           |                                           
Net: EF_AMUX21x:x5/dummy_45                |Net: EF_AMUX21x:5/dummy_45                 
  sky130_fd_sc_hvl__inv_2/proxy5 = 1       |  sky130_fd_sc_hvl__inv_2/proxyVPWR = 1    
                                           |                                           
Net: EF_AMUX21x:x5/dummy_39                |Net: EF_AMUX21x:5/dummy_39                 
  sky130_fd_sc_hvl__inv_2/proxy5 = 1       |  sky130_fd_sc_hvl__inv_2/proxyVPWR = 1    
                                           |                                           
Net: EF_AMUX21x:x5/dummy_21                |Net: EF_AMUX21x:5/dummy_27                 
  sky130_fd_sc_hvl__inv_2/proxy5 = 1       |  sky130_fd_sc_hvl__inv_2/proxyVPWR = 1    
                                           |                                           
Net: EF_AMUX21x:x4/dummy_45                |Net: EF_AMUX21x:4/dummy_45                 
  sky130_fd_sc_hvl__inv_2/proxy5 = 1       |  sky130_fd_sc_hvl__inv_2/proxyVPWR = 1    
                                           |                                           
Net: EF_AMUX21x:x4/dummy_39                |Net: EF_AMUX21x:4/dummy_39                 
  sky130_fd_sc_hvl__inv_2/proxy5 = 1       |  sky130_fd_sc_hvl__inv_2/proxyVPWR = 1    
                                           |                                           
Net: EF_AMUX21x:x4/dummy_21                |Net: EF_AMUX21x:4/dummy_27                 
  sky130_fd_sc_hvl__inv_2/proxy5 = 1       |  sky130_fd_sc_hvl__inv_2/proxyVPWR = 1    
                                           |                                           
Net: EF_AMUX21x:x2/dummy_45                |Net: EF_AMUX21x:3/dummy_45                 
  sky130_fd_sc_hvl__inv_2/proxy5 = 1       |  sky130_fd_sc_hvl__inv_2/proxyVPWR = 1    
                                           |                                           
Net: EF_AMUX21x:x2/dummy_39                |Net: EF_AMUX21x:3/dummy_39                 
  sky130_fd_sc_hvl__inv_2/proxy5 = 1       |  sky130_fd_sc_hvl__inv_2/proxyVPWR = 1    
                                           |                                           
Net: EF_AMUX21x:x2/dummy_21                |Net: EF_AMUX21x:3/dummy_27                 
  sky130_fd_sc_hvl__inv_2/proxy5 = 1       |  sky130_fd_sc_hvl__inv_2/proxyVPWR = 1    
                                           |                                           
Net: EF_AMUX21x:x3/dummy_45                |Net: EF_AMUX21x:1/dummy_45                 
  sky130_fd_sc_hvl__inv_2/proxy5 = 1       |  sky130_fd_sc_hvl__inv_2/proxyVPWR = 1    
                                           |                                           
Net: EF_AMUX21x:x3/dummy_39                |Net: EF_AMUX21x:1/dummy_39                 
  sky130_fd_sc_hvl__inv_2/proxy5 = 1       |  sky130_fd_sc_hvl__inv_2/proxyVPWR = 1    
                                           |                                           
Net: EF_AMUX21x:x3/dummy_21                |Net: EF_AMUX21x:1/dummy_27                 
  sky130_fd_sc_hvl__inv_2/proxy5 = 1       |  sky130_fd_sc_hvl__inv_2/proxyVPWR = 1    
                                           |                                           
Net: EF_AMUX21x:x1/dummy_45                |Net: EF_AMUX21x:2/dummy_45                 
  sky130_fd_sc_hvl__inv_2/proxy5 = 1       |  sky130_fd_sc_hvl__inv_2/proxyVPWR = 1    
                                           |                                           
Net: EF_AMUX21x:x1/dummy_39                |Net: EF_AMUX21x:2/dummy_39                 
  sky130_fd_sc_hvl__inv_2/proxy5 = 1       |  sky130_fd_sc_hvl__inv_2/proxyVPWR = 1    
                                           |                                           
Net: EF_AMUX21x:x1/dummy_21                |Net: EF_AMUX21x:2/dummy_27                 
  sky130_fd_sc_hvl__inv_2/proxy5 = 1       |  sky130_fd_sc_hvl__inv_2/proxyVPWR = 1    
                                           |                                           
Net: /EF_AMUX21x_1/dummy_44                |Net: EF_AMUX21x:7/dummy_44                 
  sky130_fd_sc_hvl__inv_2/proxy4 = 1       |  sky130_fd_sc_hvl__inv_2/proxyVPB = 1     
                                           |                                           
Net: /EF_AMUX21x_1/dummy_38                |Net: EF_AMUX21x:7/dummy_38                 
  sky130_fd_sc_hvl__inv_2/proxy4 = 1       |  sky130_fd_sc_hvl__inv_2/proxyVPB = 1     
                                           |                                           
Net: /EF_AMUX21x_1/dummy_20                |Net: EF_AMUX21x:7/dummy_26                 
  sky130_fd_sc_hvl__inv_2/proxy4 = 1       |  sky130_fd_sc_hvl__inv_2/proxyVPB = 1     
                                           |                                           
Net: /EF_AMUX21x_0/dummy_44                |Net: EF_AMUX21x:6/dummy_44                 
  sky130_fd_sc_hvl__inv_2/proxy4 = 1       |  sky130_fd_sc_hvl__inv_2/proxyVPB = 1     
                                           |                                           
Net: /EF_AMUX21x_0/dummy_38                |Net: EF_AMUX21x:6/dummy_38                 
  sky130_fd_sc_hvl__inv_2/proxy4 = 1       |  sky130_fd_sc_hvl__inv_2/proxyVPB = 1     
                                           |                                           
Net: /EF_AMUX21x_0/dummy_20                |Net: EF_AMUX21x:6/dummy_26                 
  sky130_fd_sc_hvl__inv_2/proxy4 = 1       |  sky130_fd_sc_hvl__inv_2/proxyVPB = 1     
                                           |                                           
Net: EF_AMUX21x:x12/dummy_44               |Net: EF_AMUX21x:12/dummy_44                
  sky130_fd_sc_hvl__inv_2/proxy4 = 1       |  sky130_fd_sc_hvl__inv_2/proxyVPB = 1     
                                           |                                           
Net: EF_AMUX21x:x12/dummy_38               |Net: EF_AMUX21x:12/dummy_38                
  sky130_fd_sc_hvl__inv_2/proxy4 = 1       |  sky130_fd_sc_hvl__inv_2/proxyVPB = 1     
                                           |                                           
Net: EF_AMUX21x:x12/dummy_20               |Net: EF_AMUX21x:12/dummy_26                
  sky130_fd_sc_hvl__inv_2/proxy4 = 1       |  sky130_fd_sc_hvl__inv_2/proxyVPB = 1     
                                           |                                           
Net: EF_AMUX21x:x11/dummy_44               |Net: EF_AMUX21x:11/dummy_44                
  sky130_fd_sc_hvl__inv_2/proxy4 = 1       |  sky130_fd_sc_hvl__inv_2/proxyVPB = 1     
                                           |                                           
Net: EF_AMUX21x:x11/dummy_38               |Net: EF_AMUX21x:11/dummy_38                
  sky130_fd_sc_hvl__inv_2/proxy4 = 1       |  sky130_fd_sc_hvl__inv_2/proxyVPB = 1     
                                           |                                           
Net: EF_AMUX21x:x11/dummy_20               |Net: EF_AMUX21x:11/dummy_26                
  sky130_fd_sc_hvl__inv_2/proxy4 = 1       |  sky130_fd_sc_hvl__inv_2/proxyVPB = 1     
                                           |                                           
Net: EF_AMUX21x:x10/dummy_44               |Net: EF_AMUX21x:10/dummy_44                
  sky130_fd_sc_hvl__inv_2/proxy4 = 1       |  sky130_fd_sc_hvl__inv_2/proxyVPB = 1     
                                           |                                           
Net: EF_AMUX21x:x10/dummy_38               |Net: EF_AMUX21x:10/dummy_38                
  sky130_fd_sc_hvl__inv_2/proxy4 = 1       |  sky130_fd_sc_hvl__inv_2/proxyVPB = 1     
                                           |                                           
Net: EF_AMUX21x:x10/dummy_20               |Net: EF_AMUX21x:10/dummy_26                
  sky130_fd_sc_hvl__inv_2/proxy4 = 1       |  sky130_fd_sc_hvl__inv_2/proxyVPB = 1     
                                           |                                           
Net: EF_AMUX21x:x9/dummy_44                |Net: EF_AMUX21x:9/dummy_44                 
  sky130_fd_sc_hvl__inv_2/proxy4 = 1       |  sky130_fd_sc_hvl__inv_2/proxyVPB = 1     
                                           |                                           
Net: EF_AMUX21x:x9/dummy_38                |Net: EF_AMUX21x:9/dummy_38                 
  sky130_fd_sc_hvl__inv_2/proxy4 = 1       |  sky130_fd_sc_hvl__inv_2/proxyVPB = 1     
                                           |                                           
Net: EF_AMUX21x:x9/dummy_20                |Net: EF_AMUX21x:9/dummy_26                 
  sky130_fd_sc_hvl__inv_2/proxy4 = 1       |  sky130_fd_sc_hvl__inv_2/proxyVPB = 1     
                                           |                                           
Net: EF_AMUX21x:x8/dummy_44                |Net: EF_AMUX21x:8/dummy_44                 
  sky130_fd_sc_hvl__inv_2/proxy4 = 1       |  sky130_fd_sc_hvl__inv_2/proxyVPB = 1     
                                           |                                           
Net: EF_AMUX21x:x8/dummy_38                |Net: EF_AMUX21x:8/dummy_38                 
  sky130_fd_sc_hvl__inv_2/proxy4 = 1       |  sky130_fd_sc_hvl__inv_2/proxyVPB = 1     
                                           |                                           
Net: EF_AMUX21x:x8/dummy_20                |Net: EF_AMUX21x:8/dummy_26                 
  sky130_fd_sc_hvl__inv_2/proxy4 = 1       |  sky130_fd_sc_hvl__inv_2/proxyVPB = 1     
                                           |                                           
Net: EF_AMUX21x:x5/dummy_44                |Net: EF_AMUX21x:5/dummy_44                 
  sky130_fd_sc_hvl__inv_2/proxy4 = 1       |  sky130_fd_sc_hvl__inv_2/proxyVPB = 1     
                                           |                                           
Net: EF_AMUX21x:x5/dummy_38                |Net: EF_AMUX21x:5/dummy_38                 
  sky130_fd_sc_hvl__inv_2/proxy4 = 1       |  sky130_fd_sc_hvl__inv_2/proxyVPB = 1     
                                           |                                           
Net: EF_AMUX21x:x5/dummy_20                |Net: EF_AMUX21x:5/dummy_26                 
  sky130_fd_sc_hvl__inv_2/proxy4 = 1       |  sky130_fd_sc_hvl__inv_2/proxyVPB = 1     
                                           |                                           
Net: EF_AMUX21x:x4/dummy_44                |Net: EF_AMUX21x:4/dummy_44                 
  sky130_fd_sc_hvl__inv_2/proxy4 = 1       |  sky130_fd_sc_hvl__inv_2/proxyVPB = 1     
                                           |                                           
Net: EF_AMUX21x:x4/dummy_38                |Net: EF_AMUX21x:4/dummy_38                 
  sky130_fd_sc_hvl__inv_2/proxy4 = 1       |  sky130_fd_sc_hvl__inv_2/proxyVPB = 1     
                                           |                                           
Net: EF_AMUX21x:x4/dummy_20                |Net: EF_AMUX21x:4/dummy_26                 
  sky130_fd_sc_hvl__inv_2/proxy4 = 1       |  sky130_fd_sc_hvl__inv_2/proxyVPB = 1     
                                           |                                           
Net: EF_AMUX21x:x2/dummy_44                |Net: EF_AMUX21x:3/dummy_44                 
  sky130_fd_sc_hvl__inv_2/proxy4 = 1       |  sky130_fd_sc_hvl__inv_2/proxyVPB = 1     
                                           |                                           
Net: EF_AMUX21x:x2/dummy_38                |Net: EF_AMUX21x:3/dummy_38                 
  sky130_fd_sc_hvl__inv_2/proxy4 = 1       |  sky130_fd_sc_hvl__inv_2/proxyVPB = 1     
                                           |                                           
Net: EF_AMUX21x:x2/dummy_20                |Net: EF_AMUX21x:3/dummy_26                 
  sky130_fd_sc_hvl__inv_2/proxy4 = 1       |  sky130_fd_sc_hvl__inv_2/proxyVPB = 1     
                                           |                                           
Net: EF_AMUX21x:x3/dummy_44                |Net: EF_AMUX21x:1/dummy_44                 
  sky130_fd_sc_hvl__inv_2/proxy4 = 1       |  sky130_fd_sc_hvl__inv_2/proxyVPB = 1     
                                           |                                           
Net: EF_AMUX21x:x3/dummy_38                |Net: EF_AMUX21x:1/dummy_38                 
  sky130_fd_sc_hvl__inv_2/proxy4 = 1       |  sky130_fd_sc_hvl__inv_2/proxyVPB = 1     
                                           |                                           
Net: EF_AMUX21x:x3/dummy_20                |Net: EF_AMUX21x:1/dummy_26                 
  sky130_fd_sc_hvl__inv_2/proxy4 = 1       |  sky130_fd_sc_hvl__inv_2/proxyVPB = 1     
                                           |                                           
Net: EF_AMUX21x:x1/dummy_44                |Net: EF_AMUX21x:2/dummy_44                 
  sky130_fd_sc_hvl__inv_2/proxy4 = 1       |  sky130_fd_sc_hvl__inv_2/proxyVPB = 1     
                                           |                                           
Net: EF_AMUX21x:x1/dummy_38                |Net: EF_AMUX21x:2/dummy_38                 
  sky130_fd_sc_hvl__inv_2/proxy4 = 1       |  sky130_fd_sc_hvl__inv_2/proxyVPB = 1     
                                           |                                           
Net: EF_AMUX21x:x1/dummy_20                |Net: EF_AMUX21x:2/dummy_26                 
  sky130_fd_sc_hvl__inv_2/proxy4 = 1       |  sky130_fd_sc_hvl__inv_2/proxyVPB = 1     
                                           |                                           
Net: /EF_AMUX21x_1/dummy_43                |Net: EF_AMUX21x:7/dummy_43                 
  sky130_fd_sc_hvl__inv_2/proxy3 = 1       |  sky130_fd_sc_hvl__inv_2/proxyVNB = 1     
                                           |                                           
Net: /EF_AMUX21x_1/dummy_37                |Net: EF_AMUX21x:7/dummy_37                 
  sky130_fd_sc_hvl__inv_2/proxy3 = 1       |  sky130_fd_sc_hvl__inv_2/proxyVNB = 1     
                                           |                                           
Net: /EF_AMUX21x_1/dummy_19                |Net: EF_AMUX21x:7/dummy_25                 
  sky130_fd_sc_hvl__inv_2/proxy3 = 1       |  sky130_fd_sc_hvl__inv_2/proxyVNB = 1     
                                           |                                           
Net: /EF_AMUX21x_0/dummy_43                |Net: EF_AMUX21x:6/dummy_43                 
  sky130_fd_sc_hvl__inv_2/proxy3 = 1       |  sky130_fd_sc_hvl__inv_2/proxyVNB = 1     
                                           |                                           
Net: /EF_AMUX21x_0/dummy_37                |Net: EF_AMUX21x:6/dummy_37                 
  sky130_fd_sc_hvl__inv_2/proxy3 = 1       |  sky130_fd_sc_hvl__inv_2/proxyVNB = 1     
                                           |                                           
Net: /EF_AMUX21x_0/dummy_19                |Net: EF_AMUX21x:6/dummy_25                 
  sky130_fd_sc_hvl__inv_2/proxy3 = 1       |  sky130_fd_sc_hvl__inv_2/proxyVNB = 1     
                                           |                                           
Net: EF_AMUX21x:x12/dummy_43               |Net: EF_AMUX21x:12/dummy_43                
  sky130_fd_sc_hvl__inv_2/proxy3 = 1       |  sky130_fd_sc_hvl__inv_2/proxyVNB = 1     
                                           |                                           
Net: EF_AMUX21x:x12/dummy_37               |Net: EF_AMUX21x:12/dummy_37                
  sky130_fd_sc_hvl__inv_2/proxy3 = 1       |  sky130_fd_sc_hvl__inv_2/proxyVNB = 1     
                                           |                                           
Net: EF_AMUX21x:x12/dummy_19               |Net: EF_AMUX21x:12/dummy_25                
  sky130_fd_sc_hvl__inv_2/proxy3 = 1       |  sky130_fd_sc_hvl__inv_2/proxyVNB = 1     
                                           |                                           
Net: EF_AMUX21x:x11/dummy_43               |Net: EF_AMUX21x:11/dummy_43                
  sky130_fd_sc_hvl__inv_2/proxy3 = 1       |  sky130_fd_sc_hvl__inv_2/proxyVNB = 1     
                                           |                                           
Net: EF_AMUX21x:x11/dummy_37               |Net: EF_AMUX21x:11/dummy_37                
  sky130_fd_sc_hvl__inv_2/proxy3 = 1       |  sky130_fd_sc_hvl__inv_2/proxyVNB = 1     
                                           |                                           
Net: EF_AMUX21x:x11/dummy_19               |Net: EF_AMUX21x:11/dummy_25                
  sky130_fd_sc_hvl__inv_2/proxy3 = 1       |  sky130_fd_sc_hvl__inv_2/proxyVNB = 1     
                                           |                                           
Net: EF_AMUX21x:x10/dummy_43               |Net: EF_AMUX21x:10/dummy_43                
  sky130_fd_sc_hvl__inv_2/proxy3 = 1       |  sky130_fd_sc_hvl__inv_2/proxyVNB = 1     
                                           |                                           
Net: EF_AMUX21x:x10/dummy_37               |Net: EF_AMUX21x:10/dummy_37                
  sky130_fd_sc_hvl__inv_2/proxy3 = 1       |  sky130_fd_sc_hvl__inv_2/proxyVNB = 1     
                                           |                                           
Net: EF_AMUX21x:x10/dummy_19               |Net: EF_AMUX21x:10/dummy_25                
  sky130_fd_sc_hvl__inv_2/proxy3 = 1       |  sky130_fd_sc_hvl__inv_2/proxyVNB = 1     
                                           |                                           
Net: EF_AMUX21x:x9/dummy_43                |Net: EF_AMUX21x:9/dummy_43                 
  sky130_fd_sc_hvl__inv_2/proxy3 = 1       |  sky130_fd_sc_hvl__inv_2/proxyVNB = 1     
                                           |                                           
Net: EF_AMUX21x:x9/dummy_37                |Net: EF_AMUX21x:9/dummy_37                 
  sky130_fd_sc_hvl__inv_2/proxy3 = 1       |  sky130_fd_sc_hvl__inv_2/proxyVNB = 1     
                                           |                                           
Net: EF_AMUX21x:x9/dummy_19                |Net: EF_AMUX21x:9/dummy_25                 
  sky130_fd_sc_hvl__inv_2/proxy3 = 1       |  sky130_fd_sc_hvl__inv_2/proxyVNB = 1     
                                           |                                           
Net: EF_AMUX21x:x8/dummy_43                |Net: EF_AMUX21x:8/dummy_43                 
  sky130_fd_sc_hvl__inv_2/proxy3 = 1       |  sky130_fd_sc_hvl__inv_2/proxyVNB = 1     
                                           |                                           
Net: EF_AMUX21x:x8/dummy_37                |Net: EF_AMUX21x:8/dummy_37                 
  sky130_fd_sc_hvl__inv_2/proxy3 = 1       |  sky130_fd_sc_hvl__inv_2/proxyVNB = 1     
                                           |                                           
Net: EF_AMUX21x:x8/dummy_19                |Net: EF_AMUX21x:8/dummy_25                 
  sky130_fd_sc_hvl__inv_2/proxy3 = 1       |  sky130_fd_sc_hvl__inv_2/proxyVNB = 1     
                                           |                                           
Net: EF_AMUX21x:x5/dummy_43                |Net: EF_AMUX21x:5/dummy_43                 
  sky130_fd_sc_hvl__inv_2/proxy3 = 1       |  sky130_fd_sc_hvl__inv_2/proxyVNB = 1     
                                           |                                           
Net: EF_AMUX21x:x5/dummy_37                |Net: EF_AMUX21x:5/dummy_37                 
  sky130_fd_sc_hvl__inv_2/proxy3 = 1       |  sky130_fd_sc_hvl__inv_2/proxyVNB = 1     
                                           |                                           
Net: EF_AMUX21x:x5/dummy_19                |Net: EF_AMUX21x:5/dummy_25                 
  sky130_fd_sc_hvl__inv_2/proxy3 = 1       |  sky130_fd_sc_hvl__inv_2/proxyVNB = 1     
                                           |                                           
Net: EF_AMUX21x:x4/dummy_43                |Net: EF_AMUX21x:4/dummy_43                 
  sky130_fd_sc_hvl__inv_2/proxy3 = 1       |  sky130_fd_sc_hvl__inv_2/proxyVNB = 1     
                                           |                                           
Net: EF_AMUX21x:x4/dummy_37                |Net: EF_AMUX21x:4/dummy_37                 
  sky130_fd_sc_hvl__inv_2/proxy3 = 1       |  sky130_fd_sc_hvl__inv_2/proxyVNB = 1     
                                           |                                           
Net: EF_AMUX21x:x4/dummy_19                |Net: EF_AMUX21x:4/dummy_25                 
  sky130_fd_sc_hvl__inv_2/proxy3 = 1       |  sky130_fd_sc_hvl__inv_2/proxyVNB = 1     
                                           |                                           
Net: EF_AMUX21x:x2/dummy_43                |Net: EF_AMUX21x:3/dummy_43                 
  sky130_fd_sc_hvl__inv_2/proxy3 = 1       |  sky130_fd_sc_hvl__inv_2/proxyVNB = 1     
                                           |                                           
Net: EF_AMUX21x:x2/dummy_37                |Net: EF_AMUX21x:3/dummy_37                 
  sky130_fd_sc_hvl__inv_2/proxy3 = 1       |  sky130_fd_sc_hvl__inv_2/proxyVNB = 1     
                                           |                                           
Net: EF_AMUX21x:x2/dummy_19                |Net: EF_AMUX21x:3/dummy_25                 
  sky130_fd_sc_hvl__inv_2/proxy3 = 1       |  sky130_fd_sc_hvl__inv_2/proxyVNB = 1     
                                           |                                           
Net: EF_AMUX21x:x3/dummy_43                |Net: EF_AMUX21x:1/dummy_43                 
  sky130_fd_sc_hvl__inv_2/proxy3 = 1       |  sky130_fd_sc_hvl__inv_2/proxyVNB = 1     
                                           |                                           
Net: EF_AMUX21x:x3/dummy_37                |Net: EF_AMUX21x:1/dummy_37                 
  sky130_fd_sc_hvl__inv_2/proxy3 = 1       |  sky130_fd_sc_hvl__inv_2/proxyVNB = 1     
                                           |                                           
Net: EF_AMUX21x:x3/dummy_19                |Net: EF_AMUX21x:1/dummy_25                 
  sky130_fd_sc_hvl__inv_2/proxy3 = 1       |  sky130_fd_sc_hvl__inv_2/proxyVNB = 1     
                                           |                                           
Net: EF_AMUX21x:x1/dummy_43                |Net: EF_AMUX21x:2/dummy_43                 
  sky130_fd_sc_hvl__inv_2/proxy3 = 1       |  sky130_fd_sc_hvl__inv_2/proxyVNB = 1     
                                           |                                           
Net: EF_AMUX21x:x1/dummy_37                |Net: EF_AMUX21x:2/dummy_37                 
  sky130_fd_sc_hvl__inv_2/proxy3 = 1       |  sky130_fd_sc_hvl__inv_2/proxyVNB = 1     
                                           |                                           
Net: EF_AMUX21x:x1/dummy_19                |Net: EF_AMUX21x:2/dummy_25                 
  sky130_fd_sc_hvl__inv_2/proxy3 = 1       |  sky130_fd_sc_hvl__inv_2/proxyVNB = 1     
                                           |                                           
Net: /EF_AMUX21x_1/dummy_42                |Net: EF_AMUX21x:7/dummy_42                 
  sky130_fd_sc_hvl__inv_2/proxy2 = 1       |  sky130_fd_sc_hvl__inv_2/proxyVGND = 1    
                                           |                                           
Net: /EF_AMUX21x_1/dummy_36                |Net: EF_AMUX21x:7/dummy_36                 
  sky130_fd_sc_hvl__inv_2/proxy2 = 1       |  sky130_fd_sc_hvl__inv_2/proxyVGND = 1    
                                           |                                           
Net: /EF_AMUX21x_1/dummy_18                |Net: EF_AMUX21x:7/dummy_24                 
  sky130_fd_sc_hvl__inv_2/proxy2 = 1       |  sky130_fd_sc_hvl__inv_2/proxyVGND = 1    
                                           |                                           
Net: /EF_AMUX21x_0/dummy_42                |Net: EF_AMUX21x:6/dummy_42                 
  sky130_fd_sc_hvl__inv_2/proxy2 = 1       |  sky130_fd_sc_hvl__inv_2/proxyVGND = 1    
                                           |                                           
Net: /EF_AMUX21x_0/dummy_36                |Net: EF_AMUX21x:6/dummy_36                 
  sky130_fd_sc_hvl__inv_2/proxy2 = 1       |  sky130_fd_sc_hvl__inv_2/proxyVGND = 1    
                                           |                                           
Net: /EF_AMUX21x_0/dummy_18                |Net: EF_AMUX21x:6/dummy_24                 
  sky130_fd_sc_hvl__inv_2/proxy2 = 1       |  sky130_fd_sc_hvl__inv_2/proxyVGND = 1    
                                           |                                           
Net: EF_AMUX21x:x12/dummy_42               |Net: EF_AMUX21x:12/dummy_42                
  sky130_fd_sc_hvl__inv_2/proxy2 = 1       |  sky130_fd_sc_hvl__inv_2/proxyVGND = 1    
                                           |                                           
Net: EF_AMUX21x:x12/dummy_36               |Net: EF_AMUX21x:12/dummy_36                
  sky130_fd_sc_hvl__inv_2/proxy2 = 1       |  sky130_fd_sc_hvl__inv_2/proxyVGND = 1    
                                           |                                           
Net: EF_AMUX21x:x12/dummy_18               |Net: EF_AMUX21x:12/dummy_24                
  sky130_fd_sc_hvl__inv_2/proxy2 = 1       |  sky130_fd_sc_hvl__inv_2/proxyVGND = 1    
                                           |                                           
Net: EF_AMUX21x:x11/dummy_42               |Net: EF_AMUX21x:11/dummy_42                
  sky130_fd_sc_hvl__inv_2/proxy2 = 1       |  sky130_fd_sc_hvl__inv_2/proxyVGND = 1    
                                           |                                           
Net: EF_AMUX21x:x11/dummy_36               |Net: EF_AMUX21x:11/dummy_36                
  sky130_fd_sc_hvl__inv_2/proxy2 = 1       |  sky130_fd_sc_hvl__inv_2/proxyVGND = 1    
                                           |                                           
Net: EF_AMUX21x:x11/dummy_18               |Net: EF_AMUX21x:11/dummy_24                
  sky130_fd_sc_hvl__inv_2/proxy2 = 1       |  sky130_fd_sc_hvl__inv_2/proxyVGND = 1    
                                           |                                           
Net: EF_AMUX21x:x10/dummy_42               |Net: EF_AMUX21x:10/dummy_42                
  sky130_fd_sc_hvl__inv_2/proxy2 = 1       |  sky130_fd_sc_hvl__inv_2/proxyVGND = 1    
                                           |                                           
Net: EF_AMUX21x:x10/dummy_36               |Net: EF_AMUX21x:10/dummy_36                
  sky130_fd_sc_hvl__inv_2/proxy2 = 1       |  sky130_fd_sc_hvl__inv_2/proxyVGND = 1    
                                           |                                           
Net: EF_AMUX21x:x10/dummy_18               |Net: EF_AMUX21x:10/dummy_24                
  sky130_fd_sc_hvl__inv_2/proxy2 = 1       |  sky130_fd_sc_hvl__inv_2/proxyVGND = 1    
                                           |                                           
Net: EF_AMUX21x:x9/dummy_42                |Net: EF_AMUX21x:9/dummy_42                 
  sky130_fd_sc_hvl__inv_2/proxy2 = 1       |  sky130_fd_sc_hvl__inv_2/proxyVGND = 1    
                                           |                                           
Net: EF_AMUX21x:x9/dummy_36                |Net: EF_AMUX21x:9/dummy_36                 
  sky130_fd_sc_hvl__inv_2/proxy2 = 1       |  sky130_fd_sc_hvl__inv_2/proxyVGND = 1    
                                           |                                           
Net: EF_AMUX21x:x9/dummy_18                |Net: EF_AMUX21x:9/dummy_24                 
  sky130_fd_sc_hvl__inv_2/proxy2 = 1       |  sky130_fd_sc_hvl__inv_2/proxyVGND = 1    
                                           |                                           
Net: EF_AMUX21x:x8/dummy_42                |Net: EF_AMUX21x:8/dummy_42                 
  sky130_fd_sc_hvl__inv_2/proxy2 = 1       |  sky130_fd_sc_hvl__inv_2/proxyVGND = 1    
                                           |                                           
Net: EF_AMUX21x:x8/dummy_36                |Net: EF_AMUX21x:8/dummy_36                 
  sky130_fd_sc_hvl__inv_2/proxy2 = 1       |  sky130_fd_sc_hvl__inv_2/proxyVGND = 1    
                                           |                                           
Net: EF_AMUX21x:x8/dummy_18                |Net: EF_AMUX21x:8/dummy_24                 
  sky130_fd_sc_hvl__inv_2/proxy2 = 1       |  sky130_fd_sc_hvl__inv_2/proxyVGND = 1    
                                           |                                           
Net: EF_AMUX21x:x5/dummy_42                |Net: EF_AMUX21x:5/dummy_42                 
  sky130_fd_sc_hvl__inv_2/proxy2 = 1       |  sky130_fd_sc_hvl__inv_2/proxyVGND = 1    
                                           |                                           
Net: EF_AMUX21x:x5/dummy_36                |Net: EF_AMUX21x:5/dummy_36                 
  sky130_fd_sc_hvl__inv_2/proxy2 = 1       |  sky130_fd_sc_hvl__inv_2/proxyVGND = 1    
                                           |                                           
Net: EF_AMUX21x:x5/dummy_18                |Net: EF_AMUX21x:5/dummy_24                 
  sky130_fd_sc_hvl__inv_2/proxy2 = 1       |  sky130_fd_sc_hvl__inv_2/proxyVGND = 1    
                                           |                                           
Net: EF_AMUX21x:x4/dummy_42                |Net: EF_AMUX21x:4/dummy_42                 
  sky130_fd_sc_hvl__inv_2/proxy2 = 1       |  sky130_fd_sc_hvl__inv_2/proxyVGND = 1    
                                           |                                           
Net: EF_AMUX21x:x4/dummy_36                |Net: EF_AMUX21x:4/dummy_36                 
  sky130_fd_sc_hvl__inv_2/proxy2 = 1       |  sky130_fd_sc_hvl__inv_2/proxyVGND = 1    
                                           |                                           
Net: EF_AMUX21x:x4/dummy_18                |Net: EF_AMUX21x:4/dummy_24                 
  sky130_fd_sc_hvl__inv_2/proxy2 = 1       |  sky130_fd_sc_hvl__inv_2/proxyVGND = 1    
                                           |                                           
Net: EF_AMUX21x:x2/dummy_42                |Net: EF_AMUX21x:3/dummy_42                 
  sky130_fd_sc_hvl__inv_2/proxy2 = 1       |  sky130_fd_sc_hvl__inv_2/proxyVGND = 1    
                                           |                                           
Net: EF_AMUX21x:x2/dummy_36                |Net: EF_AMUX21x:3/dummy_36                 
  sky130_fd_sc_hvl__inv_2/proxy2 = 1       |  sky130_fd_sc_hvl__inv_2/proxyVGND = 1    
                                           |                                           
Net: EF_AMUX21x:x2/dummy_18                |Net: EF_AMUX21x:3/dummy_24                 
  sky130_fd_sc_hvl__inv_2/proxy2 = 1       |  sky130_fd_sc_hvl__inv_2/proxyVGND = 1    
                                           |                                           
Net: EF_AMUX21x:x3/dummy_42                |Net: EF_AMUX21x:1/dummy_42                 
  sky130_fd_sc_hvl__inv_2/proxy2 = 1       |  sky130_fd_sc_hvl__inv_2/proxyVGND = 1    
                                           |                                           
Net: EF_AMUX21x:x3/dummy_36                |Net: EF_AMUX21x:1/dummy_36                 
  sky130_fd_sc_hvl__inv_2/proxy2 = 1       |  sky130_fd_sc_hvl__inv_2/proxyVGND = 1    
                                           |                                           
Net: EF_AMUX21x:x3/dummy_18                |Net: EF_AMUX21x:1/dummy_24                 
  sky130_fd_sc_hvl__inv_2/proxy2 = 1       |  sky130_fd_sc_hvl__inv_2/proxyVGND = 1    
                                           |                                           
Net: EF_AMUX21x:x1/dummy_42                |Net: EF_AMUX21x:2/dummy_42                 
  sky130_fd_sc_hvl__inv_2/proxy2 = 1       |  sky130_fd_sc_hvl__inv_2/proxyVGND = 1    
                                           |                                           
Net: EF_AMUX21x:x1/dummy_36                |Net: EF_AMUX21x:2/dummy_36                 
  sky130_fd_sc_hvl__inv_2/proxy2 = 1       |  sky130_fd_sc_hvl__inv_2/proxyVGND = 1    
                                           |                                           
Net: EF_AMUX21x:x1/dummy_18                |Net: EF_AMUX21x:2/dummy_24                 
  sky130_fd_sc_hvl__inv_2/proxy2 = 1       |  sky130_fd_sc_hvl__inv_2/proxyVGND = 1    
                                           |                                           
Net: /EF_AMUX21x_1/dummy_41                |Net: EF_AMUX21x:7/dummy_41                 
  sky130_fd_sc_hvl__inv_2/proxy1 = 1       |  sky130_fd_sc_hvl__inv_2/proxyA = 1       
                                           |                                           
Net: /EF_AMUX21x_1/dummy_35                |Net: EF_AMUX21x:7/dummy_35                 
  sky130_fd_sc_hvl__inv_2/proxy1 = 1       |  sky130_fd_sc_hvl__inv_2/proxyA = 1       
                                           |                                           
Net: /EF_AMUX21x_1/dummy_17                |Net: EF_AMUX21x:7/dummy_23                 
  sky130_fd_sc_hvl__inv_2/proxy1 = 1       |  sky130_fd_sc_hvl__inv_2/proxyA = 1       
                                           |                                           
Net: /EF_AMUX21x_0/dummy_41                |Net: EF_AMUX21x:6/dummy_41                 
  sky130_fd_sc_hvl__inv_2/proxy1 = 1       |  sky130_fd_sc_hvl__inv_2/proxyA = 1       
                                           |                                           
Net: /EF_AMUX21x_0/dummy_35                |Net: EF_AMUX21x:6/dummy_35                 
  sky130_fd_sc_hvl__inv_2/proxy1 = 1       |  sky130_fd_sc_hvl__inv_2/proxyA = 1       
                                           |                                           
Net: /EF_AMUX21x_0/dummy_17                |Net: EF_AMUX21x:6/dummy_23                 
  sky130_fd_sc_hvl__inv_2/proxy1 = 1       |  sky130_fd_sc_hvl__inv_2/proxyA = 1       
                                           |                                           
Net: EF_AMUX21x:x12/dummy_41               |Net: EF_AMUX21x:12/dummy_41                
  sky130_fd_sc_hvl__inv_2/proxy1 = 1       |  sky130_fd_sc_hvl__inv_2/proxyA = 1       
                                           |                                           
Net: EF_AMUX21x:x12/dummy_35               |Net: EF_AMUX21x:12/dummy_35                
  sky130_fd_sc_hvl__inv_2/proxy1 = 1       |  sky130_fd_sc_hvl__inv_2/proxyA = 1       
                                           |                                           
Net: EF_AMUX21x:x12/dummy_17               |Net: EF_AMUX21x:12/dummy_23                
  sky130_fd_sc_hvl__inv_2/proxy1 = 1       |  sky130_fd_sc_hvl__inv_2/proxyA = 1       
                                           |                                           
Net: EF_AMUX21x:x11/dummy_41               |Net: EF_AMUX21x:11/dummy_41                
  sky130_fd_sc_hvl__inv_2/proxy1 = 1       |  sky130_fd_sc_hvl__inv_2/proxyA = 1       
                                           |                                           
Net: EF_AMUX21x:x11/dummy_35               |Net: EF_AMUX21x:11/dummy_35                
  sky130_fd_sc_hvl__inv_2/proxy1 = 1       |  sky130_fd_sc_hvl__inv_2/proxyA = 1       
                                           |                                           
Net: EF_AMUX21x:x11/dummy_17               |Net: EF_AMUX21x:11/dummy_23                
  sky130_fd_sc_hvl__inv_2/proxy1 = 1       |  sky130_fd_sc_hvl__inv_2/proxyA = 1       
                                           |                                           
Net: EF_AMUX21x:x10/dummy_41               |Net: EF_AMUX21x:10/dummy_41                
  sky130_fd_sc_hvl__inv_2/proxy1 = 1       |  sky130_fd_sc_hvl__inv_2/proxyA = 1       
                                           |                                           
Net: EF_AMUX21x:x10/dummy_35               |Net: EF_AMUX21x:10/dummy_35                
  sky130_fd_sc_hvl__inv_2/proxy1 = 1       |  sky130_fd_sc_hvl__inv_2/proxyA = 1       
                                           |                                           
Net: EF_AMUX21x:x10/dummy_17               |Net: EF_AMUX21x:10/dummy_23                
  sky130_fd_sc_hvl__inv_2/proxy1 = 1       |  sky130_fd_sc_hvl__inv_2/proxyA = 1       
                                           |                                           
Net: EF_AMUX21x:x9/dummy_41                |Net: EF_AMUX21x:9/dummy_41                 
  sky130_fd_sc_hvl__inv_2/proxy1 = 1       |  sky130_fd_sc_hvl__inv_2/proxyA = 1       
                                           |                                           
Net: EF_AMUX21x:x9/dummy_35                |Net: EF_AMUX21x:9/dummy_35                 
  sky130_fd_sc_hvl__inv_2/proxy1 = 1       |  sky130_fd_sc_hvl__inv_2/proxyA = 1       
                                           |                                           
Net: EF_AMUX21x:x9/dummy_17                |Net: EF_AMUX21x:9/dummy_23                 
  sky130_fd_sc_hvl__inv_2/proxy1 = 1       |  sky130_fd_sc_hvl__inv_2/proxyA = 1       
                                           |                                           
Net: EF_AMUX21x:x8/dummy_41                |Net: EF_AMUX21x:8/dummy_41                 
  sky130_fd_sc_hvl__inv_2/proxy1 = 1       |  sky130_fd_sc_hvl__inv_2/proxyA = 1       
                                           |                                           
Net: EF_AMUX21x:x8/dummy_35                |Net: EF_AMUX21x:8/dummy_35                 
  sky130_fd_sc_hvl__inv_2/proxy1 = 1       |  sky130_fd_sc_hvl__inv_2/proxyA = 1       
                                           |                                           
Net: EF_AMUX21x:x8/dummy_17                |Net: EF_AMUX21x:8/dummy_23                 
  sky130_fd_sc_hvl__inv_2/proxy1 = 1       |  sky130_fd_sc_hvl__inv_2/proxyA = 1       
                                           |                                           
Net: EF_AMUX21x:x5/dummy_41                |Net: EF_AMUX21x:5/dummy_41                 
  sky130_fd_sc_hvl__inv_2/proxy1 = 1       |  sky130_fd_sc_hvl__inv_2/proxyA = 1       
                                           |                                           
Net: EF_AMUX21x:x5/dummy_35                |Net: EF_AMUX21x:5/dummy_35                 
  sky130_fd_sc_hvl__inv_2/proxy1 = 1       |  sky130_fd_sc_hvl__inv_2/proxyA = 1       
                                           |                                           
Net: EF_AMUX21x:x5/dummy_17                |Net: EF_AMUX21x:5/dummy_23                 
  sky130_fd_sc_hvl__inv_2/proxy1 = 1       |  sky130_fd_sc_hvl__inv_2/proxyA = 1       
                                           |                                           
Net: EF_AMUX21x:x4/dummy_41                |Net: EF_AMUX21x:4/dummy_41                 
  sky130_fd_sc_hvl__inv_2/proxy1 = 1       |  sky130_fd_sc_hvl__inv_2/proxyA = 1       
                                           |                                           
Net: EF_AMUX21x:x4/dummy_35                |Net: EF_AMUX21x:4/dummy_35                 
  sky130_fd_sc_hvl__inv_2/proxy1 = 1       |  sky130_fd_sc_hvl__inv_2/proxyA = 1       
                                           |                                           
Net: EF_AMUX21x:x4/dummy_17                |Net: EF_AMUX21x:4/dummy_23                 
  sky130_fd_sc_hvl__inv_2/proxy1 = 1       |  sky130_fd_sc_hvl__inv_2/proxyA = 1       
                                           |                                           
Net: EF_AMUX21x:x2/dummy_41                |Net: EF_AMUX21x:3/dummy_41                 
  sky130_fd_sc_hvl__inv_2/proxy1 = 1       |  sky130_fd_sc_hvl__inv_2/proxyA = 1       
                                           |                                           
Net: EF_AMUX21x:x2/dummy_35                |Net: EF_AMUX21x:3/dummy_35                 
  sky130_fd_sc_hvl__inv_2/proxy1 = 1       |  sky130_fd_sc_hvl__inv_2/proxyA = 1       
                                           |                                           
Net: EF_AMUX21x:x2/dummy_17                |Net: EF_AMUX21x:3/dummy_23                 
  sky130_fd_sc_hvl__inv_2/proxy1 = 1       |  sky130_fd_sc_hvl__inv_2/proxyA = 1       
                                           |                                           
Net: EF_AMUX21x:x3/dummy_41                |Net: EF_AMUX21x:1/dummy_41                 
  sky130_fd_sc_hvl__inv_2/proxy1 = 1       |  sky130_fd_sc_hvl__inv_2/proxyA = 1       
                                           |                                           
Net: EF_AMUX21x:x3/dummy_35                |Net: EF_AMUX21x:1/dummy_35                 
  sky130_fd_sc_hvl__inv_2/proxy1 = 1       |  sky130_fd_sc_hvl__inv_2/proxyA = 1       
                                           |                                           
Net: EF_AMUX21x:x3/dummy_17                |Net: EF_AMUX21x:1/dummy_23                 
  sky130_fd_sc_hvl__inv_2/proxy1 = 1       |  sky130_fd_sc_hvl__inv_2/proxyA = 1       
                                           |                                           
Net: EF_AMUX21x:x1/dummy_41                |Net: EF_AMUX21x:2/dummy_41                 
  sky130_fd_sc_hvl__inv_2/proxy1 = 1       |  sky130_fd_sc_hvl__inv_2/proxyA = 1       
                                           |                                           
Net: EF_AMUX21x:x1/dummy_35                |Net: EF_AMUX21x:2/dummy_35                 
  sky130_fd_sc_hvl__inv_2/proxy1 = 1       |  sky130_fd_sc_hvl__inv_2/proxyA = 1       
                                           |                                           
Net: EF_AMUX21x:x1/dummy_17                |Net: EF_AMUX21x:2/dummy_23                 
  sky130_fd_sc_hvl__inv_2/proxy1 = 1       |  sky130_fd_sc_hvl__inv_2/proxyA = 1       
                                           |                                           
Net: /EF_AMUX21x_1/dummy_34                |Net: EF_AMUX21x:7/dummy_34                 
  sky130_fd_sc_hvl__inv_2/proxy6 = 1       |  sky130_fd_sc_hvl__inv_2/proxyY = 1       
                                           |                                           
Net: /EF_AMUX21x_0/dummy_34                |Net: EF_AMUX21x:6/dummy_34                 
  sky130_fd_sc_hvl__inv_2/proxy6 = 1       |  sky130_fd_sc_hvl__inv_2/proxyY = 1       
                                           |                                           
Net: EF_AMUX21x:x12/dummy_34               |Net: EF_AMUX21x:12/dummy_34                
  sky130_fd_sc_hvl__inv_2/proxy6 = 1       |  sky130_fd_sc_hvl__inv_2/proxyY = 1       
                                           |                                           
Net: EF_AMUX21x:x11/dummy_34               |Net: EF_AMUX21x:11/dummy_34                
  sky130_fd_sc_hvl__inv_2/proxy6 = 1       |  sky130_fd_sc_hvl__inv_2/proxyY = 1       
                                           |                                           
Net: EF_AMUX21x:x10/dummy_34               |Net: EF_AMUX21x:10/dummy_34                
  sky130_fd_sc_hvl__inv_2/proxy6 = 1       |  sky130_fd_sc_hvl__inv_2/proxyY = 1       
                                           |                                           
Net: EF_AMUX21x:x9/dummy_34                |Net: EF_AMUX21x:9/dummy_34                 
  sky130_fd_sc_hvl__inv_2/proxy6 = 1       |  sky130_fd_sc_hvl__inv_2/proxyY = 1       
                                           |                                           
Net: EF_AMUX21x:x8/dummy_34                |Net: EF_AMUX21x:8/dummy_34                 
  sky130_fd_sc_hvl__inv_2/proxy6 = 1       |  sky130_fd_sc_hvl__inv_2/proxyY = 1       
                                           |                                           
Net: EF_AMUX21x:x5/dummy_34                |Net: EF_AMUX21x:5/dummy_34                 
  sky130_fd_sc_hvl__inv_2/proxy6 = 1       |  sky130_fd_sc_hvl__inv_2/proxyY = 1       
                                           |                                           
Net: EF_AMUX21x:x4/dummy_34                |Net: EF_AMUX21x:4/dummy_34                 
  sky130_fd_sc_hvl__inv_2/proxy6 = 1       |  sky130_fd_sc_hvl__inv_2/proxyY = 1       
                                           |                                           
Net: EF_AMUX21x:x2/dummy_34                |Net: EF_AMUX21x:3/dummy_34                 
  sky130_fd_sc_hvl__inv_2/proxy6 = 1       |  sky130_fd_sc_hvl__inv_2/proxyY = 1       
                                           |                                           
Net: EF_AMUX21x:x3/dummy_34                |Net: EF_AMUX21x:1/dummy_34                 
  sky130_fd_sc_hvl__inv_2/proxy6 = 1       |  sky130_fd_sc_hvl__inv_2/proxyY = 1       
                                           |                                           
Net: EF_AMUX21x:x1/dummy_34                |Net: EF_AMUX21x:2/dummy_34                 
  sky130_fd_sc_hvl__inv_2/proxy6 = 1       |  sky130_fd_sc_hvl__inv_2/proxyY = 1       
                                           |                                           
Net: /EF_AMUX21x_1/dummy_33                |Net: EF_AMUX21x:7/dummy_33                 
  sky130_fd_sc_hvl__inv_2/proxy5 = 1       |  sky130_fd_sc_hvl__inv_2/proxyVPWR = 1    
                                           |                                           
Net: /EF_AMUX21x_0/dummy_33                |Net: EF_AMUX21x:6/dummy_33                 
  sky130_fd_sc_hvl__inv_2/proxy5 = 1       |  sky130_fd_sc_hvl__inv_2/proxyVPWR = 1    
                                           |                                           
Net: EF_AMUX21x:x12/dummy_33               |Net: EF_AMUX21x:12/dummy_33                
  sky130_fd_sc_hvl__inv_2/proxy5 = 1       |  sky130_fd_sc_hvl__inv_2/proxyVPWR = 1    
                                           |                                           
Net: EF_AMUX21x:x11/dummy_33               |Net: EF_AMUX21x:11/dummy_33                
  sky130_fd_sc_hvl__inv_2/proxy5 = 1       |  sky130_fd_sc_hvl__inv_2/proxyVPWR = 1    
                                           |                                           
Net: EF_AMUX21x:x10/dummy_33               |Net: EF_AMUX21x:10/dummy_33                
  sky130_fd_sc_hvl__inv_2/proxy5 = 1       |  sky130_fd_sc_hvl__inv_2/proxyVPWR = 1    
                                           |                                           
Net: EF_AMUX21x:x9/dummy_33                |Net: EF_AMUX21x:9/dummy_33                 
  sky130_fd_sc_hvl__inv_2/proxy5 = 1       |  sky130_fd_sc_hvl__inv_2/proxyVPWR = 1    
                                           |                                           
Net: EF_AMUX21x:x8/dummy_33                |Net: EF_AMUX21x:8/dummy_33                 
  sky130_fd_sc_hvl__inv_2/proxy5 = 1       |  sky130_fd_sc_hvl__inv_2/proxyVPWR = 1    
                                           |                                           
Net: EF_AMUX21x:x5/dummy_33                |Net: EF_AMUX21x:5/dummy_33                 
  sky130_fd_sc_hvl__inv_2/proxy5 = 1       |  sky130_fd_sc_hvl__inv_2/proxyVPWR = 1    
                                           |                                           
Net: EF_AMUX21x:x4/dummy_33                |Net: EF_AMUX21x:4/dummy_33                 
  sky130_fd_sc_hvl__inv_2/proxy5 = 1       |  sky130_fd_sc_hvl__inv_2/proxyVPWR = 1    
                                           |                                           
Net: EF_AMUX21x:x2/dummy_33                |Net: EF_AMUX21x:3/dummy_33                 
  sky130_fd_sc_hvl__inv_2/proxy5 = 1       |  sky130_fd_sc_hvl__inv_2/proxyVPWR = 1    
                                           |                                           
Net: EF_AMUX21x:x3/dummy_33                |Net: EF_AMUX21x:1/dummy_33                 
  sky130_fd_sc_hvl__inv_2/proxy5 = 1       |  sky130_fd_sc_hvl__inv_2/proxyVPWR = 1    
                                           |                                           
Net: EF_AMUX21x:x1/dummy_33                |Net: EF_AMUX21x:2/dummy_33                 
  sky130_fd_sc_hvl__inv_2/proxy5 = 1       |  sky130_fd_sc_hvl__inv_2/proxyVPWR = 1    
                                           |                                           
Net: /EF_AMUX21x_1/dummy_32                |Net: EF_AMUX21x:7/dummy_32                 
  sky130_fd_sc_hvl__inv_2/proxy4 = 1       |  sky130_fd_sc_hvl__inv_2/proxyVPB = 1     
                                           |                                           
Net: /EF_AMUX21x_0/dummy_32                |Net: EF_AMUX21x:6/dummy_32                 
  sky130_fd_sc_hvl__inv_2/proxy4 = 1       |  sky130_fd_sc_hvl__inv_2/proxyVPB = 1     
                                           |                                           
Net: EF_AMUX21x:x12/dummy_32               |Net: EF_AMUX21x:12/dummy_32                
  sky130_fd_sc_hvl__inv_2/proxy4 = 1       |  sky130_fd_sc_hvl__inv_2/proxyVPB = 1     
                                           |                                           
Net: EF_AMUX21x:x11/dummy_32               |Net: EF_AMUX21x:11/dummy_32                
  sky130_fd_sc_hvl__inv_2/proxy4 = 1       |  sky130_fd_sc_hvl__inv_2/proxyVPB = 1     
                                           |                                           
Net: EF_AMUX21x:x10/dummy_32               |Net: EF_AMUX21x:10/dummy_32                
  sky130_fd_sc_hvl__inv_2/proxy4 = 1       |  sky130_fd_sc_hvl__inv_2/proxyVPB = 1     
                                           |                                           
Net: EF_AMUX21x:x9/dummy_32                |Net: EF_AMUX21x:9/dummy_32                 
  sky130_fd_sc_hvl__inv_2/proxy4 = 1       |  sky130_fd_sc_hvl__inv_2/proxyVPB = 1     
                                           |                                           
Net: EF_AMUX21x:x8/dummy_32                |Net: EF_AMUX21x:8/dummy_32                 
  sky130_fd_sc_hvl__inv_2/proxy4 = 1       |  sky130_fd_sc_hvl__inv_2/proxyVPB = 1     
                                           |                                           
Net: EF_AMUX21x:x5/dummy_32                |Net: EF_AMUX21x:5/dummy_32                 
  sky130_fd_sc_hvl__inv_2/proxy4 = 1       |  sky130_fd_sc_hvl__inv_2/proxyVPB = 1     
                                           |                                           
Net: EF_AMUX21x:x4/dummy_32                |Net: EF_AMUX21x:4/dummy_32                 
  sky130_fd_sc_hvl__inv_2/proxy4 = 1       |  sky130_fd_sc_hvl__inv_2/proxyVPB = 1     
                                           |                                           
Net: EF_AMUX21x:x2/dummy_32                |Net: EF_AMUX21x:3/dummy_32                 
  sky130_fd_sc_hvl__inv_2/proxy4 = 1       |  sky130_fd_sc_hvl__inv_2/proxyVPB = 1     
                                           |                                           
Net: EF_AMUX21x:x3/dummy_32                |Net: EF_AMUX21x:1/dummy_32                 
  sky130_fd_sc_hvl__inv_2/proxy4 = 1       |  sky130_fd_sc_hvl__inv_2/proxyVPB = 1     
                                           |                                           
Net: EF_AMUX21x:x1/dummy_32                |Net: EF_AMUX21x:2/dummy_32                 
  sky130_fd_sc_hvl__inv_2/proxy4 = 1       |  sky130_fd_sc_hvl__inv_2/proxyVPB = 1     
                                           |                                           
Net: /EF_AMUX21x_1/dummy_31                |Net: EF_AMUX21x:7/dummy_31                 
  sky130_fd_sc_hvl__inv_2/proxy3 = 1       |  sky130_fd_sc_hvl__inv_2/proxyVNB = 1     
                                           |                                           
Net: /EF_AMUX21x_0/dummy_31                |Net: EF_AMUX21x:6/dummy_31                 
  sky130_fd_sc_hvl__inv_2/proxy3 = 1       |  sky130_fd_sc_hvl__inv_2/proxyVNB = 1     
                                           |                                           
Net: EF_AMUX21x:x12/dummy_31               |Net: EF_AMUX21x:12/dummy_31                
  sky130_fd_sc_hvl__inv_2/proxy3 = 1       |  sky130_fd_sc_hvl__inv_2/proxyVNB = 1     
                                           |                                           
Net: EF_AMUX21x:x11/dummy_31               |Net: EF_AMUX21x:11/dummy_31                
  sky130_fd_sc_hvl__inv_2/proxy3 = 1       |  sky130_fd_sc_hvl__inv_2/proxyVNB = 1     
                                           |                                           
Net: EF_AMUX21x:x10/dummy_31               |Net: EF_AMUX21x:10/dummy_31                
  sky130_fd_sc_hvl__inv_2/proxy3 = 1       |  sky130_fd_sc_hvl__inv_2/proxyVNB = 1     
                                           |                                           
Net: EF_AMUX21x:x9/dummy_31                |Net: EF_AMUX21x:9/dummy_31                 
  sky130_fd_sc_hvl__inv_2/proxy3 = 1       |  sky130_fd_sc_hvl__inv_2/proxyVNB = 1     
                                           |                                           
Net: EF_AMUX21x:x8/dummy_31                |Net: EF_AMUX21x:8/dummy_31                 
  sky130_fd_sc_hvl__inv_2/proxy3 = 1       |  sky130_fd_sc_hvl__inv_2/proxyVNB = 1     
                                           |                                           
Net: EF_AMUX21x:x5/dummy_31                |Net: EF_AMUX21x:5/dummy_31                 
  sky130_fd_sc_hvl__inv_2/proxy3 = 1       |  sky130_fd_sc_hvl__inv_2/proxyVNB = 1     
                                           |                                           
Net: EF_AMUX21x:x4/dummy_31                |Net: EF_AMUX21x:4/dummy_31                 
  sky130_fd_sc_hvl__inv_2/proxy3 = 1       |  sky130_fd_sc_hvl__inv_2/proxyVNB = 1     
                                           |                                           
Net: EF_AMUX21x:x2/dummy_31                |Net: EF_AMUX21x:3/dummy_31                 
  sky130_fd_sc_hvl__inv_2/proxy3 = 1       |  sky130_fd_sc_hvl__inv_2/proxyVNB = 1     
                                           |                                           
Net: EF_AMUX21x:x3/dummy_31                |Net: EF_AMUX21x:1/dummy_31                 
  sky130_fd_sc_hvl__inv_2/proxy3 = 1       |  sky130_fd_sc_hvl__inv_2/proxyVNB = 1     
                                           |                                           
Net: EF_AMUX21x:x1/dummy_31                |Net: EF_AMUX21x:2/dummy_31                 
  sky130_fd_sc_hvl__inv_2/proxy3 = 1       |  sky130_fd_sc_hvl__inv_2/proxyVNB = 1     
                                           |                                           
Net: /EF_AMUX21x_1/dummy_30                |Net: EF_AMUX21x:7/dummy_30                 
  sky130_fd_sc_hvl__inv_2/proxy2 = 1       |  sky130_fd_sc_hvl__inv_2/proxyVGND = 1    
                                           |                                           
Net: /EF_AMUX21x_0/dummy_30                |Net: EF_AMUX21x:6/dummy_30                 
  sky130_fd_sc_hvl__inv_2/proxy2 = 1       |  sky130_fd_sc_hvl__inv_2/proxyVGND = 1    
                                           |                                           
Net: EF_AMUX21x:x12/dummy_30               |Net: EF_AMUX21x:12/dummy_30                
  sky130_fd_sc_hvl__inv_2/proxy2 = 1       |  sky130_fd_sc_hvl__inv_2/proxyVGND = 1    
                                           |                                           
Net: EF_AMUX21x:x11/dummy_30               |Net: EF_AMUX21x:11/dummy_30                
  sky130_fd_sc_hvl__inv_2/proxy2 = 1       |  sky130_fd_sc_hvl__inv_2/proxyVGND = 1    
                                           |                                           
Net: EF_AMUX21x:x10/dummy_30               |Net: EF_AMUX21x:10/dummy_30                
  sky130_fd_sc_hvl__inv_2/proxy2 = 1       |  sky130_fd_sc_hvl__inv_2/proxyVGND = 1    
                                           |                                           
Net: EF_AMUX21x:x9/dummy_30                |Net: EF_AMUX21x:9/dummy_30                 
  sky130_fd_sc_hvl__inv_2/proxy2 = 1       |  sky130_fd_sc_hvl__inv_2/proxyVGND = 1    
                                           |                                           
Net: EF_AMUX21x:x8/dummy_30                |Net: EF_AMUX21x:8/dummy_30                 
  sky130_fd_sc_hvl__inv_2/proxy2 = 1       |  sky130_fd_sc_hvl__inv_2/proxyVGND = 1    
                                           |                                           
Net: EF_AMUX21x:x5/dummy_30                |Net: EF_AMUX21x:5/dummy_30                 
  sky130_fd_sc_hvl__inv_2/proxy2 = 1       |  sky130_fd_sc_hvl__inv_2/proxyVGND = 1    
                                           |                                           
Net: EF_AMUX21x:x4/dummy_30                |Net: EF_AMUX21x:4/dummy_30                 
  sky130_fd_sc_hvl__inv_2/proxy2 = 1       |  sky130_fd_sc_hvl__inv_2/proxyVGND = 1    
                                           |                                           
Net: EF_AMUX21x:x2/dummy_30                |Net: EF_AMUX21x:3/dummy_30                 
  sky130_fd_sc_hvl__inv_2/proxy2 = 1       |  sky130_fd_sc_hvl__inv_2/proxyVGND = 1    
                                           |                                           
Net: EF_AMUX21x:x3/dummy_30                |Net: EF_AMUX21x:1/dummy_30                 
  sky130_fd_sc_hvl__inv_2/proxy2 = 1       |  sky130_fd_sc_hvl__inv_2/proxyVGND = 1    
                                           |                                           
Net: EF_AMUX21x:x1/dummy_30                |Net: EF_AMUX21x:2/dummy_30                 
  sky130_fd_sc_hvl__inv_2/proxy2 = 1       |  sky130_fd_sc_hvl__inv_2/proxyVGND = 1    
                                           |                                           
Net: /EF_AMUX21x_1/dummy_29                |Net: EF_AMUX21x:7/dummy_29                 
  sky130_fd_sc_hvl__inv_2/proxy1 = 1       |  sky130_fd_sc_hvl__inv_2/proxyA = 1       
                                           |                                           
Net: /EF_AMUX21x_0/dummy_29                |Net: EF_AMUX21x:6/dummy_29                 
  sky130_fd_sc_hvl__inv_2/proxy1 = 1       |  sky130_fd_sc_hvl__inv_2/proxyA = 1       
                                           |                                           
Net: EF_AMUX21x:x12/dummy_29               |Net: EF_AMUX21x:12/dummy_29                
  sky130_fd_sc_hvl__inv_2/proxy1 = 1       |  sky130_fd_sc_hvl__inv_2/proxyA = 1       
                                           |                                           
Net: EF_AMUX21x:x11/dummy_29               |Net: EF_AMUX21x:11/dummy_29                
  sky130_fd_sc_hvl__inv_2/proxy1 = 1       |  sky130_fd_sc_hvl__inv_2/proxyA = 1       
                                           |                                           
Net: EF_AMUX21x:x10/dummy_29               |Net: EF_AMUX21x:10/dummy_29                
  sky130_fd_sc_hvl__inv_2/proxy1 = 1       |  sky130_fd_sc_hvl__inv_2/proxyA = 1       
                                           |                                           
Net: EF_AMUX21x:x9/dummy_29                |Net: EF_AMUX21x:9/dummy_29                 
  sky130_fd_sc_hvl__inv_2/proxy1 = 1       |  sky130_fd_sc_hvl__inv_2/proxyA = 1       
                                           |                                           
Net: EF_AMUX21x:x8/dummy_29                |Net: EF_AMUX21x:8/dummy_29                 
  sky130_fd_sc_hvl__inv_2/proxy1 = 1       |  sky130_fd_sc_hvl__inv_2/proxyA = 1       
                                           |                                           
Net: EF_AMUX21x:x5/dummy_29                |Net: EF_AMUX21x:5/dummy_29                 
  sky130_fd_sc_hvl__inv_2/proxy1 = 1       |  sky130_fd_sc_hvl__inv_2/proxyA = 1       
                                           |                                           
Net: EF_AMUX21x:x4/dummy_29                |Net: EF_AMUX21x:4/dummy_29                 
  sky130_fd_sc_hvl__inv_2/proxy1 = 1       |  sky130_fd_sc_hvl__inv_2/proxyA = 1       
                                           |                                           
Net: EF_AMUX21x:x2/dummy_29                |Net: EF_AMUX21x:3/dummy_29                 
  sky130_fd_sc_hvl__inv_2/proxy1 = 1       |  sky130_fd_sc_hvl__inv_2/proxyA = 1       
                                           |                                           
Net: EF_AMUX21x:x3/dummy_29                |Net: EF_AMUX21x:1/dummy_29                 
  sky130_fd_sc_hvl__inv_2/proxy1 = 1       |  sky130_fd_sc_hvl__inv_2/proxyA = 1       
                                           |                                           
Net: EF_AMUX21x:x1/dummy_29                |Net: EF_AMUX21x:2/dummy_29                 
  sky130_fd_sc_hvl__inv_2/proxy1 = 1       |  sky130_fd_sc_hvl__inv_2/proxyA = 1       
                                           |                                           
Net: /EF_AMUX21x_1/dummy_28                |Net: EF_AMUX21x:7/dummy_22                 
  sky130_fd_sc_hvl__inv_2/proxy6 = 1       |  sky130_fd_sc_hvl__inv_2/proxyY = 1       
                                           |                                           
Net: /EF_AMUX21x_0/dummy_28                |Net: EF_AMUX21x:6/dummy_22                 
  sky130_fd_sc_hvl__inv_2/proxy6 = 1       |  sky130_fd_sc_hvl__inv_2/proxyY = 1       
                                           |                                           
Net: EF_AMUX21x:x12/dummy_28               |Net: EF_AMUX21x:12/dummy_22                
  sky130_fd_sc_hvl__inv_2/proxy6 = 1       |  sky130_fd_sc_hvl__inv_2/proxyY = 1       
                                           |                                           
Net: EF_AMUX21x:x11/dummy_28               |Net: EF_AMUX21x:11/dummy_22                
  sky130_fd_sc_hvl__inv_2/proxy6 = 1       |  sky130_fd_sc_hvl__inv_2/proxyY = 1       
                                           |                                           
Net: EF_AMUX21x:x10/dummy_28               |Net: EF_AMUX21x:10/dummy_22                
  sky130_fd_sc_hvl__inv_2/proxy6 = 1       |  sky130_fd_sc_hvl__inv_2/proxyY = 1       
                                           |                                           
Net: EF_AMUX21x:x9/dummy_28                |Net: EF_AMUX21x:9/dummy_22                 
  sky130_fd_sc_hvl__inv_2/proxy6 = 1       |  sky130_fd_sc_hvl__inv_2/proxyY = 1       
                                           |                                           
Net: EF_AMUX21x:x8/dummy_28                |Net: EF_AMUX21x:8/dummy_22                 
  sky130_fd_sc_hvl__inv_2/proxy6 = 1       |  sky130_fd_sc_hvl__inv_2/proxyY = 1       
                                           |                                           
Net: EF_AMUX21x:x5/dummy_28                |Net: EF_AMUX21x:5/dummy_22                 
  sky130_fd_sc_hvl__inv_2/proxy6 = 1       |  sky130_fd_sc_hvl__inv_2/proxyY = 1       
                                           |                                           
Net: EF_AMUX21x:x4/dummy_28                |Net: EF_AMUX21x:4/dummy_22                 
  sky130_fd_sc_hvl__inv_2/proxy6 = 1       |  sky130_fd_sc_hvl__inv_2/proxyY = 1       
                                           |                                           
Net: EF_AMUX21x:x2/dummy_28                |Net: EF_AMUX21x:3/dummy_22                 
  sky130_fd_sc_hvl__inv_2/proxy6 = 1       |  sky130_fd_sc_hvl__inv_2/proxyY = 1       
                                           |                                           
Net: EF_AMUX21x:x3/dummy_28                |Net: EF_AMUX21x:1/dummy_22                 
  sky130_fd_sc_hvl__inv_2/proxy6 = 1       |  sky130_fd_sc_hvl__inv_2/proxyY = 1       
                                           |                                           
Net: EF_AMUX21x:x1/dummy_28                |Net: EF_AMUX21x:2/dummy_22                 
  sky130_fd_sc_hvl__inv_2/proxy6 = 1       |  sky130_fd_sc_hvl__inv_2/proxyY = 1       
                                           |                                           
Net: /EF_AMUX21x_1/dummy_27                |Net: EF_AMUX21x:7/dummy_21                 
  sky130_fd_sc_hvl__inv_2/proxy5 = 1       |  sky130_fd_sc_hvl__inv_2/proxyVPWR = 1    
                                           |                                           
Net: /EF_AMUX21x_0/dummy_27                |Net: EF_AMUX21x:6/dummy_21                 
  sky130_fd_sc_hvl__inv_2/proxy5 = 1       |  sky130_fd_sc_hvl__inv_2/proxyVPWR = 1    
                                           |                                           
Net: EF_AMUX21x:x12/dummy_27               |Net: EF_AMUX21x:12/dummy_21                
  sky130_fd_sc_hvl__inv_2/proxy5 = 1       |  sky130_fd_sc_hvl__inv_2/proxyVPWR = 1    
                                           |                                           
Net: EF_AMUX21x:x11/dummy_27               |Net: EF_AMUX21x:11/dummy_21                
  sky130_fd_sc_hvl__inv_2/proxy5 = 1       |  sky130_fd_sc_hvl__inv_2/proxyVPWR = 1    
                                           |                                           
Net: EF_AMUX21x:x10/dummy_27               |Net: EF_AMUX21x:10/dummy_21                
  sky130_fd_sc_hvl__inv_2/proxy5 = 1       |  sky130_fd_sc_hvl__inv_2/proxyVPWR = 1    
                                           |                                           
Net: EF_AMUX21x:x9/dummy_27                |Net: EF_AMUX21x:9/dummy_21                 
  sky130_fd_sc_hvl__inv_2/proxy5 = 1       |  sky130_fd_sc_hvl__inv_2/proxyVPWR = 1    
                                           |                                           
Net: EF_AMUX21x:x8/dummy_27                |Net: EF_AMUX21x:8/dummy_21                 
  sky130_fd_sc_hvl__inv_2/proxy5 = 1       |  sky130_fd_sc_hvl__inv_2/proxyVPWR = 1    
                                           |                                           
Net: EF_AMUX21x:x5/dummy_27                |Net: EF_AMUX21x:5/dummy_21                 
  sky130_fd_sc_hvl__inv_2/proxy5 = 1       |  sky130_fd_sc_hvl__inv_2/proxyVPWR = 1    
                                           |                                           
Net: EF_AMUX21x:x4/dummy_27                |Net: EF_AMUX21x:4/dummy_21                 
  sky130_fd_sc_hvl__inv_2/proxy5 = 1       |  sky130_fd_sc_hvl__inv_2/proxyVPWR = 1    
                                           |                                           
Net: EF_AMUX21x:x2/dummy_27                |Net: EF_AMUX21x:3/dummy_21                 
  sky130_fd_sc_hvl__inv_2/proxy5 = 1       |  sky130_fd_sc_hvl__inv_2/proxyVPWR = 1    
                                           |                                           
Net: EF_AMUX21x:x3/dummy_27                |Net: EF_AMUX21x:1/dummy_21                 
  sky130_fd_sc_hvl__inv_2/proxy5 = 1       |  sky130_fd_sc_hvl__inv_2/proxyVPWR = 1    
                                           |                                           
Net: EF_AMUX21x:x1/dummy_27                |Net: EF_AMUX21x:2/dummy_21                 
  sky130_fd_sc_hvl__inv_2/proxy5 = 1       |  sky130_fd_sc_hvl__inv_2/proxyVPWR = 1    
                                           |                                           
Net: /EF_AMUX21x_1/dummy_26                |Net: EF_AMUX21x:7/dummy_20                 
  sky130_fd_sc_hvl__inv_2/proxy4 = 1       |  sky130_fd_sc_hvl__inv_2/proxyVPB = 1     
                                           |                                           
Net: /EF_AMUX21x_0/dummy_26                |Net: EF_AMUX21x:6/dummy_20                 
  sky130_fd_sc_hvl__inv_2/proxy4 = 1       |  sky130_fd_sc_hvl__inv_2/proxyVPB = 1     
                                           |                                           
Net: EF_AMUX21x:x12/dummy_26               |Net: EF_AMUX21x:12/dummy_20                
  sky130_fd_sc_hvl__inv_2/proxy4 = 1       |  sky130_fd_sc_hvl__inv_2/proxyVPB = 1     
                                           |                                           
Net: EF_AMUX21x:x11/dummy_26               |Net: EF_AMUX21x:11/dummy_20                
  sky130_fd_sc_hvl__inv_2/proxy4 = 1       |  sky130_fd_sc_hvl__inv_2/proxyVPB = 1     
                                           |                                           
Net: EF_AMUX21x:x10/dummy_26               |Net: EF_AMUX21x:10/dummy_20                
  sky130_fd_sc_hvl__inv_2/proxy4 = 1       |  sky130_fd_sc_hvl__inv_2/proxyVPB = 1     
                                           |                                           
Net: EF_AMUX21x:x9/dummy_26                |Net: EF_AMUX21x:9/dummy_20                 
  sky130_fd_sc_hvl__inv_2/proxy4 = 1       |  sky130_fd_sc_hvl__inv_2/proxyVPB = 1     
                                           |                                           
Net: EF_AMUX21x:x8/dummy_26                |Net: EF_AMUX21x:8/dummy_20                 
  sky130_fd_sc_hvl__inv_2/proxy4 = 1       |  sky130_fd_sc_hvl__inv_2/proxyVPB = 1     
                                           |                                           
Net: EF_AMUX21x:x5/dummy_26                |Net: EF_AMUX21x:5/dummy_20                 
  sky130_fd_sc_hvl__inv_2/proxy4 = 1       |  sky130_fd_sc_hvl__inv_2/proxyVPB = 1     
                                           |                                           
Net: EF_AMUX21x:x4/dummy_26                |Net: EF_AMUX21x:4/dummy_20                 
  sky130_fd_sc_hvl__inv_2/proxy4 = 1       |  sky130_fd_sc_hvl__inv_2/proxyVPB = 1     
                                           |                                           
Net: EF_AMUX21x:x2/dummy_26                |Net: EF_AMUX21x:3/dummy_20                 
  sky130_fd_sc_hvl__inv_2/proxy4 = 1       |  sky130_fd_sc_hvl__inv_2/proxyVPB = 1     
                                           |                                           
Net: EF_AMUX21x:x3/dummy_26                |Net: EF_AMUX21x:1/dummy_20                 
  sky130_fd_sc_hvl__inv_2/proxy4 = 1       |  sky130_fd_sc_hvl__inv_2/proxyVPB = 1     
                                           |                                           
Net: EF_AMUX21x:x1/dummy_26                |Net: EF_AMUX21x:2/dummy_20                 
  sky130_fd_sc_hvl__inv_2/proxy4 = 1       |  sky130_fd_sc_hvl__inv_2/proxyVPB = 1     
                                           |                                           
Net: /EF_AMUX21x_1/dummy_25                |Net: EF_AMUX21x:7/dummy_19                 
  sky130_fd_sc_hvl__inv_2/proxy3 = 1       |  sky130_fd_sc_hvl__inv_2/proxyVNB = 1     
                                           |                                           
Net: /EF_AMUX21x_0/dummy_25                |Net: EF_AMUX21x:6/dummy_19                 
  sky130_fd_sc_hvl__inv_2/proxy3 = 1       |  sky130_fd_sc_hvl__inv_2/proxyVNB = 1     
                                           |                                           
Net: EF_AMUX21x:x12/dummy_25               |Net: EF_AMUX21x:12/dummy_19                
  sky130_fd_sc_hvl__inv_2/proxy3 = 1       |  sky130_fd_sc_hvl__inv_2/proxyVNB = 1     
                                           |                                           
Net: EF_AMUX21x:x11/dummy_25               |Net: EF_AMUX21x:11/dummy_19                
  sky130_fd_sc_hvl__inv_2/proxy3 = 1       |  sky130_fd_sc_hvl__inv_2/proxyVNB = 1     
                                           |                                           
Net: EF_AMUX21x:x10/dummy_25               |Net: EF_AMUX21x:10/dummy_19                
  sky130_fd_sc_hvl__inv_2/proxy3 = 1       |  sky130_fd_sc_hvl__inv_2/proxyVNB = 1     
                                           |                                           
Net: EF_AMUX21x:x9/dummy_25                |Net: EF_AMUX21x:9/dummy_19                 
  sky130_fd_sc_hvl__inv_2/proxy3 = 1       |  sky130_fd_sc_hvl__inv_2/proxyVNB = 1     
                                           |                                           
Net: EF_AMUX21x:x8/dummy_25                |Net: EF_AMUX21x:8/dummy_19                 
  sky130_fd_sc_hvl__inv_2/proxy3 = 1       |  sky130_fd_sc_hvl__inv_2/proxyVNB = 1     
                                           |                                           
Net: EF_AMUX21x:x5/dummy_25                |Net: EF_AMUX21x:5/dummy_19                 
  sky130_fd_sc_hvl__inv_2/proxy3 = 1       |  sky130_fd_sc_hvl__inv_2/proxyVNB = 1     
                                           |                                           
Net: EF_AMUX21x:x4/dummy_25                |Net: EF_AMUX21x:4/dummy_19                 
  sky130_fd_sc_hvl__inv_2/proxy3 = 1       |  sky130_fd_sc_hvl__inv_2/proxyVNB = 1     
                                           |                                           
Net: EF_AMUX21x:x2/dummy_25                |Net: EF_AMUX21x:3/dummy_19                 
  sky130_fd_sc_hvl__inv_2/proxy3 = 1       |  sky130_fd_sc_hvl__inv_2/proxyVNB = 1     
                                           |                                           
Net: EF_AMUX21x:x3/dummy_25                |Net: EF_AMUX21x:1/dummy_19                 
  sky130_fd_sc_hvl__inv_2/proxy3 = 1       |  sky130_fd_sc_hvl__inv_2/proxyVNB = 1     
                                           |                                           
Net: EF_AMUX21x:x1/dummy_25                |Net: EF_AMUX21x:2/dummy_19                 
  sky130_fd_sc_hvl__inv_2/proxy3 = 1       |  sky130_fd_sc_hvl__inv_2/proxyVNB = 1     
                                           |                                           
Net: /EF_AMUX21x_1/dummy_24                |Net: EF_AMUX21x:7/dummy_18                 
  sky130_fd_sc_hvl__inv_2/proxy2 = 1       |  sky130_fd_sc_hvl__inv_2/proxyVGND = 1    
                                           |                                           
Net: /EF_AMUX21x_0/dummy_24                |Net: EF_AMUX21x:6/dummy_18                 
  sky130_fd_sc_hvl__inv_2/proxy2 = 1       |  sky130_fd_sc_hvl__inv_2/proxyVGND = 1    
                                           |                                           
Net: EF_AMUX21x:x12/dummy_24               |Net: EF_AMUX21x:12/dummy_18                
  sky130_fd_sc_hvl__inv_2/proxy2 = 1       |  sky130_fd_sc_hvl__inv_2/proxyVGND = 1    
                                           |                                           
Net: EF_AMUX21x:x11/dummy_24               |Net: EF_AMUX21x:11/dummy_18                
  sky130_fd_sc_hvl__inv_2/proxy2 = 1       |  sky130_fd_sc_hvl__inv_2/proxyVGND = 1    
                                           |                                           
Net: EF_AMUX21x:x10/dummy_24               |Net: EF_AMUX21x:10/dummy_18                
  sky130_fd_sc_hvl__inv_2/proxy2 = 1       |  sky130_fd_sc_hvl__inv_2/proxyVGND = 1    
                                           |                                           
Net: EF_AMUX21x:x9/dummy_24                |Net: EF_AMUX21x:9/dummy_18                 
  sky130_fd_sc_hvl__inv_2/proxy2 = 1       |  sky130_fd_sc_hvl__inv_2/proxyVGND = 1    
                                           |                                           
Net: EF_AMUX21x:x8/dummy_24                |Net: EF_AMUX21x:8/dummy_18                 
  sky130_fd_sc_hvl__inv_2/proxy2 = 1       |  sky130_fd_sc_hvl__inv_2/proxyVGND = 1    
                                           |                                           
Net: EF_AMUX21x:x5/dummy_24                |Net: EF_AMUX21x:5/dummy_18                 
  sky130_fd_sc_hvl__inv_2/proxy2 = 1       |  sky130_fd_sc_hvl__inv_2/proxyVGND = 1    
                                           |                                           
Net: EF_AMUX21x:x4/dummy_24                |Net: EF_AMUX21x:4/dummy_18                 
  sky130_fd_sc_hvl__inv_2/proxy2 = 1       |  sky130_fd_sc_hvl__inv_2/proxyVGND = 1    
                                           |                                           
Net: EF_AMUX21x:x2/dummy_24                |Net: EF_AMUX21x:3/dummy_18                 
  sky130_fd_sc_hvl__inv_2/proxy2 = 1       |  sky130_fd_sc_hvl__inv_2/proxyVGND = 1    
                                           |                                           
Net: EF_AMUX21x:x3/dummy_24                |Net: EF_AMUX21x:1/dummy_18                 
  sky130_fd_sc_hvl__inv_2/proxy2 = 1       |  sky130_fd_sc_hvl__inv_2/proxyVGND = 1    
                                           |                                           
Net: EF_AMUX21x:x1/dummy_24                |Net: EF_AMUX21x:2/dummy_18                 
  sky130_fd_sc_hvl__inv_2/proxy2 = 1       |  sky130_fd_sc_hvl__inv_2/proxyVGND = 1    
                                           |                                           
Net: /EF_AMUX21x_1/dummy_23                |Net: EF_AMUX21x:7/dummy_17                 
  sky130_fd_sc_hvl__inv_2/proxy1 = 1       |  sky130_fd_sc_hvl__inv_2/proxyA = 1       
                                           |                                           
Net: /EF_AMUX21x_0/dummy_23                |Net: EF_AMUX21x:6/dummy_17                 
  sky130_fd_sc_hvl__inv_2/proxy1 = 1       |  sky130_fd_sc_hvl__inv_2/proxyA = 1       
                                           |                                           
Net: EF_AMUX21x:x12/dummy_23               |Net: EF_AMUX21x:12/dummy_17                
  sky130_fd_sc_hvl__inv_2/proxy1 = 1       |  sky130_fd_sc_hvl__inv_2/proxyA = 1       
                                           |                                           
Net: EF_AMUX21x:x11/dummy_23               |Net: EF_AMUX21x:11/dummy_17                
  sky130_fd_sc_hvl__inv_2/proxy1 = 1       |  sky130_fd_sc_hvl__inv_2/proxyA = 1       
                                           |                                           
Net: EF_AMUX21x:x10/dummy_23               |Net: EF_AMUX21x:10/dummy_17                
  sky130_fd_sc_hvl__inv_2/proxy1 = 1       |  sky130_fd_sc_hvl__inv_2/proxyA = 1       
                                           |                                           
Net: EF_AMUX21x:x9/dummy_23                |Net: EF_AMUX21x:9/dummy_17                 
  sky130_fd_sc_hvl__inv_2/proxy1 = 1       |  sky130_fd_sc_hvl__inv_2/proxyA = 1       
                                           |                                           
Net: EF_AMUX21x:x8/dummy_23                |Net: EF_AMUX21x:8/dummy_17                 
  sky130_fd_sc_hvl__inv_2/proxy1 = 1       |  sky130_fd_sc_hvl__inv_2/proxyA = 1       
                                           |                                           
Net: EF_AMUX21x:x5/dummy_23                |Net: EF_AMUX21x:5/dummy_17                 
  sky130_fd_sc_hvl__inv_2/proxy1 = 1       |  sky130_fd_sc_hvl__inv_2/proxyA = 1       
                                           |                                           
Net: EF_AMUX21x:x4/dummy_23                |Net: EF_AMUX21x:4/dummy_17                 
  sky130_fd_sc_hvl__inv_2/proxy1 = 1       |  sky130_fd_sc_hvl__inv_2/proxyA = 1       
                                           |                                           
Net: EF_AMUX21x:x2/dummy_23                |Net: EF_AMUX21x:3/dummy_17                 
  sky130_fd_sc_hvl__inv_2/proxy1 = 1       |  sky130_fd_sc_hvl__inv_2/proxyA = 1       
                                           |                                           
Net: EF_AMUX21x:x3/dummy_23                |Net: EF_AMUX21x:1/dummy_17                 
  sky130_fd_sc_hvl__inv_2/proxy1 = 1       |  sky130_fd_sc_hvl__inv_2/proxyA = 1       
                                           |                                           
Net: EF_AMUX21x:x1/dummy_23                |Net: EF_AMUX21x:2/dummy_17                 
  sky130_fd_sc_hvl__inv_2/proxy1 = 1       |  sky130_fd_sc_hvl__inv_2/proxyA = 1       
                                           |                                           
Net: EF_AMUX21x:x1/dummy_50                |Net: EF_AMUX21x:2/dummy_50                 
  sky130_fd_sc_hvl__decap_8/proxy4 = 1     |  sky130_fd_sc_hvl__decap_8/proxyVPWR = 1  
                                           |                                           
Net: EF_AMUX21x:x1/dummy_49                |Net: EF_AMUX21x:2/dummy_49                 
  sky130_fd_sc_hvl__decap_8/proxy3 = 1     |  sky130_fd_sc_hvl__decap_8/proxyVPB = 1   
                                           |                                           
Net: EF_AMUX21x:x1/dummy_48                |Net: EF_AMUX21x:2/dummy_48                 
  sky130_fd_sc_hvl__decap_8/proxy2 = 1     |  sky130_fd_sc_hvl__decap_8/proxyVNB = 1   
                                           |                                           
Net: EF_AMUX21x:x1/dummy_47                |Net: EF_AMUX21x:2/dummy_47                 
  sky130_fd_sc_hvl__decap_8/proxy1 = 1     |  sky130_fd_sc_hvl__decap_8/proxyVGND = 1  
---------------------------------------------------------------------------------------

---------------------------------------------------------------------------------------
Net: DVSS                                  |Net: DVSS                                  
  sky130_fd_sc_hvl__inv_2/VGND = 60        |  sky130_fd_sc_hvl__inv_2/2 = 60           
  sky130_fd_sc_hvl__inv_2/VNB = 60         |  sky130_fd_sc_hvl__inv_2/3 = 60           
  sky130_fd_sc_hvl__decap_8/VGND = 1       |  sky130_fd_sc_hvl__nor2_1/3 = 24          
  sky130_fd_sc_hvl__decap_8/VNB = 1        |  sky130_fd_sc_hvl__nor2_1/4 = 24          
  sky130_fd_sc_hvl__nor2_1/VGND = 24       |  sky130_fd_sc_hvl__decap_8/1 = 1          
  sky130_fd_sc_hvl__nor2_1/VNB = 24        |  sky130_fd_sc_hvl__decap_8/2 = 1          
---------------------------------------------------------------------------------------

---------------------------------------------------------------------------------------
Net: VDD                                   |Net: VDD                                   
  simple_analog_switch_2/vdd = 36          |  simple_analog_switch_2/vdd = 36          
  sky130_fd_sc_hvl__inv_2/VPB = 60         |  sky130_fd_sc_hvl__inv_2/5 = 60           
  sky130_fd_sc_hvl__inv_2/VPWR = 60        |  sky130_fd_sc_hvl__inv_2/4 = 60           
  sky130_fd_sc_hvl__decap_8/VPB = 1        |  sky130_fd_sc_hvl__nor2_1/5 = 24          
  sky130_fd_sc_hvl__decap_8/VPWR = 1       |  sky130_fd_sc_hvl__nor2_1/6 = 24          
  sky130_fd_sc_hvl__nor2_1/VPB = 24        |  sky130_fd_sc_hvl__decap_8/3 = 1          
  sky130_fd_sc_hvl__nor2_1/VPWR = 24       |  sky130_fd_sc_hvl__decap_8/4 = 1          
---------------------------------------------------------------------------------------

---------------------------------------------------------------------------------------
Net: /EF_AMUX21x_1/sky130_fd_sc_hvl__inv_2 |Net: EF_AMUX21x:7/selb                     
  simple_analog_switch_2/off = 1           |  simple_analog_switch_2/on = 1            
  sky130_fd_sc_hvl__inv_2/Y = 1            |  sky130_fd_sc_hvl__inv_2/1 = 1            
  sky130_fd_sc_hvl__inv_2/A = 1            |  sky130_fd_sc_hvl__nor2_1/7 = 1           
                                           |                                           
Net: /EF_AMUX21x_0/sky130_fd_sc_hvl__inv_2 |Net: EF_AMUX21x:6/selb                     
  simple_analog_switch_2/off = 1           |  simple_analog_switch_2/on = 1            
  sky130_fd_sc_hvl__inv_2/Y = 1            |  sky130_fd_sc_hvl__inv_2/1 = 1            
  sky130_fd_sc_hvl__inv_2/A = 1            |  sky130_fd_sc_hvl__nor2_1/7 = 1           
                                           |                                           
Net: EF_AMUX21x:x12/sky130_fd_sc_hvl__inv_ |Net: EF_AMUX21x:12/selb                    
  simple_analog_switch_2/off = 1           |  simple_analog_switch_2/on = 1            
  sky130_fd_sc_hvl__inv_2/Y = 1            |  sky130_fd_sc_hvl__inv_2/1 = 1            
  sky130_fd_sc_hvl__inv_2/A = 1            |  sky130_fd_sc_hvl__nor2_1/7 = 1           
                                           |                                           
Net: EF_AMUX21x:x11/sky130_fd_sc_hvl__inv_ |Net: EF_AMUX21x:11/selb                    
  simple_analog_switch_2/off = 1           |  simple_analog_switch_2/on = 1            
  sky130_fd_sc_hvl__inv_2/Y = 1            |  sky130_fd_sc_hvl__inv_2/1 = 1            
  sky130_fd_sc_hvl__inv_2/A = 1            |  sky130_fd_sc_hvl__nor2_1/7 = 1           
                                           |                                           
Net: EF_AMUX21x:x10/sky130_fd_sc_hvl__inv_ |Net: EF_AMUX21x:10/selb                    
  simple_analog_switch_2/off = 1           |  simple_analog_switch_2/on = 1            
  sky130_fd_sc_hvl__inv_2/Y = 1            |  sky130_fd_sc_hvl__inv_2/1 = 1            
  sky130_fd_sc_hvl__inv_2/A = 1            |  sky130_fd_sc_hvl__nor2_1/7 = 1           
                                           |                                           
Net: EF_AMUX21x:x9/sky130_fd_sc_hvl__inv_2 |Net: EF_AMUX21x:9/selb                     
  simple_analog_switch_2/off = 1           |  simple_analog_switch_2/on = 1            
  sky130_fd_sc_hvl__inv_2/Y = 1            |  sky130_fd_sc_hvl__inv_2/1 = 1            
  sky130_fd_sc_hvl__inv_2/A = 1            |  sky130_fd_sc_hvl__nor2_1/7 = 1           
                                           |                                           
Net: EF_AMUX21x:x8/sky130_fd_sc_hvl__inv_2 |Net: EF_AMUX21x:8/selb                     
  simple_analog_switch_2/off = 1           |  simple_analog_switch_2/on = 1            
  sky130_fd_sc_hvl__inv_2/Y = 1            |  sky130_fd_sc_hvl__inv_2/1 = 1            
  sky130_fd_sc_hvl__inv_2/A = 1            |  sky130_fd_sc_hvl__nor2_1/7 = 1           
                                           |                                           
Net: EF_AMUX21x:x5/sky130_fd_sc_hvl__inv_2 |Net: EF_AMUX21x:5/selb                     
  simple_analog_switch_2/off = 1           |  simple_analog_switch_2/on = 1            
  sky130_fd_sc_hvl__inv_2/Y = 1            |  sky130_fd_sc_hvl__inv_2/1 = 1            
  sky130_fd_sc_hvl__inv_2/A = 1            |  sky130_fd_sc_hvl__nor2_1/7 = 1           
                                           |                                           
Net: EF_AMUX21x:x4/sky130_fd_sc_hvl__inv_2 |Net: EF_AMUX21x:4/selb                     
  simple_analog_switch_2/off = 1           |  simple_analog_switch_2/on = 1            
  sky130_fd_sc_hvl__inv_2/Y = 1            |  sky130_fd_sc_hvl__inv_2/1 = 1            
  sky130_fd_sc_hvl__inv_2/A = 1            |  sky130_fd_sc_hvl__nor2_1/7 = 1           
                                           |                                           
Net: EF_AMUX21x:x2/sky130_fd_sc_hvl__inv_2 |Net: EF_AMUX21x:3/selb                     
  simple_analog_switch_2/off = 1           |  simple_analog_switch_2/on = 1            
  sky130_fd_sc_hvl__inv_2/Y = 1            |  sky130_fd_sc_hvl__inv_2/1 = 1            
  sky130_fd_sc_hvl__inv_2/A = 1            |  sky130_fd_sc_hvl__nor2_1/7 = 1           
                                           |                                           
Net: EF_AMUX21x:x3/sky130_fd_sc_hvl__inv_2 |Net: EF_AMUX21x:1/selb                     
  simple_analog_switch_2/off = 1           |  simple_analog_switch_2/on = 1            
  sky130_fd_sc_hvl__inv_2/Y = 1            |  sky130_fd_sc_hvl__inv_2/1 = 1            
  sky130_fd_sc_hvl__inv_2/A = 1            |  sky130_fd_sc_hvl__nor2_1/7 = 1           
                                           |                                           
Net: EF_AMUX21x:x1/sky130_fd_sc_hvl__inv_2 |Net: EF_AMUX21x:2/selb                     
  simple_analog_switch_2/off = 1           |  simple_analog_switch_2/on = 1            
  sky130_fd_sc_hvl__inv_2/Y = 1            |  sky130_fd_sc_hvl__inv_2/1 = 1            
  sky130_fd_sc_hvl__inv_2/A = 1            |  sky130_fd_sc_hvl__nor2_1/7 = 1           
                                           |                                           
Net: /EF_AMUX21x_1/sky130_fd_sc_hvl__inv_2 |Net: EF_AMUX21x:7/net3                     
  simple_analog_switch_2/on = 1            |  simple_analog_switch_2/off = 1           
  sky130_fd_sc_hvl__inv_2/A = 1            |  sky130_fd_sc_hvl__inv_2/6 = 1            
  sky130_fd_sc_hvl__nor2_1/Y = 1           |  sky130_fd_sc_hvl__inv_2/1 = 1            
                                           |                                           
Net: /EF_AMUX21x_0/sky130_fd_sc_hvl__inv_2 |Net: EF_AMUX21x:6/net3                     
  simple_analog_switch_2/on = 1            |  simple_analog_switch_2/off = 1           
  sky130_fd_sc_hvl__inv_2/A = 1            |  sky130_fd_sc_hvl__inv_2/6 = 1            
  sky130_fd_sc_hvl__nor2_1/Y = 1           |  sky130_fd_sc_hvl__inv_2/1 = 1            
                                           |                                           
Net: EF_AMUX21x:x12/sky130_fd_sc_hvl__inv_ |Net: EF_AMUX21x:12/net3                    
  simple_analog_switch_2/on = 1            |  simple_analog_switch_2/off = 1           
  sky130_fd_sc_hvl__inv_2/A = 1            |  sky130_fd_sc_hvl__inv_2/6 = 1            
  sky130_fd_sc_hvl__nor2_1/Y = 1           |  sky130_fd_sc_hvl__inv_2/1 = 1            
                                           |                                           
Net: EF_AMUX21x:x11/sky130_fd_sc_hvl__inv_ |Net: EF_AMUX21x:11/net3                    
  simple_analog_switch_2/on = 1            |  simple_analog_switch_2/off = 1           
  sky130_fd_sc_hvl__inv_2/A = 1            |  sky130_fd_sc_hvl__inv_2/6 = 1            
  sky130_fd_sc_hvl__nor2_1/Y = 1           |  sky130_fd_sc_hvl__inv_2/1 = 1            
                                           |                                           
Net: EF_AMUX21x:x10/sky130_fd_sc_hvl__inv_ |Net: EF_AMUX21x:10/net3                    
  simple_analog_switch_2/on = 1            |  simple_analog_switch_2/off = 1           
  sky130_fd_sc_hvl__inv_2/A = 1            |  sky130_fd_sc_hvl__inv_2/6 = 1            
  sky130_fd_sc_hvl__nor2_1/Y = 1           |  sky130_fd_sc_hvl__inv_2/1 = 1            
                                           |                                           
Net: EF_AMUX21x:x9/sky130_fd_sc_hvl__inv_2 |Net: EF_AMUX21x:9/net3                     
  simple_analog_switch_2/on = 1            |  simple_analog_switch_2/off = 1           
  sky130_fd_sc_hvl__inv_2/A = 1            |  sky130_fd_sc_hvl__inv_2/6 = 1            
  sky130_fd_sc_hvl__nor2_1/Y = 1           |  sky130_fd_sc_hvl__inv_2/1 = 1            
                                           |                                           
Net: EF_AMUX21x:x8/sky130_fd_sc_hvl__inv_2 |Net: EF_AMUX21x:8/net3                     
  simple_analog_switch_2/on = 1            |  simple_analog_switch_2/off = 1           
  sky130_fd_sc_hvl__inv_2/A = 1            |  sky130_fd_sc_hvl__inv_2/6 = 1            
  sky130_fd_sc_hvl__nor2_1/Y = 1           |  sky130_fd_sc_hvl__inv_2/1 = 1            
                                           |                                           
Net: EF_AMUX21x:x5/sky130_fd_sc_hvl__inv_2 |Net: EF_AMUX21x:5/net3                     
  simple_analog_switch_2/on = 1            |  simple_analog_switch_2/off = 1           
  sky130_fd_sc_hvl__inv_2/A = 1            |  sky130_fd_sc_hvl__inv_2/6 = 1            
  sky130_fd_sc_hvl__nor2_1/Y = 1           |  sky130_fd_sc_hvl__inv_2/1 = 1            
                                           |                                           
Net: EF_AMUX21x:x4/sky130_fd_sc_hvl__inv_2 |Net: EF_AMUX21x:4/net3                     
  simple_analog_switch_2/on = 1            |  simple_analog_switch_2/off = 1           
  sky130_fd_sc_hvl__inv_2/A = 1            |  sky130_fd_sc_hvl__inv_2/6 = 1            
  sky130_fd_sc_hvl__nor2_1/Y = 1           |  sky130_fd_sc_hvl__inv_2/1 = 1            
                                           |                                           
Net: EF_AMUX21x:x2/sky130_fd_sc_hvl__inv_2 |Net: EF_AMUX21x:3/net3                     
  simple_analog_switch_2/on = 1            |  simple_analog_switch_2/off = 1           
  sky130_fd_sc_hvl__inv_2/A = 1            |  sky130_fd_sc_hvl__inv_2/6 = 1            
  sky130_fd_sc_hvl__nor2_1/Y = 1           |  sky130_fd_sc_hvl__inv_2/1 = 1            
                                           |                                           
Net: EF_AMUX21x:x3/sky130_fd_sc_hvl__inv_2 |Net: EF_AMUX21x:1/net3                     
  simple_analog_switch_2/on = 1            |  simple_analog_switch_2/off = 1           
  sky130_fd_sc_hvl__inv_2/A = 1            |  sky130_fd_sc_hvl__inv_2/6 = 1            
  sky130_fd_sc_hvl__nor2_1/Y = 1           |  sky130_fd_sc_hvl__inv_2/1 = 1            
                                           |                                           
Net: EF_AMUX21x:x1/sky130_fd_sc_hvl__inv_2 |Net: EF_AMUX21x:2/net3                     
  simple_analog_switch_2/on = 1            |  simple_analog_switch_2/off = 1           
  sky130_fd_sc_hvl__inv_2/A = 1            |  sky130_fd_sc_hvl__inv_2/6 = 1            
  sky130_fd_sc_hvl__nor2_1/Y = 1           |  sky130_fd_sc_hvl__inv_2/1 = 1            
                                           |                                           
Net: /EF_AMUX21x_1/sky130_fd_sc_hvl__inv_2 |Net: EF_AMUX21x:7/selp                     
  simple_analog_switch_2/on = 1            |  simple_analog_switch_2/on = 1            
  sky130_fd_sc_hvl__inv_2/A = 1            |  sky130_fd_sc_hvl__inv_2/1 = 1            
  sky130_fd_sc_hvl__nor2_1/Y = 1           |  sky130_fd_sc_hvl__nor2_1/7 = 1           
                                           |                                           
Net: /EF_AMUX21x_0/sky130_fd_sc_hvl__inv_2 |Net: EF_AMUX21x:6/selp                     
  simple_analog_switch_2/on = 1            |  simple_analog_switch_2/on = 1            
  sky130_fd_sc_hvl__inv_2/A = 1            |  sky130_fd_sc_hvl__inv_2/1 = 1            
  sky130_fd_sc_hvl__nor2_1/Y = 1           |  sky130_fd_sc_hvl__nor2_1/7 = 1           
                                           |                                           
Net: EF_AMUX21x:x12/sky130_fd_sc_hvl__inv_ |Net: EF_AMUX21x:12/selp                    
  simple_analog_switch_2/on = 1            |  simple_analog_switch_2/on = 1            
  sky130_fd_sc_hvl__inv_2/A = 1            |  sky130_fd_sc_hvl__inv_2/1 = 1            
  sky130_fd_sc_hvl__nor2_1/Y = 1           |  sky130_fd_sc_hvl__nor2_1/7 = 1           
                                           |                                           
Net: EF_AMUX21x:x11/sky130_fd_sc_hvl__inv_ |Net: EF_AMUX21x:11/selp                    
  simple_analog_switch_2/on = 1            |  simple_analog_switch_2/on = 1            
  sky130_fd_sc_hvl__inv_2/A = 1            |  sky130_fd_sc_hvl__inv_2/1 = 1            
  sky130_fd_sc_hvl__nor2_1/Y = 1           |  sky130_fd_sc_hvl__nor2_1/7 = 1           
                                           |                                           
Net: EF_AMUX21x:x10/sky130_fd_sc_hvl__inv_ |Net: EF_AMUX21x:10/selp                    
  simple_analog_switch_2/on = 1            |  simple_analog_switch_2/on = 1            
  sky130_fd_sc_hvl__inv_2/A = 1            |  sky130_fd_sc_hvl__inv_2/1 = 1            
  sky130_fd_sc_hvl__nor2_1/Y = 1           |  sky130_fd_sc_hvl__nor2_1/7 = 1           
                                           |                                           
Net: EF_AMUX21x:x9/sky130_fd_sc_hvl__inv_2 |Net: EF_AMUX21x:9/selp                     
  simple_analog_switch_2/on = 1            |  simple_analog_switch_2/on = 1            
  sky130_fd_sc_hvl__inv_2/A = 1            |  sky130_fd_sc_hvl__inv_2/1 = 1            
  sky130_fd_sc_hvl__nor2_1/Y = 1           |  sky130_fd_sc_hvl__nor2_1/7 = 1           
                                           |                                           
Net: EF_AMUX21x:x8/sky130_fd_sc_hvl__inv_2 |Net: EF_AMUX21x:8/selp                     
  simple_analog_switch_2/on = 1            |  simple_analog_switch_2/on = 1            
  sky130_fd_sc_hvl__inv_2/A = 1            |  sky130_fd_sc_hvl__inv_2/1 = 1            
  sky130_fd_sc_hvl__nor2_1/Y = 1           |  sky130_fd_sc_hvl__nor2_1/7 = 1           
                                           |                                           
Net: EF_AMUX21x:x5/sky130_fd_sc_hvl__inv_2 |Net: EF_AMUX21x:5/selp                     
  simple_analog_switch_2/on = 1            |  simple_analog_switch_2/on = 1            
  sky130_fd_sc_hvl__inv_2/A = 1            |  sky130_fd_sc_hvl__inv_2/1 = 1            
  sky130_fd_sc_hvl__nor2_1/Y = 1           |  sky130_fd_sc_hvl__nor2_1/7 = 1           
                                           |                                           
Net: EF_AMUX21x:x4/sky130_fd_sc_hvl__inv_2 |Net: EF_AMUX21x:4/selp                     
  simple_analog_switch_2/on = 1            |  simple_analog_switch_2/on = 1            
  sky130_fd_sc_hvl__inv_2/A = 1            |  sky130_fd_sc_hvl__inv_2/1 = 1            
  sky130_fd_sc_hvl__nor2_1/Y = 1           |  sky130_fd_sc_hvl__nor2_1/7 = 1           
                                           |                                           
Net: EF_AMUX21x:x2/sky130_fd_sc_hvl__inv_2 |Net: EF_AMUX21x:3/selp                     
  simple_analog_switch_2/on = 1            |  simple_analog_switch_2/on = 1            
  sky130_fd_sc_hvl__inv_2/A = 1            |  sky130_fd_sc_hvl__inv_2/1 = 1            
  sky130_fd_sc_hvl__nor2_1/Y = 1           |  sky130_fd_sc_hvl__nor2_1/7 = 1           
                                           |                                           
Net: EF_AMUX21x:x3/sky130_fd_sc_hvl__inv_2 |Net: EF_AMUX21x:1/selp                     
  simple_analog_switch_2/on = 1            |  simple_analog_switch_2/on = 1            
  sky130_fd_sc_hvl__inv_2/A = 1            |  sky130_fd_sc_hvl__inv_2/1 = 1            
  sky130_fd_sc_hvl__nor2_1/Y = 1           |  sky130_fd_sc_hvl__nor2_1/7 = 1           
                                           |                                           
Net: EF_AMUX21x:x1/sky130_fd_sc_hvl__inv_2 |Net: EF_AMUX21x:2/selp                     
  simple_analog_switch_2/on = 1            |  simple_analog_switch_2/on = 1            
  sky130_fd_sc_hvl__inv_2/A = 1            |  sky130_fd_sc_hvl__inv_2/1 = 1            
  sky130_fd_sc_hvl__nor2_1/Y = 1           |  sky130_fd_sc_hvl__nor2_1/7 = 1           
---------------------------------------------------------------------------------------

---------------------------------------------------------------------------------------
Net: /EF_AMUX21x_1/sky130_fd_sc_hvl__inv_2 |Net: EF_AMUX21x:7/net5                     
  sky130_fd_sc_hvl__inv_2/Y = 1            |  simple_analog_switch_2/off = 1           
  sky130_fd_sc_hvl__nor2_1/B = 1           |  sky130_fd_sc_hvl__inv_2/6 = 1            
                                           |                                           
Net: /EF_AMUX21x_0/sky130_fd_sc_hvl__inv_2 |Net: EF_AMUX21x:7/net2                     
  sky130_fd_sc_hvl__inv_2/Y = 1            |  simple_analog_switch_2/off = 1           
  sky130_fd_sc_hvl__nor2_1/B = 1           |  sky130_fd_sc_hvl__inv_2/6 = 1            
                                           |                                           
Net: EF_AMUX21x:x12/sky130_fd_sc_hvl__inv_ |Net: EF_AMUX21x:6/net5                     
  sky130_fd_sc_hvl__inv_2/Y = 1            |  simple_analog_switch_2/off = 1           
  sky130_fd_sc_hvl__nor2_1/B = 1           |  sky130_fd_sc_hvl__inv_2/6 = 1            
                                           |                                           
Net: EF_AMUX21x:x11/sky130_fd_sc_hvl__inv_ |Net: EF_AMUX21x:6/net2                     
  sky130_fd_sc_hvl__inv_2/Y = 1            |  simple_analog_switch_2/off = 1           
  sky130_fd_sc_hvl__nor2_1/B = 1           |  sky130_fd_sc_hvl__inv_2/6 = 1            
                                           |                                           
Net: EF_AMUX21x:x10/sky130_fd_sc_hvl__inv_ |Net: EF_AMUX21x:12/net5                    
  sky130_fd_sc_hvl__inv_2/Y = 1            |  simple_analog_switch_2/off = 1           
  sky130_fd_sc_hvl__nor2_1/B = 1           |  sky130_fd_sc_hvl__inv_2/6 = 1            
                                           |                                           
Net: EF_AMUX21x:x9/sky130_fd_sc_hvl__inv_2 |Net: EF_AMUX21x:12/net2                    
  sky130_fd_sc_hvl__inv_2/Y = 1            |  simple_analog_switch_2/off = 1           
  sky130_fd_sc_hvl__nor2_1/B = 1           |  sky130_fd_sc_hvl__inv_2/6 = 1            
                                           |                                           
Net: EF_AMUX21x:x8/sky130_fd_sc_hvl__inv_2 |Net: EF_AMUX21x:11/net5                    
  sky130_fd_sc_hvl__inv_2/Y = 1            |  simple_analog_switch_2/off = 1           
  sky130_fd_sc_hvl__nor2_1/B = 1           |  sky130_fd_sc_hvl__inv_2/6 = 1            
                                           |                                           
Net: EF_AMUX21x:x5/sky130_fd_sc_hvl__inv_2 |Net: EF_AMUX21x:11/net2                    
  sky130_fd_sc_hvl__inv_2/Y = 1            |  simple_analog_switch_2/off = 1           
  sky130_fd_sc_hvl__nor2_1/B = 1           |  sky130_fd_sc_hvl__inv_2/6 = 1            
                                           |                                           
Net: EF_AMUX21x:x4/sky130_fd_sc_hvl__inv_2 |Net: EF_AMUX21x:10/net5                    
  sky130_fd_sc_hvl__inv_2/Y = 1            |  simple_analog_switch_2/off = 1           
  sky130_fd_sc_hvl__nor2_1/B = 1           |  sky130_fd_sc_hvl__inv_2/6 = 1            
                                           |                                           
Net: EF_AMUX21x:x2/sky130_fd_sc_hvl__inv_2 |Net: EF_AMUX21x:10/net2                    
  sky130_fd_sc_hvl__inv_2/Y = 1            |  simple_analog_switch_2/off = 1           
  sky130_fd_sc_hvl__nor2_1/B = 1           |  sky130_fd_sc_hvl__inv_2/6 = 1            
                                           |                                           
Net: EF_AMUX21x:x3/sky130_fd_sc_hvl__inv_2 |Net: EF_AMUX21x:9/net5                     
  sky130_fd_sc_hvl__inv_2/Y = 1            |  simple_analog_switch_2/off = 1           
  sky130_fd_sc_hvl__nor2_1/B = 1           |  sky130_fd_sc_hvl__inv_2/6 = 1            
                                           |                                           
Net: EF_AMUX21x:x1/sky130_fd_sc_hvl__inv_2 |Net: EF_AMUX21x:9/net2                     
  sky130_fd_sc_hvl__inv_2/Y = 1            |  simple_analog_switch_2/off = 1           
  sky130_fd_sc_hvl__nor2_1/B = 1           |  sky130_fd_sc_hvl__inv_2/6 = 1            
                                           |                                           
Net: /EF_AMUX21x_1/sky130_fd_sc_hvl__inv_2 |Net: EF_AMUX21x:8/net5                     
  simple_analog_switch_2/on = 1            |  simple_analog_switch_2/off = 1           
  sky130_fd_sc_hvl__inv_2/Y = 1            |  sky130_fd_sc_hvl__inv_2/6 = 1            
                                           |                                           
Net: /EF_AMUX21x_0/sky130_fd_sc_hvl__inv_2 |Net: EF_AMUX21x:8/net2                     
  simple_analog_switch_2/on = 1            |  simple_analog_switch_2/off = 1           
  sky130_fd_sc_hvl__inv_2/Y = 1            |  sky130_fd_sc_hvl__inv_2/6 = 1            
                                           |                                           
Net: EF_AMUX21x:x12/sky130_fd_sc_hvl__inv_ |Net: EF_AMUX21x:5/net5                     
  simple_analog_switch_2/on = 1            |  simple_analog_switch_2/off = 1           
  sky130_fd_sc_hvl__inv_2/Y = 1            |  sky130_fd_sc_hvl__inv_2/6 = 1            
                                           |                                           
Net: EF_AMUX21x:x11/sky130_fd_sc_hvl__inv_ |Net: EF_AMUX21x:5/net2                     
  simple_analog_switch_2/on = 1            |  simple_analog_switch_2/off = 1           
  sky130_fd_sc_hvl__inv_2/Y = 1            |  sky130_fd_sc_hvl__inv_2/6 = 1            
                                           |                                           
Net: EF_AMUX21x:x10/sky130_fd_sc_hvl__inv_ |Net: EF_AMUX21x:4/net5                     
  simple_analog_switch_2/on = 1            |  simple_analog_switch_2/off = 1           
  sky130_fd_sc_hvl__inv_2/Y = 1            |  sky130_fd_sc_hvl__inv_2/6 = 1            
                                           |                                           
Net: EF_AMUX21x:x9/sky130_fd_sc_hvl__inv_2 |Net: EF_AMUX21x:4/net2                     
  simple_analog_switch_2/on = 1            |  simple_analog_switch_2/off = 1           
  sky130_fd_sc_hvl__inv_2/Y = 1            |  sky130_fd_sc_hvl__inv_2/6 = 1            
                                           |                                           
Net: EF_AMUX21x:x8/sky130_fd_sc_hvl__inv_2 |Net: EF_AMUX21x:3/net5                     
  simple_analog_switch_2/on = 1            |  simple_analog_switch_2/off = 1           
  sky130_fd_sc_hvl__inv_2/Y = 1            |  sky130_fd_sc_hvl__inv_2/6 = 1            
                                           |                                           
Net: EF_AMUX21x:x5/sky130_fd_sc_hvl__inv_2 |Net: EF_AMUX21x:3/net2                     
  simple_analog_switch_2/on = 1            |  simple_analog_switch_2/off = 1           
  sky130_fd_sc_hvl__inv_2/Y = 1            |  sky130_fd_sc_hvl__inv_2/6 = 1            
                                           |                                           
Net: EF_AMUX21x:x4/sky130_fd_sc_hvl__inv_2 |Net: EF_AMUX21x:1/net5                     
  simple_analog_switch_2/on = 1            |  simple_analog_switch_2/off = 1           
  sky130_fd_sc_hvl__inv_2/Y = 1            |  sky130_fd_sc_hvl__inv_2/6 = 1            
                                           |                                           
Net: EF_AMUX21x:x2/sky130_fd_sc_hvl__inv_2 |Net: EF_AMUX21x:1/net2                     
  simple_analog_switch_2/on = 1            |  simple_analog_switch_2/off = 1           
  sky130_fd_sc_hvl__inv_2/Y = 1            |  sky130_fd_sc_hvl__inv_2/6 = 1            
                                           |                                           
Net: EF_AMUX21x:x3/sky130_fd_sc_hvl__inv_2 |Net: EF_AMUX21x:2/net5                     
  simple_analog_switch_2/on = 1            |  simple_analog_switch_2/off = 1           
  sky130_fd_sc_hvl__inv_2/Y = 1            |  sky130_fd_sc_hvl__inv_2/6 = 1            
                                           |                                           
Net: EF_AMUX21x:x1/sky130_fd_sc_hvl__inv_2 |Net: EF_AMUX21x:2/net2                     
  simple_analog_switch_2/on = 1            |  simple_analog_switch_2/off = 1           
  sky130_fd_sc_hvl__inv_2/Y = 1            |  sky130_fd_sc_hvl__inv_2/6 = 1            
                                           |                                           
Net: /EF_AMUX21x_1/sky130_fd_sc_hvl__inv_2 |Net: EF_AMUX21x:7/net4                     
  simple_analog_switch_2/off = 1           |  simple_analog_switch_2/on = 1            
  sky130_fd_sc_hvl__inv_2/Y = 1            |  sky130_fd_sc_hvl__inv_2/6 = 1            
                                           |                                           
Net: /EF_AMUX21x_1/sky130_fd_sc_hvl__inv_2 |Net: EF_AMUX21x:6/net4                     
  simple_analog_switch_2/off = 1           |  simple_analog_switch_2/on = 1            
  sky130_fd_sc_hvl__inv_2/Y = 1            |  sky130_fd_sc_hvl__inv_2/6 = 1            
                                           |                                           
Net: /EF_AMUX21x_0/sky130_fd_sc_hvl__inv_2 |Net: EF_AMUX21x:12/net4                    
  simple_analog_switch_2/off = 1           |  simple_analog_switch_2/on = 1            
  sky130_fd_sc_hvl__inv_2/Y = 1            |  sky130_fd_sc_hvl__inv_2/6 = 1            
                                           |                                           
Net: /EF_AMUX21x_0/sky130_fd_sc_hvl__inv_2 |Net: EF_AMUX21x:11/net4                    
  simple_analog_switch_2/off = 1           |  simple_analog_switch_2/on = 1            
  sky130_fd_sc_hvl__inv_2/Y = 1            |  sky130_fd_sc_hvl__inv_2/6 = 1            
                                           |                                           
Net: EF_AMUX21x:x12/sky130_fd_sc_hvl__inv_ |Net: EF_AMUX21x:10/net4                    
  simple_analog_switch_2/off = 1           |  simple_analog_switch_2/on = 1            
  sky130_fd_sc_hvl__inv_2/Y = 1            |  sky130_fd_sc_hvl__inv_2/6 = 1            
                                           |                                           
Net: EF_AMUX21x:x12/sky130_fd_sc_hvl__inv_ |Net: EF_AMUX21x:9/net4                     
  simple_analog_switch_2/off = 1           |  simple_analog_switch_2/on = 1            
  sky130_fd_sc_hvl__inv_2/Y = 1            |  sky130_fd_sc_hvl__inv_2/6 = 1            
                                           |                                           
Net: EF_AMUX21x:x11/sky130_fd_sc_hvl__inv_ |Net: EF_AMUX21x:8/net4                     
  simple_analog_switch_2/off = 1           |  simple_analog_switch_2/on = 1            
  sky130_fd_sc_hvl__inv_2/Y = 1            |  sky130_fd_sc_hvl__inv_2/6 = 1            
                                           |                                           
Net: EF_AMUX21x:x11/sky130_fd_sc_hvl__inv_ |Net: EF_AMUX21x:5/net4                     
  simple_analog_switch_2/off = 1           |  simple_analog_switch_2/on = 1            
  sky130_fd_sc_hvl__inv_2/Y = 1            |  sky130_fd_sc_hvl__inv_2/6 = 1            
                                           |                                           
Net: EF_AMUX21x:x10/sky130_fd_sc_hvl__inv_ |Net: EF_AMUX21x:4/net4                     
  simple_analog_switch_2/off = 1           |  simple_analog_switch_2/on = 1            
  sky130_fd_sc_hvl__inv_2/Y = 1            |  sky130_fd_sc_hvl__inv_2/6 = 1            
                                           |                                           
Net: EF_AMUX21x:x10/sky130_fd_sc_hvl__inv_ |Net: EF_AMUX21x:3/net4                     
  simple_analog_switch_2/off = 1           |  simple_analog_switch_2/on = 1            
  sky130_fd_sc_hvl__inv_2/Y = 1            |  sky130_fd_sc_hvl__inv_2/6 = 1            
                                           |                                           
Net: EF_AMUX21x:x9/sky130_fd_sc_hvl__inv_2 |Net: EF_AMUX21x:1/net4                     
  simple_analog_switch_2/off = 1           |  simple_analog_switch_2/on = 1            
  sky130_fd_sc_hvl__inv_2/Y = 1            |  sky130_fd_sc_hvl__inv_2/6 = 1            
                                           |                                           
Net: EF_AMUX21x:x9/sky130_fd_sc_hvl__inv_2 |Net: EF_AMUX21x:2/net4                     
  simple_analog_switch_2/off = 1           |  simple_analog_switch_2/on = 1            
  sky130_fd_sc_hvl__inv_2/Y = 1            |  sky130_fd_sc_hvl__inv_2/6 = 1            
                                           |                                           
Net: EF_AMUX21x:x8/sky130_fd_sc_hvl__inv_2 |Net: EF_AMUX21x:7/net1                     
  simple_analog_switch_2/off = 1           |  sky130_fd_sc_hvl__inv_2/6 = 1            
  sky130_fd_sc_hvl__inv_2/Y = 1            |  sky130_fd_sc_hvl__nor2_1/2 = 1           
                                           |                                           
Net: EF_AMUX21x:x8/sky130_fd_sc_hvl__inv_2 |Net: EF_AMUX21x:6/net1                     
  simple_analog_switch_2/off = 1           |  sky130_fd_sc_hvl__inv_2/6 = 1            
  sky130_fd_sc_hvl__inv_2/Y = 1            |  sky130_fd_sc_hvl__nor2_1/2 = 1           
                                           |                                           
Net: EF_AMUX21x:x5/sky130_fd_sc_hvl__inv_2 |Net: EF_AMUX21x:12/net1                    
  simple_analog_switch_2/off = 1           |  sky130_fd_sc_hvl__inv_2/6 = 1            
  sky130_fd_sc_hvl__inv_2/Y = 1            |  sky130_fd_sc_hvl__nor2_1/2 = 1           
                                           |                                           
Net: EF_AMUX21x:x5/sky130_fd_sc_hvl__inv_2 |Net: EF_AMUX21x:11/net1                    
  simple_analog_switch_2/off = 1           |  sky130_fd_sc_hvl__inv_2/6 = 1            
  sky130_fd_sc_hvl__inv_2/Y = 1            |  sky130_fd_sc_hvl__nor2_1/2 = 1           
                                           |                                           
Net: EF_AMUX21x:x4/sky130_fd_sc_hvl__inv_2 |Net: EF_AMUX21x:10/net1                    
  simple_analog_switch_2/off = 1           |  sky130_fd_sc_hvl__inv_2/6 = 1            
  sky130_fd_sc_hvl__inv_2/Y = 1            |  sky130_fd_sc_hvl__nor2_1/2 = 1           
                                           |                                           
Net: EF_AMUX21x:x4/sky130_fd_sc_hvl__inv_2 |Net: EF_AMUX21x:9/net1                     
  simple_analog_switch_2/off = 1           |  sky130_fd_sc_hvl__inv_2/6 = 1            
  sky130_fd_sc_hvl__inv_2/Y = 1            |  sky130_fd_sc_hvl__nor2_1/2 = 1           
                                           |                                           
Net: EF_AMUX21x:x2/sky130_fd_sc_hvl__inv_2 |Net: EF_AMUX21x:8/net1                     
  simple_analog_switch_2/off = 1           |  sky130_fd_sc_hvl__inv_2/6 = 1            
  sky130_fd_sc_hvl__inv_2/Y = 1            |  sky130_fd_sc_hvl__nor2_1/2 = 1           
                                           |                                           
Net: EF_AMUX21x:x2/sky130_fd_sc_hvl__inv_2 |Net: EF_AMUX21x:5/net1                     
  simple_analog_switch_2/off = 1           |  sky130_fd_sc_hvl__inv_2/6 = 1            
  sky130_fd_sc_hvl__inv_2/Y = 1            |  sky130_fd_sc_hvl__nor2_1/2 = 1           
                                           |                                           
Net: EF_AMUX21x:x3/sky130_fd_sc_hvl__inv_2 |Net: EF_AMUX21x:4/net1                     
  simple_analog_switch_2/off = 1           |  sky130_fd_sc_hvl__inv_2/6 = 1            
  sky130_fd_sc_hvl__inv_2/Y = 1            |  sky130_fd_sc_hvl__nor2_1/2 = 1           
                                           |                                           
Net: EF_AMUX21x:x3/sky130_fd_sc_hvl__inv_2 |Net: EF_AMUX21x:3/net1                     
  simple_analog_switch_2/off = 1           |  sky130_fd_sc_hvl__inv_2/6 = 1            
  sky130_fd_sc_hvl__inv_2/Y = 1            |  sky130_fd_sc_hvl__nor2_1/2 = 1           
                                           |                                           
Net: EF_AMUX21x:x1/sky130_fd_sc_hvl__inv_2 |Net: EF_AMUX21x:1/net1                     
  simple_analog_switch_2/off = 1           |  sky130_fd_sc_hvl__inv_2/6 = 1            
  sky130_fd_sc_hvl__inv_2/Y = 1            |  sky130_fd_sc_hvl__nor2_1/2 = 1           
                                           |                                           
Net: EF_AMUX21x:x1/sky130_fd_sc_hvl__inv_2 |Net: EF_AMUX21x:2/net1                     
  simple_analog_switch_2/off = 1           |  sky130_fd_sc_hvl__inv_2/6 = 1            
  sky130_fd_sc_hvl__inv_2/Y = 1            |  sky130_fd_sc_hvl__nor2_1/2 = 1           
                                           |                                           
Net: SELD11                                |Net: SELD11                                
  sky130_fd_sc_hvl__inv_2/A = 1            |  sky130_fd_sc_hvl__inv_2/1 = 1            
  sky130_fd_sc_hvl__nor2_1/A = 1           |  sky130_fd_sc_hvl__nor2_1/1 = 1           
                                           |                                           
Net: SELD10                                |Net: SELD10                                
  sky130_fd_sc_hvl__inv_2/A = 1            |  sky130_fd_sc_hvl__inv_2/1 = 1            
  sky130_fd_sc_hvl__nor2_1/A = 1           |  sky130_fd_sc_hvl__nor2_1/1 = 1           
                                           |                                           
Net: SELD9                                 |Net: SELD9                                 
  sky130_fd_sc_hvl__inv_2/A = 1            |  sky130_fd_sc_hvl__inv_2/1 = 1            
  sky130_fd_sc_hvl__nor2_1/A = 1           |  sky130_fd_sc_hvl__nor2_1/1 = 1           
                                           |                                           
Net: SELD8                                 |Net: SELD8                                 
  sky130_fd_sc_hvl__inv_2/A = 1            |  sky130_fd_sc_hvl__inv_2/1 = 1            
  sky130_fd_sc_hvl__nor2_1/A = 1           |  sky130_fd_sc_hvl__nor2_1/1 = 1           
                                           |                                           
Net: SELD7                                 |Net: SELD7                                 
  sky130_fd_sc_hvl__inv_2/A = 1            |  sky130_fd_sc_hvl__inv_2/1 = 1            
  sky130_fd_sc_hvl__nor2_1/A = 1           |  sky130_fd_sc_hvl__nor2_1/1 = 1           
                                           |                                           
Net: SELD6                                 |Net: SELD6                                 
  sky130_fd_sc_hvl__inv_2/A = 1            |  sky130_fd_sc_hvl__inv_2/1 = 1            
  sky130_fd_sc_hvl__nor2_1/A = 1           |  sky130_fd_sc_hvl__nor2_1/1 = 1           
                                           |                                           
Net: SELD5                                 |Net: SELD5                                 
  sky130_fd_sc_hvl__inv_2/A = 1            |  sky130_fd_sc_hvl__inv_2/1 = 1            
  sky130_fd_sc_hvl__nor2_1/A = 1           |  sky130_fd_sc_hvl__nor2_1/1 = 1           
                                           |                                           
Net: SELD4                                 |Net: SELD4                                 
  sky130_fd_sc_hvl__inv_2/A = 1            |  sky130_fd_sc_hvl__inv_2/1 = 1            
  sky130_fd_sc_hvl__nor2_1/A = 1           |  sky130_fd_sc_hvl__nor2_1/1 = 1           
                                           |                                           
Net: SELD3                                 |Net: SELD3                                 
  sky130_fd_sc_hvl__inv_2/A = 1            |  sky130_fd_sc_hvl__inv_2/1 = 1            
  sky130_fd_sc_hvl__nor2_1/A = 1           |  sky130_fd_sc_hvl__nor2_1/1 = 1           
                                           |                                           
Net: SELD2                                 |Net: SELD2                                 
  sky130_fd_sc_hvl__inv_2/A = 1            |  sky130_fd_sc_hvl__inv_2/1 = 1            
  sky130_fd_sc_hvl__nor2_1/A = 1           |  sky130_fd_sc_hvl__nor2_1/1 = 1           
                                           |                                           
Net: SELD1                                 |Net: SELD1                                 
  sky130_fd_sc_hvl__inv_2/A = 1            |  sky130_fd_sc_hvl__inv_2/1 = 1            
  sky130_fd_sc_hvl__nor2_1/A = 1           |  sky130_fd_sc_hvl__nor2_1/1 = 1           
                                           |                                           
Net: SELD0                                 |Net: SELD0                                 
  sky130_fd_sc_hvl__inv_2/A = 1            |  sky130_fd_sc_hvl__inv_2/1 = 1            
  sky130_fd_sc_hvl__nor2_1/A = 1           |  sky130_fd_sc_hvl__nor2_1/1 = 1           
---------------------------------------------------------------------------------------
DEVICE mismatches: Class fragments follow (with node fanout counts):
Circuit 1: EF_AMUX0201_ARRAY1              |Circuit 2: EF_AMUX0201_ARRAY1              

---------------------------------------------------------------------------------------
Instance: EF_AMUX21x_1//sky130_fd_sc_hvl__ |Instance: EF_AMUX21x:7/sky130_fd_sc_hvl__n 
  A = 2                                    |  proxyA = 1                               
  B = 18                                   |  proxyB = 1                               
  VGND = 170                               |  proxyVGND = 1                            
  VNB = 170                                |  proxyVNB = 1                             
  VPB = 206                                |  proxyVPB = 1                             
  VPWR = 206                               |  proxyVPWR = 1                            
  Y = 3                                    |  proxyY = 1                               
  proxy1 = 1                               |  1 = 2                                    
  proxy2 = 1                               |  2 = 36                                   
  proxy3 = 1                               |  3 = 170                                  
  proxy4 = 1                               |  4 = 170                                  
  proxy5 = 1                               |  5 = 206                                  
  proxy6 = 1                               |  6 = 206                                  
  proxy7 = 1                               |  7 = 3                                    
                                           |                                           
Instance: EF_AMUX21x_0//sky130_fd_sc_hvl__ |Instance: EF_AMUX21x:6/sky130_fd_sc_hvl__n 
  A = 2                                    |  proxyA = 1                               
  B = 18                                   |  proxyB = 1                               
  VGND = 170                               |  proxyVGND = 1                            
  VNB = 170                                |  proxyVNB = 1                             
  VPB = 206                                |  proxyVPB = 1                             
  VPWR = 206                               |  proxyVPWR = 1                            
  Y = 3                                    |  proxyY = 1                               
  proxy1 = 1                               |  1 = 2                                    
  proxy2 = 1                               |  2 = 36                                   
  proxy3 = 1                               |  3 = 170                                  
  proxy4 = 1                               |  4 = 170                                  
  proxy5 = 1                               |  5 = 206                                  
  proxy6 = 1                               |  6 = 206                                  
  proxy7 = 1                               |  7 = 3                                    
                                           |                                           
Instance: EF_AMUX21x:x12//sky130_fd_sc_hvl |Instance: EF_AMUX21x:12/sky130_fd_sc_hvl__ 
  A = 2                                    |  proxyA = 1                               
  B = 18                                   |  proxyB = 1                               
  VGND = 170                               |  proxyVGND = 1                            
  VNB = 170                                |  proxyVNB = 1                             
  VPB = 206                                |  proxyVPB = 1                             
  VPWR = 206                               |  proxyVPWR = 1                            
  Y = 3                                    |  proxyY = 1                               
  proxy1 = 1                               |  1 = 2                                    
  proxy2 = 1                               |  2 = 36                                   
  proxy3 = 1                               |  3 = 170                                  
  proxy4 = 1                               |  4 = 170                                  
  proxy5 = 1                               |  5 = 206                                  
  proxy6 = 1                               |  6 = 206                                  
  proxy7 = 1                               |  7 = 3                                    
                                           |                                           
Instance: EF_AMUX21x:x11//sky130_fd_sc_hvl |Instance: EF_AMUX21x:11/sky130_fd_sc_hvl__ 
  A = 2                                    |  proxyA = 1                               
  B = 18                                   |  proxyB = 1                               
  VGND = 170                               |  proxyVGND = 1                            
  VNB = 170                                |  proxyVNB = 1                             
  VPB = 206                                |  proxyVPB = 1                             
  VPWR = 206                               |  proxyVPWR = 1                            
  Y = 3                                    |  proxyY = 1                               
  proxy1 = 1                               |  1 = 2                                    
  proxy2 = 1                               |  2 = 36                                   
  proxy3 = 1                               |  3 = 170                                  
  proxy4 = 1                               |  4 = 170                                  
  proxy5 = 1                               |  5 = 206                                  
  proxy6 = 1                               |  6 = 206                                  
  proxy7 = 1                               |  7 = 3                                    
                                           |                                           
Instance: EF_AMUX21x:x10//sky130_fd_sc_hvl |Instance: EF_AMUX21x:10/sky130_fd_sc_hvl__ 
  A = 2                                    |  proxyA = 1                               
  B = 18                                   |  proxyB = 1                               
  VGND = 170                               |  proxyVGND = 1                            
  VNB = 170                                |  proxyVNB = 1                             
  VPB = 206                                |  proxyVPB = 1                             
  VPWR = 206                               |  proxyVPWR = 1                            
  Y = 3                                    |  proxyY = 1                               
  proxy1 = 1                               |  1 = 2                                    
  proxy2 = 1                               |  2 = 36                                   
  proxy3 = 1                               |  3 = 170                                  
  proxy4 = 1                               |  4 = 170                                  
  proxy5 = 1                               |  5 = 206                                  
  proxy6 = 1                               |  6 = 206                                  
  proxy7 = 1                               |  7 = 3                                    
                                           |                                           
Instance: EF_AMUX21x:x9//sky130_fd_sc_hvl_ |Instance: EF_AMUX21x:9/sky130_fd_sc_hvl__n 
  A = 2                                    |  proxyA = 1                               
  B = 18                                   |  proxyB = 1                               
  VGND = 170                               |  proxyVGND = 1                            
  VNB = 170                                |  proxyVNB = 1                             
  VPB = 206                                |  proxyVPB = 1                             
  VPWR = 206                               |  proxyVPWR = 1                            
  Y = 3                                    |  proxyY = 1                               
  proxy1 = 1                               |  1 = 2                                    
  proxy2 = 1                               |  2 = 36                                   
  proxy3 = 1                               |  3 = 170                                  
  proxy4 = 1                               |  4 = 170                                  
  proxy5 = 1                               |  5 = 206                                  
  proxy6 = 1                               |  6 = 206                                  
  proxy7 = 1                               |  7 = 3                                    
                                           |                                           
Instance: EF_AMUX21x:x8//sky130_fd_sc_hvl_ |Instance: EF_AMUX21x:8/sky130_fd_sc_hvl__n 
  A = 2                                    |  proxyA = 1                               
  B = 18                                   |  proxyB = 1                               
  VGND = 170                               |  proxyVGND = 1                            
  VNB = 170                                |  proxyVNB = 1                             
  VPB = 206                                |  proxyVPB = 1                             
  VPWR = 206                               |  proxyVPWR = 1                            
  Y = 3                                    |  proxyY = 1                               
  proxy1 = 1                               |  1 = 2                                    
  proxy2 = 1                               |  2 = 36                                   
  proxy3 = 1                               |  3 = 170                                  
  proxy4 = 1                               |  4 = 170                                  
  proxy5 = 1                               |  5 = 206                                  
  proxy6 = 1                               |  6 = 206                                  
  proxy7 = 1                               |  7 = 3                                    
                                           |                                           
Instance: EF_AMUX21x:x5//sky130_fd_sc_hvl_ |Instance: EF_AMUX21x:5/sky130_fd_sc_hvl__n 
  A = 2                                    |  proxyA = 1                               
  B = 18                                   |  proxyB = 1                               
  VGND = 170                               |  proxyVGND = 1                            
  VNB = 170                                |  proxyVNB = 1                             
  VPB = 206                                |  proxyVPB = 1                             
  VPWR = 206                               |  proxyVPWR = 1                            
  Y = 3                                    |  proxyY = 1                               
  proxy1 = 1                               |  1 = 2                                    
  proxy2 = 1                               |  2 = 36                                   
  proxy3 = 1                               |  3 = 170                                  
  proxy4 = 1                               |  4 = 170                                  
  proxy5 = 1                               |  5 = 206                                  
  proxy6 = 1                               |  6 = 206                                  
  proxy7 = 1                               |  7 = 3                                    
                                           |                                           
Instance: EF_AMUX21x:x4//sky130_fd_sc_hvl_ |Instance: EF_AMUX21x:4/sky130_fd_sc_hvl__n 
  A = 2                                    |  proxyA = 1                               
  B = 18                                   |  proxyB = 1                               
  VGND = 170                               |  proxyVGND = 1                            
  VNB = 170                                |  proxyVNB = 1                             
  VPB = 206                                |  proxyVPB = 1                             
  VPWR = 206                               |  proxyVPWR = 1                            
  Y = 3                                    |  proxyY = 1                               
  proxy1 = 1                               |  1 = 2                                    
  proxy2 = 1                               |  2 = 36                                   
  proxy3 = 1                               |  3 = 170                                  
  proxy4 = 1                               |  4 = 170                                  
  proxy5 = 1                               |  5 = 206                                  
  proxy6 = 1                               |  6 = 206                                  
  proxy7 = 1                               |  7 = 3                                    
                                           |                                           
Instance: EF_AMUX21x:x2//sky130_fd_sc_hvl_ |Instance: EF_AMUX21x:3/sky130_fd_sc_hvl__n 
  A = 2                                    |  proxyA = 1                               
  B = 18                                   |  proxyB = 1                               
  VGND = 170                               |  proxyVGND = 1                            
  VNB = 170                                |  proxyVNB = 1                             
  VPB = 206                                |  proxyVPB = 1                             
  VPWR = 206                               |  proxyVPWR = 1                            
  Y = 3                                    |  proxyY = 1                               
  proxy1 = 1                               |  1 = 2                                    
  proxy2 = 1                               |  2 = 36                                   
  proxy3 = 1                               |  3 = 170                                  
  proxy4 = 1                               |  4 = 170                                  
  proxy5 = 1                               |  5 = 206                                  
  proxy6 = 1                               |  6 = 206                                  
  proxy7 = 1                               |  7 = 3                                    
                                           |                                           
Instance: EF_AMUX21x:x3//sky130_fd_sc_hvl_ |Instance: EF_AMUX21x:1/sky130_fd_sc_hvl__n 
  A = 2                                    |  proxyA = 1                               
  B = 18                                   |  proxyB = 1                               
  VGND = 170                               |  proxyVGND = 1                            
  VNB = 170                                |  proxyVNB = 1                             
  VPB = 206                                |  proxyVPB = 1                             
  VPWR = 206                               |  proxyVPWR = 1                            
  Y = 3                                    |  proxyY = 1                               
  proxy1 = 1                               |  1 = 2                                    
  proxy2 = 1                               |  2 = 36                                   
  proxy3 = 1                               |  3 = 170                                  
  proxy4 = 1                               |  4 = 170                                  
  proxy5 = 1                               |  5 = 206                                  
  proxy6 = 1                               |  6 = 206                                  
  proxy7 = 1                               |  7 = 3                                    
                                           |                                           
Instance: EF_AMUX21x:x1//sky130_fd_sc_hvl_ |Instance: EF_AMUX21x:2/sky130_fd_sc_hvl__n 
  A = 2                                    |  proxyA = 1                               
  B = 18                                   |  proxyB = 1                               
  VGND = 170                               |  proxyVGND = 1                            
  VNB = 170                                |  proxyVNB = 1                             
  VPB = 206                                |  proxyVPB = 1                             
  VPWR = 206                               |  proxyVPWR = 1                            
  Y = 3                                    |  proxyY = 1                               
  proxy1 = 1                               |  1 = 2                                    
  proxy2 = 1                               |  2 = 36                                   
  proxy3 = 1                               |  3 = 170                                  
  proxy4 = 1                               |  4 = 170                                  
  proxy5 = 1                               |  5 = 206                                  
  proxy6 = 1                               |  6 = 206                                  
  proxy7 = 1                               |  7 = 3                                    
                                           |                                           
Instance: EF_AMUX21x_1//sky130_fd_sc_hvl__ |Instance: EF_AMUX21x:7/sky130_fd_sc_hvl__n 
  A = 18                                   |  proxyA = 1                               
  B = 2                                    |  proxyB = 1                               
  VGND = 170                               |  proxyVGND = 1                            
  VNB = 170                                |  proxyVNB = 1                             
  VPB = 206                                |  proxyVPB = 1                             
  VPWR = 206                               |  proxyVPWR = 1                            
  Y = 3                                    |  proxyY = 1                               
  proxy1 = 1                               |  1 = 36                                   
  proxy2 = 1                               |  2 = 2                                    
  proxy3 = 1                               |  3 = 170                                  
  proxy4 = 1                               |  4 = 170                                  
  proxy5 = 1                               |  5 = 206                                  
  proxy6 = 1                               |  6 = 206                                  
  proxy7 = 1                               |  7 = 3                                    
                                           |                                           
Instance: EF_AMUX21x_0//sky130_fd_sc_hvl__ |Instance: EF_AMUX21x:6/sky130_fd_sc_hvl__n 
  A = 18                                   |  proxyA = 1                               
  B = 2                                    |  proxyB = 1                               
  VGND = 170                               |  proxyVGND = 1                            
  VNB = 170                                |  proxyVNB = 1                             
  VPB = 206                                |  proxyVPB = 1                             
  VPWR = 206                               |  proxyVPWR = 1                            
  Y = 3                                    |  proxyY = 1                               
  proxy1 = 1                               |  1 = 36                                   
  proxy2 = 1                               |  2 = 2                                    
  proxy3 = 1                               |  3 = 170                                  
  proxy4 = 1                               |  4 = 170                                  
  proxy5 = 1                               |  5 = 206                                  
  proxy6 = 1                               |  6 = 206                                  
  proxy7 = 1                               |  7 = 3                                    
                                           |                                           
Instance: EF_AMUX21x:x12//sky130_fd_sc_hvl |Instance: EF_AMUX21x:12/sky130_fd_sc_hvl__ 
  A = 18                                   |  proxyA = 1                               
  B = 2                                    |  proxyB = 1                               
  VGND = 170                               |  proxyVGND = 1                            
  VNB = 170                                |  proxyVNB = 1                             
  VPB = 206                                |  proxyVPB = 1                             
  VPWR = 206                               |  proxyVPWR = 1                            
  Y = 3                                    |  proxyY = 1                               
  proxy1 = 1                               |  1 = 36                                   
  proxy2 = 1                               |  2 = 2                                    
  proxy3 = 1                               |  3 = 170                                  
  proxy4 = 1                               |  4 = 170                                  
  proxy5 = 1                               |  5 = 206                                  
  proxy6 = 1                               |  6 = 206                                  
  proxy7 = 1                               |  7 = 3                                    
                                           |                                           
Instance: EF_AMUX21x:x11//sky130_fd_sc_hvl |Instance: EF_AMUX21x:11/sky130_fd_sc_hvl__ 
  A = 18                                   |  proxyA = 1                               
  B = 2                                    |  proxyB = 1                               
  VGND = 170                               |  proxyVGND = 1                            
  VNB = 170                                |  proxyVNB = 1                             
  VPB = 206                                |  proxyVPB = 1                             
  VPWR = 206                               |  proxyVPWR = 1                            
  Y = 3                                    |  proxyY = 1                               
  proxy1 = 1                               |  1 = 36                                   
  proxy2 = 1                               |  2 = 2                                    
  proxy3 = 1                               |  3 = 170                                  
  proxy4 = 1                               |  4 = 170                                  
  proxy5 = 1                               |  5 = 206                                  
  proxy6 = 1                               |  6 = 206                                  
  proxy7 = 1                               |  7 = 3                                    
                                           |                                           
Instance: EF_AMUX21x:x10//sky130_fd_sc_hvl |Instance: EF_AMUX21x:10/sky130_fd_sc_hvl__ 
  A = 18                                   |  proxyA = 1                               
  B = 2                                    |  proxyB = 1                               
  VGND = 170                               |  proxyVGND = 1                            
  VNB = 170                                |  proxyVNB = 1                             
  VPB = 206                                |  proxyVPB = 1                             
  VPWR = 206                               |  proxyVPWR = 1                            
  Y = 3                                    |  proxyY = 1                               
  proxy1 = 1                               |  1 = 36                                   
  proxy2 = 1                               |  2 = 2                                    
  proxy3 = 1                               |  3 = 170                                  
  proxy4 = 1                               |  4 = 170                                  
  proxy5 = 1                               |  5 = 206                                  
  proxy6 = 1                               |  6 = 206                                  
  proxy7 = 1                               |  7 = 3                                    
                                           |                                           
Instance: EF_AMUX21x:x9//sky130_fd_sc_hvl_ |Instance: EF_AMUX21x:9/sky130_fd_sc_hvl__n 
  A = 18                                   |  proxyA = 1                               
  B = 2                                    |  proxyB = 1                               
  VGND = 170                               |  proxyVGND = 1                            
  VNB = 170                                |  proxyVNB = 1                             
  VPB = 206                                |  proxyVPB = 1                             
  VPWR = 206                               |  proxyVPWR = 1                            
  Y = 3                                    |  proxyY = 1                               
  proxy1 = 1                               |  1 = 36                                   
  proxy2 = 1                               |  2 = 2                                    
  proxy3 = 1                               |  3 = 170                                  
  proxy4 = 1                               |  4 = 170                                  
  proxy5 = 1                               |  5 = 206                                  
  proxy6 = 1                               |  6 = 206                                  
  proxy7 = 1                               |  7 = 3                                    
                                           |                                           
Instance: EF_AMUX21x:x8//sky130_fd_sc_hvl_ |Instance: EF_AMUX21x:8/sky130_fd_sc_hvl__n 
  A = 18                                   |  proxyA = 1                               
  B = 2                                    |  proxyB = 1                               
  VGND = 170                               |  proxyVGND = 1                            
  VNB = 170                                |  proxyVNB = 1                             
  VPB = 206                                |  proxyVPB = 1                             
  VPWR = 206                               |  proxyVPWR = 1                            
  Y = 3                                    |  proxyY = 1                               
  proxy1 = 1                               |  1 = 36                                   
  proxy2 = 1                               |  2 = 2                                    
  proxy3 = 1                               |  3 = 170                                  
  proxy4 = 1                               |  4 = 170                                  
  proxy5 = 1                               |  5 = 206                                  
  proxy6 = 1                               |  6 = 206                                  
  proxy7 = 1                               |  7 = 3                                    
                                           |                                           
Instance: EF_AMUX21x:x5//sky130_fd_sc_hvl_ |Instance: EF_AMUX21x:5/sky130_fd_sc_hvl__n 
  A = 18                                   |  proxyA = 1                               
  B = 2                                    |  proxyB = 1                               
  VGND = 170                               |  proxyVGND = 1                            
  VNB = 170                                |  proxyVNB = 1                             
  VPB = 206                                |  proxyVPB = 1                             
  VPWR = 206                               |  proxyVPWR = 1                            
  Y = 3                                    |  proxyY = 1                               
  proxy1 = 1                               |  1 = 36                                   
  proxy2 = 1                               |  2 = 2                                    
  proxy3 = 1                               |  3 = 170                                  
  proxy4 = 1                               |  4 = 170                                  
  proxy5 = 1                               |  5 = 206                                  
  proxy6 = 1                               |  6 = 206                                  
  proxy7 = 1                               |  7 = 3                                    
                                           |                                           
Instance: EF_AMUX21x:x4//sky130_fd_sc_hvl_ |Instance: EF_AMUX21x:4/sky130_fd_sc_hvl__n 
  A = 18                                   |  proxyA = 1                               
  B = 2                                    |  proxyB = 1                               
  VGND = 170                               |  proxyVGND = 1                            
  VNB = 170                                |  proxyVNB = 1                             
  VPB = 206                                |  proxyVPB = 1                             
  VPWR = 206                               |  proxyVPWR = 1                            
  Y = 3                                    |  proxyY = 1                               
  proxy1 = 1                               |  1 = 36                                   
  proxy2 = 1                               |  2 = 2                                    
  proxy3 = 1                               |  3 = 170                                  
  proxy4 = 1                               |  4 = 170                                  
  proxy5 = 1                               |  5 = 206                                  
  proxy6 = 1                               |  6 = 206                                  
  proxy7 = 1                               |  7 = 3                                    
                                           |                                           
Instance: EF_AMUX21x:x2//sky130_fd_sc_hvl_ |Instance: EF_AMUX21x:3/sky130_fd_sc_hvl__n 
  A = 18                                   |  proxyA = 1                               
  B = 2                                    |  proxyB = 1                               
  VGND = 170                               |  proxyVGND = 1                            
  VNB = 170                                |  proxyVNB = 1                             
  VPB = 206                                |  proxyVPB = 1                             
  VPWR = 206                               |  proxyVPWR = 1                            
  Y = 3                                    |  proxyY = 1                               
  proxy1 = 1                               |  1 = 36                                   
  proxy2 = 1                               |  2 = 2                                    
  proxy3 = 1                               |  3 = 170                                  
  proxy4 = 1                               |  4 = 170                                  
  proxy5 = 1                               |  5 = 206                                  
  proxy6 = 1                               |  6 = 206                                  
  proxy7 = 1                               |  7 = 3                                    
                                           |                                           
Instance: EF_AMUX21x:x3//sky130_fd_sc_hvl_ |Instance: EF_AMUX21x:1/sky130_fd_sc_hvl__n 
  A = 18                                   |  proxyA = 1                               
  B = 2                                    |  proxyB = 1                               
  VGND = 170                               |  proxyVGND = 1                            
  VNB = 170                                |  proxyVNB = 1                             
  VPB = 206                                |  proxyVPB = 1                             
  VPWR = 206                               |  proxyVPWR = 1                            
  Y = 3                                    |  proxyY = 1                               
  proxy1 = 1                               |  1 = 36                                   
  proxy2 = 1                               |  2 = 2                                    
  proxy3 = 1                               |  3 = 170                                  
  proxy4 = 1                               |  4 = 170                                  
  proxy5 = 1                               |  5 = 206                                  
  proxy6 = 1                               |  6 = 206                                  
  proxy7 = 1                               |  7 = 3                                    
                                           |                                           
Instance: EF_AMUX21x:x1//sky130_fd_sc_hvl_ |Instance: EF_AMUX21x:2/sky130_fd_sc_hvl__n 
  A = 18                                   |  proxyA = 1                               
  B = 2                                    |  proxyB = 1                               
  VGND = 170                               |  proxyVGND = 1                            
  VNB = 170                                |  proxyVNB = 1                             
  VPB = 206                                |  proxyVPB = 1                             
  VPWR = 206                               |  proxyVPWR = 1                            
  Y = 3                                    |  proxyY = 1                               
  proxy1 = 1                               |  1 = 36                                   
  proxy2 = 1                               |  2 = 2                                    
  proxy3 = 1                               |  3 = 170                                  
  proxy4 = 1                               |  4 = 170                                  
  proxy5 = 1                               |  5 = 206                                  
  proxy6 = 1                               |  6 = 206                                  
  proxy7 = 1                               |  7 = 3                                    
---------------------------------------------------------------------------------------

---------------------------------------------------------------------------------------
Instance: EF_AMUX21x:x1//sky130_fd_sc_hvl_ |Instance: EF_AMUX21x:2/sky130_fd_sc_hvl__d 
  VGND = 170                               |  proxyVGND = 1                            
  VNB = 170                                |  proxyVNB = 1                             
  VPB = 206                                |  proxyVPB = 1                             
  VPWR = 206                               |  proxyVPWR = 1                            
  proxy1 = 1                               |  1 = 170                                  
  proxy2 = 1                               |  2 = 170                                  
  proxy3 = 1                               |  3 = 206                                  
  proxy4 = 1                               |  4 = 206                                  
---------------------------------------------------------------------------------------

---------------------------------------------------------------------------------------
Instance: EF_AMUX21x_1//sky130_fd_sc_hvl__ |Instance: EF_AMUX21x:7/sky130_fd_sc_hvl__i 
  A = 3                                    |  proxyA = 1                               
  VGND = 170                               |  proxyVGND = 1                            
  VNB = 170                                |  proxyVNB = 1                             
  VPB = 206                                |  proxyVPB = 1                             
  VPWR = 206                               |  proxyVPWR = 1                            
  Y = 2                                    |  proxyY = 1                               
  proxy1 = 1                               |  1 = 3                                    
  proxy2 = 1                               |  2 = 170                                  
  proxy3 = 1                               |  3 = 170                                  
  proxy4 = 1                               |  4 = 206                                  
  proxy5 = 1                               |  5 = 206                                  
  proxy6 = 1                               |  6 = 2                                    
                                           |                                           
Instance: EF_AMUX21x_1//sky130_fd_sc_hvl__ |Instance: EF_AMUX21x:7/sky130_fd_sc_hvl__i 
  A = 3                                    |  proxyA = 1                               
  VGND = 170                               |  proxyVGND = 1                            
  VNB = 170                                |  proxyVNB = 1                             
  VPB = 206                                |  proxyVPB = 1                             
  VPWR = 206                               |  proxyVPWR = 1                            
  Y = 2                                    |  proxyY = 1                               
  proxy1 = 1                               |  1 = 3                                    
  proxy2 = 1                               |  2 = 170                                  
  proxy3 = 1                               |  3 = 170                                  
  proxy4 = 1                               |  4 = 206                                  
  proxy5 = 1                               |  5 = 206                                  
  proxy6 = 1                               |  6 = 2                                    
                                           |                                           
Instance: EF_AMUX21x_1//sky130_fd_sc_hvl__ |Instance: EF_AMUX21x:7/sky130_fd_sc_hvl__i 
  A = 3                                    |  proxyA = 1                               
  VGND = 170                               |  proxyVGND = 1                            
  VNB = 170                                |  proxyVNB = 1                             
  VPB = 206                                |  proxyVPB = 1                             
  VPWR = 206                               |  proxyVPWR = 1                            
  Y = 2                                    |  proxyY = 1                               
  proxy1 = 1                               |  1 = 3                                    
  proxy2 = 1                               |  2 = 170                                  
  proxy3 = 1                               |  3 = 170                                  
  proxy4 = 1                               |  4 = 206                                  
  proxy5 = 1                               |  5 = 206                                  
  proxy6 = 1                               |  6 = 2                                    
                                           |                                           
Instance: EF_AMUX21x_0//sky130_fd_sc_hvl__ |Instance: EF_AMUX21x:6/sky130_fd_sc_hvl__i 
  A = 3                                    |  proxyA = 1                               
  VGND = 170                               |  proxyVGND = 1                            
  VNB = 170                                |  proxyVNB = 1                             
  VPB = 206                                |  proxyVPB = 1                             
  VPWR = 206                               |  proxyVPWR = 1                            
  Y = 2                                    |  proxyY = 1                               
  proxy1 = 1                               |  1 = 3                                    
  proxy2 = 1                               |  2 = 170                                  
  proxy3 = 1                               |  3 = 170                                  
  proxy4 = 1                               |  4 = 206                                  
  proxy5 = 1                               |  5 = 206                                  
  proxy6 = 1                               |  6 = 2                                    
                                           |                                           
Instance: EF_AMUX21x_0//sky130_fd_sc_hvl__ |Instance: EF_AMUX21x:6/sky130_fd_sc_hvl__i 
  A = 3                                    |  proxyA = 1                               
  VGND = 170                               |  proxyVGND = 1                            
  VNB = 170                                |  proxyVNB = 1                             
  VPB = 206                                |  proxyVPB = 1                             
  VPWR = 206                               |  proxyVPWR = 1                            
  Y = 2                                    |  proxyY = 1                               
  proxy1 = 1                               |  1 = 3                                    
  proxy2 = 1                               |  2 = 170                                  
  proxy3 = 1                               |  3 = 170                                  
  proxy4 = 1                               |  4 = 206                                  
  proxy5 = 1                               |  5 = 206                                  
  proxy6 = 1                               |  6 = 2                                    
                                           |                                           
Instance: EF_AMUX21x_0//sky130_fd_sc_hvl__ |Instance: EF_AMUX21x:6/sky130_fd_sc_hvl__i 
  A = 3                                    |  proxyA = 1                               
  VGND = 170                               |  proxyVGND = 1                            
  VNB = 170                                |  proxyVNB = 1                             
  VPB = 206                                |  proxyVPB = 1                             
  VPWR = 206                               |  proxyVPWR = 1                            
  Y = 2                                    |  proxyY = 1                               
  proxy1 = 1                               |  1 = 3                                    
  proxy2 = 1                               |  2 = 170                                  
  proxy3 = 1                               |  3 = 170                                  
  proxy4 = 1                               |  4 = 206                                  
  proxy5 = 1                               |  5 = 206                                  
  proxy6 = 1                               |  6 = 2                                    
                                           |                                           
Instance: EF_AMUX21x:x12//sky130_fd_sc_hvl |Instance: EF_AMUX21x:12/sky130_fd_sc_hvl__ 
  A = 3                                    |  proxyA = 1                               
  VGND = 170                               |  proxyVGND = 1                            
  VNB = 170                                |  proxyVNB = 1                             
  VPB = 206                                |  proxyVPB = 1                             
  VPWR = 206                               |  proxyVPWR = 1                            
  Y = 2                                    |  proxyY = 1                               
  proxy1 = 1                               |  1 = 3                                    
  proxy2 = 1                               |  2 = 170                                  
  proxy3 = 1                               |  3 = 170                                  
  proxy4 = 1                               |  4 = 206                                  
  proxy5 = 1                               |  5 = 206                                  
  proxy6 = 1                               |  6 = 2                                    
                                           |                                           
Instance: EF_AMUX21x:x12//sky130_fd_sc_hvl |Instance: EF_AMUX21x:12/sky130_fd_sc_hvl__ 
  A = 3                                    |  proxyA = 1                               
  VGND = 170                               |  proxyVGND = 1                            
  VNB = 170                                |  proxyVNB = 1                             
  VPB = 206                                |  proxyVPB = 1                             
  VPWR = 206                               |  proxyVPWR = 1                            
  Y = 2                                    |  proxyY = 1                               
  proxy1 = 1                               |  1 = 3                                    
  proxy2 = 1                               |  2 = 170                                  
  proxy3 = 1                               |  3 = 170                                  
  proxy4 = 1                               |  4 = 206                                  
  proxy5 = 1                               |  5 = 206                                  
  proxy6 = 1                               |  6 = 2                                    
                                           |                                           
Instance: EF_AMUX21x:x12//sky130_fd_sc_hvl |Instance: EF_AMUX21x:12/sky130_fd_sc_hvl__ 
  A = 3                                    |  proxyA = 1                               
  VGND = 170                               |  proxyVGND = 1                            
  VNB = 170                                |  proxyVNB = 1                             
  VPB = 206                                |  proxyVPB = 1                             
  VPWR = 206                               |  proxyVPWR = 1                            
  Y = 2                                    |  proxyY = 1                               
  proxy1 = 1                               |  1 = 3                                    
  proxy2 = 1                               |  2 = 170                                  
  proxy3 = 1                               |  3 = 170                                  
  proxy4 = 1                               |  4 = 206                                  
  proxy5 = 1                               |  5 = 206                                  
  proxy6 = 1                               |  6 = 2                                    
                                           |                                           
Instance: EF_AMUX21x:x11//sky130_fd_sc_hvl |Instance: EF_AMUX21x:11/sky130_fd_sc_hvl__ 
  A = 3                                    |  proxyA = 1                               
  VGND = 170                               |  proxyVGND = 1                            
  VNB = 170                                |  proxyVNB = 1                             
  VPB = 206                                |  proxyVPB = 1                             
  VPWR = 206                               |  proxyVPWR = 1                            
  Y = 2                                    |  proxyY = 1                               
  proxy1 = 1                               |  1 = 3                                    
  proxy2 = 1                               |  2 = 170                                  
  proxy3 = 1                               |  3 = 170                                  
  proxy4 = 1                               |  4 = 206                                  
  proxy5 = 1                               |  5 = 206                                  
  proxy6 = 1                               |  6 = 2                                    
                                           |                                           
Instance: EF_AMUX21x:x11//sky130_fd_sc_hvl |Instance: EF_AMUX21x:11/sky130_fd_sc_hvl__ 
  A = 3                                    |  proxyA = 1                               
  VGND = 170                               |  proxyVGND = 1                            
  VNB = 170                                |  proxyVNB = 1                             
  VPB = 206                                |  proxyVPB = 1                             
  VPWR = 206                               |  proxyVPWR = 1                            
  Y = 2                                    |  proxyY = 1                               
  proxy1 = 1                               |  1 = 3                                    
  proxy2 = 1                               |  2 = 170                                  
  proxy3 = 1                               |  3 = 170                                  
  proxy4 = 1                               |  4 = 206                                  
  proxy5 = 1                               |  5 = 206                                  
  proxy6 = 1                               |  6 = 2                                    
                                           |                                           
Instance: EF_AMUX21x:x11//sky130_fd_sc_hvl |Instance: EF_AMUX21x:11/sky130_fd_sc_hvl__ 
  A = 3                                    |  proxyA = 1                               
  VGND = 170                               |  proxyVGND = 1                            
  VNB = 170                                |  proxyVNB = 1                             
  VPB = 206                                |  proxyVPB = 1                             
  VPWR = 206                               |  proxyVPWR = 1                            
  Y = 2                                    |  proxyY = 1                               
  proxy1 = 1                               |  1 = 3                                    
  proxy2 = 1                               |  2 = 170                                  
  proxy3 = 1                               |  3 = 170                                  
  proxy4 = 1                               |  4 = 206                                  
  proxy5 = 1                               |  5 = 206                                  
  proxy6 = 1                               |  6 = 2                                    
                                           |                                           
Instance: EF_AMUX21x:x10//sky130_fd_sc_hvl |Instance: EF_AMUX21x:10/sky130_fd_sc_hvl__ 
  A = 3                                    |  proxyA = 1                               
  VGND = 170                               |  proxyVGND = 1                            
  VNB = 170                                |  proxyVNB = 1                             
  VPB = 206                                |  proxyVPB = 1                             
  VPWR = 206                               |  proxyVPWR = 1                            
  Y = 2                                    |  proxyY = 1                               
  proxy1 = 1                               |  1 = 3                                    
  proxy2 = 1                               |  2 = 170                                  
  proxy3 = 1                               |  3 = 170                                  
  proxy4 = 1                               |  4 = 206                                  
  proxy5 = 1                               |  5 = 206                                  
  proxy6 = 1                               |  6 = 2                                    
                                           |                                           
Instance: EF_AMUX21x:x10//sky130_fd_sc_hvl |Instance: EF_AMUX21x:10/sky130_fd_sc_hvl__ 
  A = 3                                    |  proxyA = 1                               
  VGND = 170                               |  proxyVGND = 1                            
  VNB = 170                                |  proxyVNB = 1                             
  VPB = 206                                |  proxyVPB = 1                             
  VPWR = 206                               |  proxyVPWR = 1                            
  Y = 2                                    |  proxyY = 1                               
  proxy1 = 1                               |  1 = 3                                    
  proxy2 = 1                               |  2 = 170                                  
  proxy3 = 1                               |  3 = 170                                  
  proxy4 = 1                               |  4 = 206                                  
  proxy5 = 1                               |  5 = 206                                  
  proxy6 = 1                               |  6 = 2                                    
                                           |                                           
Instance: EF_AMUX21x:x10//sky130_fd_sc_hvl |Instance: EF_AMUX21x:10/sky130_fd_sc_hvl__ 
  A = 3                                    |  proxyA = 1                               
  VGND = 170                               |  proxyVGND = 1                            
  VNB = 170                                |  proxyVNB = 1                             
  VPB = 206                                |  proxyVPB = 1                             
  VPWR = 206                               |  proxyVPWR = 1                            
  Y = 2                                    |  proxyY = 1                               
  proxy1 = 1                               |  1 = 3                                    
  proxy2 = 1                               |  2 = 170                                  
  proxy3 = 1                               |  3 = 170                                  
  proxy4 = 1                               |  4 = 206                                  
  proxy5 = 1                               |  5 = 206                                  
  proxy6 = 1                               |  6 = 2                                    
                                           |                                           
Instance: EF_AMUX21x:x9//sky130_fd_sc_hvl_ |Instance: EF_AMUX21x:9/sky130_fd_sc_hvl__i 
  A = 3                                    |  proxyA = 1                               
  VGND = 170                               |  proxyVGND = 1                            
  VNB = 170                                |  proxyVNB = 1                             
  VPB = 206                                |  proxyVPB = 1                             
  VPWR = 206                               |  proxyVPWR = 1                            
  Y = 2                                    |  proxyY = 1                               
  proxy1 = 1                               |  1 = 3                                    
  proxy2 = 1                               |  2 = 170                                  
  proxy3 = 1                               |  3 = 170                                  
  proxy4 = 1                               |  4 = 206                                  
  proxy5 = 1                               |  5 = 206                                  
  proxy6 = 1                               |  6 = 2                                    
                                           |                                           
Instance: EF_AMUX21x:x9//sky130_fd_sc_hvl_ |Instance: EF_AMUX21x:9/sky130_fd_sc_hvl__i 
  A = 3                                    |  proxyA = 1                               
  VGND = 170                               |  proxyVGND = 1                            
  VNB = 170                                |  proxyVNB = 1                             
  VPB = 206                                |  proxyVPB = 1                             
  VPWR = 206                               |  proxyVPWR = 1                            
  Y = 2                                    |  proxyY = 1                               
  proxy1 = 1                               |  1 = 3                                    
  proxy2 = 1                               |  2 = 170                                  
  proxy3 = 1                               |  3 = 170                                  
  proxy4 = 1                               |  4 = 206                                  
  proxy5 = 1                               |  5 = 206                                  
  proxy6 = 1                               |  6 = 2                                    
                                           |                                           
Instance: EF_AMUX21x:x9//sky130_fd_sc_hvl_ |Instance: EF_AMUX21x:9/sky130_fd_sc_hvl__i 
  A = 3                                    |  proxyA = 1                               
  VGND = 170                               |  proxyVGND = 1                            
  VNB = 170                                |  proxyVNB = 1                             
  VPB = 206                                |  proxyVPB = 1                             
  VPWR = 206                               |  proxyVPWR = 1                            
  Y = 2                                    |  proxyY = 1                               
  proxy1 = 1                               |  1 = 3                                    
  proxy2 = 1                               |  2 = 170                                  
  proxy3 = 1                               |  3 = 170                                  
  proxy4 = 1                               |  4 = 206                                  
  proxy5 = 1                               |  5 = 206                                  
  proxy6 = 1                               |  6 = 2                                    
                                           |                                           
Instance: EF_AMUX21x:x8//sky130_fd_sc_hvl_ |Instance: EF_AMUX21x:8/sky130_fd_sc_hvl__i 
  A = 3                                    |  proxyA = 1                               
  VGND = 170                               |  proxyVGND = 1                            
  VNB = 170                                |  proxyVNB = 1                             
  VPB = 206                                |  proxyVPB = 1                             
  VPWR = 206                               |  proxyVPWR = 1                            
  Y = 2                                    |  proxyY = 1                               
  proxy1 = 1                               |  1 = 3                                    
  proxy2 = 1                               |  2 = 170                                  
  proxy3 = 1                               |  3 = 170                                  
  proxy4 = 1                               |  4 = 206                                  
  proxy5 = 1                               |  5 = 206                                  
  proxy6 = 1                               |  6 = 2                                    
                                           |                                           
Instance: EF_AMUX21x:x8//sky130_fd_sc_hvl_ |Instance: EF_AMUX21x:8/sky130_fd_sc_hvl__i 
  A = 3                                    |  proxyA = 1                               
  VGND = 170                               |  proxyVGND = 1                            
  VNB = 170                                |  proxyVNB = 1                             
  VPB = 206                                |  proxyVPB = 1                             
  VPWR = 206                               |  proxyVPWR = 1                            
  Y = 2                                    |  proxyY = 1                               
  proxy1 = 1                               |  1 = 3                                    
  proxy2 = 1                               |  2 = 170                                  
  proxy3 = 1                               |  3 = 170                                  
  proxy4 = 1                               |  4 = 206                                  
  proxy5 = 1                               |  5 = 206                                  
  proxy6 = 1                               |  6 = 2                                    
                                           |                                           
Instance: EF_AMUX21x:x8//sky130_fd_sc_hvl_ |Instance: EF_AMUX21x:8/sky130_fd_sc_hvl__i 
  A = 3                                    |  proxyA = 1                               
  VGND = 170                               |  proxyVGND = 1                            
  VNB = 170                                |  proxyVNB = 1                             
  VPB = 206                                |  proxyVPB = 1                             
  VPWR = 206                               |  proxyVPWR = 1                            
  Y = 2                                    |  proxyY = 1                               
  proxy1 = 1                               |  1 = 3                                    
  proxy2 = 1                               |  2 = 170                                  
  proxy3 = 1                               |  3 = 170                                  
  proxy4 = 1                               |  4 = 206                                  
  proxy5 = 1                               |  5 = 206                                  
  proxy6 = 1                               |  6 = 2                                    
                                           |                                           
Instance: EF_AMUX21x:x5//sky130_fd_sc_hvl_ |Instance: EF_AMUX21x:5/sky130_fd_sc_hvl__i 
  A = 3                                    |  proxyA = 1                               
  VGND = 170                               |  proxyVGND = 1                            
  VNB = 170                                |  proxyVNB = 1                             
  VPB = 206                                |  proxyVPB = 1                             
  VPWR = 206                               |  proxyVPWR = 1                            
  Y = 2                                    |  proxyY = 1                               
  proxy1 = 1                               |  1 = 3                                    
  proxy2 = 1                               |  2 = 170                                  
  proxy3 = 1                               |  3 = 170                                  
  proxy4 = 1                               |  4 = 206                                  
  proxy5 = 1                               |  5 = 206                                  
  proxy6 = 1                               |  6 = 2                                    
                                           |                                           
Instance: EF_AMUX21x:x5//sky130_fd_sc_hvl_ |Instance: EF_AMUX21x:5/sky130_fd_sc_hvl__i 
  A = 3                                    |  proxyA = 1                               
  VGND = 170                               |  proxyVGND = 1                            
  VNB = 170                                |  proxyVNB = 1                             
  VPB = 206                                |  proxyVPB = 1                             
  VPWR = 206                               |  proxyVPWR = 1                            
  Y = 2                                    |  proxyY = 1                               
  proxy1 = 1                               |  1 = 3                                    
  proxy2 = 1                               |  2 = 170                                  
  proxy3 = 1                               |  3 = 170                                  
  proxy4 = 1                               |  4 = 206                                  
  proxy5 = 1                               |  5 = 206                                  
  proxy6 = 1                               |  6 = 2                                    
                                           |                                           
Instance: EF_AMUX21x:x5//sky130_fd_sc_hvl_ |Instance: EF_AMUX21x:5/sky130_fd_sc_hvl__i 
  A = 3                                    |  proxyA = 1                               
  VGND = 170                               |  proxyVGND = 1                            
  VNB = 170                                |  proxyVNB = 1                             
  VPB = 206                                |  proxyVPB = 1                             
  VPWR = 206                               |  proxyVPWR = 1                            
  Y = 2                                    |  proxyY = 1                               
  proxy1 = 1                               |  1 = 3                                    
  proxy2 = 1                               |  2 = 170                                  
  proxy3 = 1                               |  3 = 170                                  
  proxy4 = 1                               |  4 = 206                                  
  proxy5 = 1                               |  5 = 206                                  
  proxy6 = 1                               |  6 = 2                                    
                                           |                                           
Instance: EF_AMUX21x:x4//sky130_fd_sc_hvl_ |Instance: EF_AMUX21x:4/sky130_fd_sc_hvl__i 
  A = 3                                    |  proxyA = 1                               
  VGND = 170                               |  proxyVGND = 1                            
  VNB = 170                                |  proxyVNB = 1                             
  VPB = 206                                |  proxyVPB = 1                             
  VPWR = 206                               |  proxyVPWR = 1                            
  Y = 2                                    |  proxyY = 1                               
  proxy1 = 1                               |  1 = 3                                    
  proxy2 = 1                               |  2 = 170                                  
  proxy3 = 1                               |  3 = 170                                  
  proxy4 = 1                               |  4 = 206                                  
  proxy5 = 1                               |  5 = 206                                  
  proxy6 = 1                               |  6 = 2                                    
                                           |                                           
Instance: EF_AMUX21x:x4//sky130_fd_sc_hvl_ |Instance: EF_AMUX21x:4/sky130_fd_sc_hvl__i 
  A = 3                                    |  proxyA = 1                               
  VGND = 170                               |  proxyVGND = 1                            
  VNB = 170                                |  proxyVNB = 1                             
  VPB = 206                                |  proxyVPB = 1                             
  VPWR = 206                               |  proxyVPWR = 1                            
  Y = 2                                    |  proxyY = 1                               
  proxy1 = 1                               |  1 = 3                                    
  proxy2 = 1                               |  2 = 170                                  
  proxy3 = 1                               |  3 = 170                                  
  proxy4 = 1                               |  4 = 206                                  
  proxy5 = 1                               |  5 = 206                                  
  proxy6 = 1                               |  6 = 2                                    
                                           |                                           
Instance: EF_AMUX21x:x4//sky130_fd_sc_hvl_ |Instance: EF_AMUX21x:4/sky130_fd_sc_hvl__i 
  A = 3                                    |  proxyA = 1                               
  VGND = 170                               |  proxyVGND = 1                            
  VNB = 170                                |  proxyVNB = 1                             
  VPB = 206                                |  proxyVPB = 1                             
  VPWR = 206                               |  proxyVPWR = 1                            
  Y = 2                                    |  proxyY = 1                               
  proxy1 = 1                               |  1 = 3                                    
  proxy2 = 1                               |  2 = 170                                  
  proxy3 = 1                               |  3 = 170                                  
  proxy4 = 1                               |  4 = 206                                  
  proxy5 = 1                               |  5 = 206                                  
  proxy6 = 1                               |  6 = 2                                    
                                           |                                           
Instance: EF_AMUX21x:x2//sky130_fd_sc_hvl_ |Instance: EF_AMUX21x:3/sky130_fd_sc_hvl__i 
  A = 3                                    |  proxyA = 1                               
  VGND = 170                               |  proxyVGND = 1                            
  VNB = 170                                |  proxyVNB = 1                             
  VPB = 206                                |  proxyVPB = 1                             
  VPWR = 206                               |  proxyVPWR = 1                            
  Y = 2                                    |  proxyY = 1                               
  proxy1 = 1                               |  1 = 3                                    
  proxy2 = 1                               |  2 = 170                                  
  proxy3 = 1                               |  3 = 170                                  
  proxy4 = 1                               |  4 = 206                                  
  proxy5 = 1                               |  5 = 206                                  
  proxy6 = 1                               |  6 = 2                                    
                                           |                                           
Instance: EF_AMUX21x:x2//sky130_fd_sc_hvl_ |Instance: EF_AMUX21x:3/sky130_fd_sc_hvl__i 
  A = 3                                    |  proxyA = 1                               
  VGND = 170                               |  proxyVGND = 1                            
  VNB = 170                                |  proxyVNB = 1                             
  VPB = 206                                |  proxyVPB = 1                             
  VPWR = 206                               |  proxyVPWR = 1                            
  Y = 2                                    |  proxyY = 1                               
  proxy1 = 1                               |  1 = 3                                    
  proxy2 = 1                               |  2 = 170                                  
  proxy3 = 1                               |  3 = 170                                  
  proxy4 = 1                               |  4 = 206                                  
  proxy5 = 1                               |  5 = 206                                  
  proxy6 = 1                               |  6 = 2                                    
                                           |                                           
Instance: EF_AMUX21x:x2//sky130_fd_sc_hvl_ |Instance: EF_AMUX21x:3/sky130_fd_sc_hvl__i 
  A = 3                                    |  proxyA = 1                               
  VGND = 170                               |  proxyVGND = 1                            
  VNB = 170                                |  proxyVNB = 1                             
  VPB = 206                                |  proxyVPB = 1                             
  VPWR = 206                               |  proxyVPWR = 1                            
  Y = 2                                    |  proxyY = 1                               
  proxy1 = 1                               |  1 = 3                                    
  proxy2 = 1                               |  2 = 170                                  
  proxy3 = 1                               |  3 = 170                                  
  proxy4 = 1                               |  4 = 206                                  
  proxy5 = 1                               |  5 = 206                                  
  proxy6 = 1                               |  6 = 2                                    
                                           |                                           
Instance: EF_AMUX21x:x3//sky130_fd_sc_hvl_ |Instance: EF_AMUX21x:1/sky130_fd_sc_hvl__i 
  A = 3                                    |  proxyA = 1                               
  VGND = 170                               |  proxyVGND = 1                            
  VNB = 170                                |  proxyVNB = 1                             
  VPB = 206                                |  proxyVPB = 1                             
  VPWR = 206                               |  proxyVPWR = 1                            
  Y = 2                                    |  proxyY = 1                               
  proxy1 = 1                               |  1 = 3                                    
  proxy2 = 1                               |  2 = 170                                  
  proxy3 = 1                               |  3 = 170                                  
  proxy4 = 1                               |  4 = 206                                  
  proxy5 = 1                               |  5 = 206                                  
  proxy6 = 1                               |  6 = 2                                    
                                           |                                           
Instance: EF_AMUX21x:x3//sky130_fd_sc_hvl_ |Instance: EF_AMUX21x:1/sky130_fd_sc_hvl__i 
  A = 3                                    |  proxyA = 1                               
  VGND = 170                               |  proxyVGND = 1                            
  VNB = 170                                |  proxyVNB = 1                             
  VPB = 206                                |  proxyVPB = 1                             
  VPWR = 206                               |  proxyVPWR = 1                            
  Y = 2                                    |  proxyY = 1                               
  proxy1 = 1                               |  1 = 3                                    
  proxy2 = 1                               |  2 = 170                                  
  proxy3 = 1                               |  3 = 170                                  
  proxy4 = 1                               |  4 = 206                                  
  proxy5 = 1                               |  5 = 206                                  
  proxy6 = 1                               |  6 = 2                                    
                                           |                                           
Instance: EF_AMUX21x:x3//sky130_fd_sc_hvl_ |Instance: EF_AMUX21x:1/sky130_fd_sc_hvl__i 
  A = 3                                    |  proxyA = 1                               
  VGND = 170                               |  proxyVGND = 1                            
  VNB = 170                                |  proxyVNB = 1                             
  VPB = 206                                |  proxyVPB = 1                             
  VPWR = 206                               |  proxyVPWR = 1                            
  Y = 2                                    |  proxyY = 1                               
  proxy1 = 1                               |  1 = 3                                    
  proxy2 = 1                               |  2 = 170                                  
  proxy3 = 1                               |  3 = 170                                  
  proxy4 = 1                               |  4 = 206                                  
  proxy5 = 1                               |  5 = 206                                  
  proxy6 = 1                               |  6 = 2                                    
                                           |                                           
Instance: EF_AMUX21x:x1//sky130_fd_sc_hvl_ |Instance: EF_AMUX21x:2/sky130_fd_sc_hvl__i 
  A = 3                                    |  proxyA = 1                               
  VGND = 170                               |  proxyVGND = 1                            
  VNB = 170                                |  proxyVNB = 1                             
  VPB = 206                                |  proxyVPB = 1                             
  VPWR = 206                               |  proxyVPWR = 1                            
  Y = 2                                    |  proxyY = 1                               
  proxy1 = 1                               |  1 = 3                                    
  proxy2 = 1                               |  2 = 170                                  
  proxy3 = 1                               |  3 = 170                                  
  proxy4 = 1                               |  4 = 206                                  
  proxy5 = 1                               |  5 = 206                                  
  proxy6 = 1                               |  6 = 2                                    
                                           |                                           
Instance: EF_AMUX21x:x1//sky130_fd_sc_hvl_ |Instance: EF_AMUX21x:2/sky130_fd_sc_hvl__i 
  A = 3                                    |  proxyA = 1                               
  VGND = 170                               |  proxyVGND = 1                            
  VNB = 170                                |  proxyVNB = 1                             
  VPB = 206                                |  proxyVPB = 1                             
  VPWR = 206                               |  proxyVPWR = 1                            
  Y = 2                                    |  proxyY = 1                               
  proxy1 = 1                               |  1 = 3                                    
  proxy2 = 1                               |  2 = 170                                  
  proxy3 = 1                               |  3 = 170                                  
  proxy4 = 1                               |  4 = 206                                  
  proxy5 = 1                               |  5 = 206                                  
  proxy6 = 1                               |  6 = 2                                    
                                           |                                           
Instance: EF_AMUX21x:x1//sky130_fd_sc_hvl_ |Instance: EF_AMUX21x:2/sky130_fd_sc_hvl__i 
  A = 3                                    |  proxyA = 1                               
  VGND = 170                               |  proxyVGND = 1                            
  VNB = 170                                |  proxyVNB = 1                             
  VPB = 206                                |  proxyVPB = 1                             
  VPWR = 206                               |  proxyVPWR = 1                            
  Y = 2                                    |  proxyY = 1                               
  proxy1 = 1                               |  1 = 3                                    
  proxy2 = 1                               |  2 = 170                                  
  proxy3 = 1                               |  3 = 170                                  
  proxy4 = 1                               |  4 = 206                                  
  proxy5 = 1                               |  5 = 206                                  
  proxy6 = 1                               |  6 = 2                                    
                                           |                                           
Instance: EF_AMUX21x_1//sky130_fd_sc_hvl__ |Instance: EF_AMUX21x:7/sky130_fd_sc_hvl__i 
  A = 2                                    |  proxyA = 1                               
  VGND = 170                               |  proxyVGND = 1                            
  VNB = 170                                |  proxyVNB = 1                             
  VPB = 206                                |  proxyVPB = 1                             
  VPWR = 206                               |  proxyVPWR = 1                            
  Y = 2                                    |  proxyY = 1                               
  proxy1 = 1                               |  1 = 36                                   
  proxy2 = 1                               |  2 = 170                                  
  proxy3 = 1                               |  3 = 170                                  
  proxy4 = 1                               |  4 = 206                                  
  proxy5 = 1                               |  5 = 206                                  
  proxy6 = 1                               |  6 = 3                                    
                                           |                                           
Instance: EF_AMUX21x_0//sky130_fd_sc_hvl__ |Instance: EF_AMUX21x:6/sky130_fd_sc_hvl__i 
  A = 2                                    |  proxyA = 1                               
  VGND = 170                               |  proxyVGND = 1                            
  VNB = 170                                |  proxyVNB = 1                             
  VPB = 206                                |  proxyVPB = 1                             
  VPWR = 206                               |  proxyVPWR = 1                            
  Y = 2                                    |  proxyY = 1                               
  proxy1 = 1                               |  1 = 36                                   
  proxy2 = 1                               |  2 = 170                                  
  proxy3 = 1                               |  3 = 170                                  
  proxy4 = 1                               |  4 = 206                                  
  proxy5 = 1                               |  5 = 206                                  
  proxy6 = 1                               |  6 = 3                                    
                                           |                                           
Instance: EF_AMUX21x:x12//sky130_fd_sc_hvl |Instance: EF_AMUX21x:12/sky130_fd_sc_hvl__ 
  A = 2                                    |  proxyA = 1                               
  VGND = 170                               |  proxyVGND = 1                            
  VNB = 170                                |  proxyVNB = 1                             
  VPB = 206                                |  proxyVPB = 1                             
  VPWR = 206                               |  proxyVPWR = 1                            
  Y = 2                                    |  proxyY = 1                               
  proxy1 = 1                               |  1 = 36                                   
  proxy2 = 1                               |  2 = 170                                  
  proxy3 = 1                               |  3 = 170                                  
  proxy4 = 1                               |  4 = 206                                  
  proxy5 = 1                               |  5 = 206                                  
  proxy6 = 1                               |  6 = 3                                    
                                           |                                           
Instance: EF_AMUX21x:x11//sky130_fd_sc_hvl |Instance: EF_AMUX21x:11/sky130_fd_sc_hvl__ 
  A = 2                                    |  proxyA = 1                               
  VGND = 170                               |  proxyVGND = 1                            
  VNB = 170                                |  proxyVNB = 1                             
  VPB = 206                                |  proxyVPB = 1                             
  VPWR = 206                               |  proxyVPWR = 1                            
  Y = 2                                    |  proxyY = 1                               
  proxy1 = 1                               |  1 = 36                                   
  proxy2 = 1                               |  2 = 170                                  
  proxy3 = 1                               |  3 = 170                                  
  proxy4 = 1                               |  4 = 206                                  
  proxy5 = 1                               |  5 = 206                                  
  proxy6 = 1                               |  6 = 3                                    
                                           |                                           
Instance: EF_AMUX21x:x10//sky130_fd_sc_hvl |Instance: EF_AMUX21x:10/sky130_fd_sc_hvl__ 
  A = 2                                    |  proxyA = 1                               
  VGND = 170                               |  proxyVGND = 1                            
  VNB = 170                                |  proxyVNB = 1                             
  VPB = 206                                |  proxyVPB = 1                             
  VPWR = 206                               |  proxyVPWR = 1                            
  Y = 2                                    |  proxyY = 1                               
  proxy1 = 1                               |  1 = 36                                   
  proxy2 = 1                               |  2 = 170                                  
  proxy3 = 1                               |  3 = 170                                  
  proxy4 = 1                               |  4 = 206                                  
  proxy5 = 1                               |  5 = 206                                  
  proxy6 = 1                               |  6 = 3                                    
                                           |                                           
Instance: EF_AMUX21x:x9//sky130_fd_sc_hvl_ |Instance: EF_AMUX21x:9/sky130_fd_sc_hvl__i 
  A = 2                                    |  proxyA = 1                               
  VGND = 170                               |  proxyVGND = 1                            
  VNB = 170                                |  proxyVNB = 1                             
  VPB = 206                                |  proxyVPB = 1                             
  VPWR = 206                               |  proxyVPWR = 1                            
  Y = 2                                    |  proxyY = 1                               
  proxy1 = 1                               |  1 = 36                                   
  proxy2 = 1                               |  2 = 170                                  
  proxy3 = 1                               |  3 = 170                                  
  proxy4 = 1                               |  4 = 206                                  
  proxy5 = 1                               |  5 = 206                                  
  proxy6 = 1                               |  6 = 3                                    
                                           |                                           
Instance: EF_AMUX21x:x8//sky130_fd_sc_hvl_ |Instance: EF_AMUX21x:8/sky130_fd_sc_hvl__i 
  A = 2                                    |  proxyA = 1                               
  VGND = 170                               |  proxyVGND = 1                            
  VNB = 170                                |  proxyVNB = 1                             
  VPB = 206                                |  proxyVPB = 1                             
  VPWR = 206                               |  proxyVPWR = 1                            
  Y = 2                                    |  proxyY = 1                               
  proxy1 = 1                               |  1 = 36                                   
  proxy2 = 1                               |  2 = 170                                  
  proxy3 = 1                               |  3 = 170                                  
  proxy4 = 1                               |  4 = 206                                  
  proxy5 = 1                               |  5 = 206                                  
  proxy6 = 1                               |  6 = 3                                    
                                           |                                           
Instance: EF_AMUX21x:x5//sky130_fd_sc_hvl_ |Instance: EF_AMUX21x:5/sky130_fd_sc_hvl__i 
  A = 2                                    |  proxyA = 1                               
  VGND = 170                               |  proxyVGND = 1                            
  VNB = 170                                |  proxyVNB = 1                             
  VPB = 206                                |  proxyVPB = 1                             
  VPWR = 206                               |  proxyVPWR = 1                            
  Y = 2                                    |  proxyY = 1                               
  proxy1 = 1                               |  1 = 36                                   
  proxy2 = 1                               |  2 = 170                                  
  proxy3 = 1                               |  3 = 170                                  
  proxy4 = 1                               |  4 = 206                                  
  proxy5 = 1                               |  5 = 206                                  
  proxy6 = 1                               |  6 = 3                                    
                                           |                                           
Instance: EF_AMUX21x:x4//sky130_fd_sc_hvl_ |Instance: EF_AMUX21x:4/sky130_fd_sc_hvl__i 
  A = 2                                    |  proxyA = 1                               
  VGND = 170                               |  proxyVGND = 1                            
  VNB = 170                                |  proxyVNB = 1                             
  VPB = 206                                |  proxyVPB = 1                             
  VPWR = 206                               |  proxyVPWR = 1                            
  Y = 2                                    |  proxyY = 1                               
  proxy1 = 1                               |  1 = 36                                   
  proxy2 = 1                               |  2 = 170                                  
  proxy3 = 1                               |  3 = 170                                  
  proxy4 = 1                               |  4 = 206                                  
  proxy5 = 1                               |  5 = 206                                  
  proxy6 = 1                               |  6 = 3                                    
                                           |                                           
Instance: EF_AMUX21x:x2//sky130_fd_sc_hvl_ |Instance: EF_AMUX21x:3/sky130_fd_sc_hvl__i 
  A = 2                                    |  proxyA = 1                               
  VGND = 170                               |  proxyVGND = 1                            
  VNB = 170                                |  proxyVNB = 1                             
  VPB = 206                                |  proxyVPB = 1                             
  VPWR = 206                               |  proxyVPWR = 1                            
  Y = 2                                    |  proxyY = 1                               
  proxy1 = 1                               |  1 = 36                                   
  proxy2 = 1                               |  2 = 170                                  
  proxy3 = 1                               |  3 = 170                                  
  proxy4 = 1                               |  4 = 206                                  
  proxy5 = 1                               |  5 = 206                                  
  proxy6 = 1                               |  6 = 3                                    
                                           |                                           
Instance: EF_AMUX21x:x3//sky130_fd_sc_hvl_ |Instance: EF_AMUX21x:1/sky130_fd_sc_hvl__i 
  A = 2                                    |  proxyA = 1                               
  VGND = 170                               |  proxyVGND = 1                            
  VNB = 170                                |  proxyVNB = 1                             
  VPB = 206                                |  proxyVPB = 1                             
  VPWR = 206                               |  proxyVPWR = 1                            
  Y = 2                                    |  proxyY = 1                               
  proxy1 = 1                               |  1 = 36                                   
  proxy2 = 1                               |  2 = 170                                  
  proxy3 = 1                               |  3 = 170                                  
  proxy4 = 1                               |  4 = 206                                  
  proxy5 = 1                               |  5 = 206                                  
  proxy6 = 1                               |  6 = 3                                    
                                           |                                           
Instance: EF_AMUX21x:x1//sky130_fd_sc_hvl_ |Instance: EF_AMUX21x:2/sky130_fd_sc_hvl__i 
  A = 2                                    |  proxyA = 1                               
  VGND = 170                               |  proxyVGND = 1                            
  VNB = 170                                |  proxyVNB = 1                             
  VPB = 206                                |  proxyVPB = 1                             
  VPWR = 206                               |  proxyVPWR = 1                            
  Y = 2                                    |  proxyY = 1                               
  proxy1 = 1                               |  1 = 36                                   
  proxy2 = 1                               |  2 = 170                                  
  proxy3 = 1                               |  3 = 170                                  
  proxy4 = 1                               |  4 = 206                                  
  proxy5 = 1                               |  5 = 206                                  
  proxy6 = 1                               |  6 = 3                                    
                                           |                                           
Instance: EF_AMUX21x_1//sky130_fd_sc_hvl__ |Instance: EF_AMUX21x:7/sky130_fd_sc_hvl__i 
  A = 18                                   |  proxyA = 1                               
  VGND = 170                               |  proxyVGND = 1                            
  VNB = 170                                |  proxyVNB = 1                             
  VPB = 206                                |  proxyVPB = 1                             
  VPWR = 206                               |  proxyVPWR = 1                            
  Y = 3                                    |  proxyY = 1                               
  proxy1 = 1                               |  1 = 2                                    
  proxy2 = 1                               |  2 = 170                                  
  proxy3 = 1                               |  3 = 170                                  
  proxy4 = 1                               |  4 = 206                                  
  proxy5 = 1                               |  5 = 206                                  
  proxy6 = 1                               |  6 = 2                                    
                                           |                                           
Instance: EF_AMUX21x_0//sky130_fd_sc_hvl__ |Instance: EF_AMUX21x:6/sky130_fd_sc_hvl__i 
  A = 18                                   |  proxyA = 1                               
  VGND = 170                               |  proxyVGND = 1                            
  VNB = 170                                |  proxyVNB = 1                             
  VPB = 206                                |  proxyVPB = 1                             
  VPWR = 206                               |  proxyVPWR = 1                            
  Y = 3                                    |  proxyY = 1                               
  proxy1 = 1                               |  1 = 2                                    
  proxy2 = 1                               |  2 = 170                                  
  proxy3 = 1                               |  3 = 170                                  
  proxy4 = 1                               |  4 = 206                                  
  proxy5 = 1                               |  5 = 206                                  
  proxy6 = 1                               |  6 = 2                                    
                                           |                                           
Instance: EF_AMUX21x:x12//sky130_fd_sc_hvl |Instance: EF_AMUX21x:12/sky130_fd_sc_hvl__ 
  A = 18                                   |  proxyA = 1                               
  VGND = 170                               |  proxyVGND = 1                            
  VNB = 170                                |  proxyVNB = 1                             
  VPB = 206                                |  proxyVPB = 1                             
  VPWR = 206                               |  proxyVPWR = 1                            
  Y = 3                                    |  proxyY = 1                               
  proxy1 = 1                               |  1 = 2                                    
  proxy2 = 1                               |  2 = 170                                  
  proxy3 = 1                               |  3 = 170                                  
  proxy4 = 1                               |  4 = 206                                  
  proxy5 = 1                               |  5 = 206                                  
  proxy6 = 1                               |  6 = 2                                    
                                           |                                           
Instance: EF_AMUX21x:x11//sky130_fd_sc_hvl |Instance: EF_AMUX21x:11/sky130_fd_sc_hvl__ 
  A = 18                                   |  proxyA = 1                               
  VGND = 170                               |  proxyVGND = 1                            
  VNB = 170                                |  proxyVNB = 1                             
  VPB = 206                                |  proxyVPB = 1                             
  VPWR = 206                               |  proxyVPWR = 1                            
  Y = 3                                    |  proxyY = 1                               
  proxy1 = 1                               |  1 = 2                                    
  proxy2 = 1                               |  2 = 170                                  
  proxy3 = 1                               |  3 = 170                                  
  proxy4 = 1                               |  4 = 206                                  
  proxy5 = 1                               |  5 = 206                                  
  proxy6 = 1                               |  6 = 2                                    
                                           |                                           
Instance: EF_AMUX21x:x10//sky130_fd_sc_hvl |Instance: EF_AMUX21x:10/sky130_fd_sc_hvl__ 
  A = 18                                   |  proxyA = 1                               
  VGND = 170                               |  proxyVGND = 1                            
  VNB = 170                                |  proxyVNB = 1                             
  VPB = 206                                |  proxyVPB = 1                             
  VPWR = 206                               |  proxyVPWR = 1                            
  Y = 3                                    |  proxyY = 1                               
  proxy1 = 1                               |  1 = 2                                    
  proxy2 = 1                               |  2 = 170                                  
  proxy3 = 1                               |  3 = 170                                  
  proxy4 = 1                               |  4 = 206                                  
  proxy5 = 1                               |  5 = 206                                  
  proxy6 = 1                               |  6 = 2                                    
                                           |                                           
Instance: EF_AMUX21x:x9//sky130_fd_sc_hvl_ |Instance: EF_AMUX21x:9/sky130_fd_sc_hvl__i 
  A = 18                                   |  proxyA = 1                               
  VGND = 170                               |  proxyVGND = 1                            
  VNB = 170                                |  proxyVNB = 1                             
  VPB = 206                                |  proxyVPB = 1                             
  VPWR = 206                               |  proxyVPWR = 1                            
  Y = 3                                    |  proxyY = 1                               
  proxy1 = 1                               |  1 = 2                                    
  proxy2 = 1                               |  2 = 170                                  
  proxy3 = 1                               |  3 = 170                                  
  proxy4 = 1                               |  4 = 206                                  
  proxy5 = 1                               |  5 = 206                                  
  proxy6 = 1                               |  6 = 2                                    
                                           |                                           
Instance: EF_AMUX21x:x8//sky130_fd_sc_hvl_ |Instance: EF_AMUX21x:8/sky130_fd_sc_hvl__i 
  A = 18                                   |  proxyA = 1                               
  VGND = 170                               |  proxyVGND = 1                            
  VNB = 170                                |  proxyVNB = 1                             
  VPB = 206                                |  proxyVPB = 1                             
  VPWR = 206                               |  proxyVPWR = 1                            
  Y = 3                                    |  proxyY = 1                               
  proxy1 = 1                               |  1 = 2                                    
  proxy2 = 1                               |  2 = 170                                  
  proxy3 = 1                               |  3 = 170                                  
  proxy4 = 1                               |  4 = 206                                  
  proxy5 = 1                               |  5 = 206                                  
  proxy6 = 1                               |  6 = 2                                    
                                           |                                           
Instance: EF_AMUX21x:x5//sky130_fd_sc_hvl_ |Instance: EF_AMUX21x:5/sky130_fd_sc_hvl__i 
  A = 18                                   |  proxyA = 1                               
  VGND = 170                               |  proxyVGND = 1                            
  VNB = 170                                |  proxyVNB = 1                             
  VPB = 206                                |  proxyVPB = 1                             
  VPWR = 206                               |  proxyVPWR = 1                            
  Y = 3                                    |  proxyY = 1                               
  proxy1 = 1                               |  1 = 2                                    
  proxy2 = 1                               |  2 = 170                                  
  proxy3 = 1                               |  3 = 170                                  
  proxy4 = 1                               |  4 = 206                                  
  proxy5 = 1                               |  5 = 206                                  
  proxy6 = 1                               |  6 = 2                                    
                                           |                                           
Instance: EF_AMUX21x:x4//sky130_fd_sc_hvl_ |Instance: EF_AMUX21x:4/sky130_fd_sc_hvl__i 
  A = 18                                   |  proxyA = 1                               
  VGND = 170                               |  proxyVGND = 1                            
  VNB = 170                                |  proxyVNB = 1                             
  VPB = 206                                |  proxyVPB = 1                             
  VPWR = 206                               |  proxyVPWR = 1                            
  Y = 3                                    |  proxyY = 1                               
  proxy1 = 1                               |  1 = 2                                    
  proxy2 = 1                               |  2 = 170                                  
  proxy3 = 1                               |  3 = 170                                  
  proxy4 = 1                               |  4 = 206                                  
  proxy5 = 1                               |  5 = 206                                  
  proxy6 = 1                               |  6 = 2                                    
                                           |                                           
Instance: EF_AMUX21x:x2//sky130_fd_sc_hvl_ |Instance: EF_AMUX21x:3/sky130_fd_sc_hvl__i 
  A = 18                                   |  proxyA = 1                               
  VGND = 170                               |  proxyVGND = 1                            
  VNB = 170                                |  proxyVNB = 1                             
  VPB = 206                                |  proxyVPB = 1                             
  VPWR = 206                               |  proxyVPWR = 1                            
  Y = 3                                    |  proxyY = 1                               
  proxy1 = 1                               |  1 = 2                                    
  proxy2 = 1                               |  2 = 170                                  
  proxy3 = 1                               |  3 = 170                                  
  proxy4 = 1                               |  4 = 206                                  
  proxy5 = 1                               |  5 = 206                                  
  proxy6 = 1                               |  6 = 2                                    
                                           |                                           
Instance: EF_AMUX21x:x3//sky130_fd_sc_hvl_ |Instance: EF_AMUX21x:1/sky130_fd_sc_hvl__i 
  A = 18                                   |  proxyA = 1                               
  VGND = 170                               |  proxyVGND = 1                            
  VNB = 170                                |  proxyVNB = 1                             
  VPB = 206                                |  proxyVPB = 1                             
  VPWR = 206                               |  proxyVPWR = 1                            
  Y = 3                                    |  proxyY = 1                               
  proxy1 = 1                               |  1 = 2                                    
  proxy2 = 1                               |  2 = 170                                  
  proxy3 = 1                               |  3 = 170                                  
  proxy4 = 1                               |  4 = 206                                  
  proxy5 = 1                               |  5 = 206                                  
  proxy6 = 1                               |  6 = 2                                    
                                           |                                           
Instance: EF_AMUX21x:x1//sky130_fd_sc_hvl_ |Instance: EF_AMUX21x:2/sky130_fd_sc_hvl__i 
  A = 18                                   |  proxyA = 1                               
  VGND = 170                               |  proxyVGND = 1                            
  VNB = 170                                |  proxyVNB = 1                             
  VPB = 206                                |  proxyVPB = 1                             
  VPWR = 206                               |  proxyVPWR = 1                            
  Y = 3                                    |  proxyY = 1                               
  proxy1 = 1                               |  1 = 2                                    
  proxy2 = 1                               |  2 = 170                                  
  proxy3 = 1                               |  3 = 170                                  
  proxy4 = 1                               |  4 = 206                                  
  proxy5 = 1                               |  5 = 206                                  
  proxy6 = 1                               |  6 = 2                                    
---------------------------------------------------------------------------------------
Netlists do not match.
  Flattening non-matched subcircuits EF_AMUX0201_ARRAY1 EF_AMUX0201_ARRAY1
Flattening unmatched subcell cap_array_half in circuit EF_BANK_CAP_12 (0)(2 instances)
Flattening unmatched subcell cdac_unit_cap in circuit EF_BANK_CAP_12 (0)(180 instances)
Flattening unmatched subcell cdac_ratioed_cap in circuit EF_BANK_CAP_12 (0)(10 instances)
Flattening unmatched subcell EF_LSB_CAP in circuit EF_BANK_CAP_12 (1)(1 instance)
Flattening unmatched subcell EF_MSB_CAP in circuit EF_BANK_CAP_12 (1)(1 instance)
Flattening unmatched subcell EF_SC_CAP in circuit EF_BANK_CAP_12 (1)(1 instance)

Cell EF_BANK_CAP_12 (0) disconnected node: w_58549_n26640#
Class EF_BANK_CAP_12 (0):  Merged 360 parallel devices.
Class EF_BANK_CAP_12 (1):  Merged 4 parallel devices.
Cell EF_BANK_CAP_12 (0) disconnected node: w_58549_n26640#
Subcircuit summary:
Circuit 1: EF_BANK_CAP_12                  |Circuit 2: EF_BANK_CAP_12                  
-------------------------------------------|-------------------------------------------
sky130_fd_pr__cap_mim_m3_1 (190->10)       |sky130_fd_pr__cap_mim_m3_1 (190->15) **Mis 
sky130_fd_pr__cap_mim_m3_2 (190->10)       |sky130_fd_pr__cap_mim_m3_2 (190->15) **Mis 
Number of devices: 20 **Mismatch**         |Number of devices: 30 **Mismatch**         
Number of nets: 10 **Mismatch**            |Number of nets: 16 **Mismatch**            
---------------------------------------------------------------------------------------
NET mismatches: Class fragments follow (with fanout counts):
Circuit 1: EF_BANK_CAP_12                  |Circuit 2: EF_BANK_CAP_12                  

---------------------------------------------------------------------------------------
Net: D5                                    |Net: D5                                    
  sky130_fd_pr__cap_mim_m3_1/2 = 2         |  sky130_fd_pr__cap_mim_m3_1/2 = 1         
  sky130_fd_pr__cap_mim_m3_2/1 = 2         |  sky130_fd_pr__cap_mim_m3_2/1 = 1         
  sky130_fd_pr__cap_mim_m3_1/1 = 1         |                                           
  sky130_fd_pr__cap_mim_m3_2/2 = 1         |                                           
                                           |                                           
Net: D8                                    |Net: D8                                    
  sky130_fd_pr__cap_mim_m3_1/2 = 1         |  sky130_fd_pr__cap_mim_m3_1/2 = 1         
  sky130_fd_pr__cap_mim_m3_2/1 = 1         |  sky130_fd_pr__cap_mim_m3_2/1 = 1         
                                           |                                           
Net: D11                                   |Net: D11                                   
  sky130_fd_pr__cap_mim_m3_1/2 = 1         |  sky130_fd_pr__cap_mim_m3_1/2 = 1         
  sky130_fd_pr__cap_mim_m3_2/1 = 1         |  sky130_fd_pr__cap_mim_m3_2/1 = 1         
                                           |                                           
Net: D7                                    |Net: D7                                    
  sky130_fd_pr__cap_mim_m3_1/2 = 1         |  sky130_fd_pr__cap_mim_m3_1/2 = 1         
  sky130_fd_pr__cap_mim_m3_2/1 = 1         |  sky130_fd_pr__cap_mim_m3_2/1 = 1         
                                           |                                           
Net: D9                                    |Net: D9                                    
  sky130_fd_pr__cap_mim_m3_1/2 = 1         |  sky130_fd_pr__cap_mim_m3_1/2 = 1         
  sky130_fd_pr__cap_mim_m3_2/1 = 1         |  sky130_fd_pr__cap_mim_m3_2/1 = 1         
                                           |                                           
Net: D6                                    |Net: D6                                    
  sky130_fd_pr__cap_mim_m3_2/1 = 1         |  sky130_fd_pr__cap_mim_m3_2/1 = 1         
  sky130_fd_pr__cap_mim_m3_1/2 = 1         |  sky130_fd_pr__cap_mim_m3_1/2 = 1         
                                           |                                           
Net: Vref                                  |Net: Vref                                  
  sky130_fd_pr__cap_mim_m3_1/2 = 1         |  sky130_fd_pr__cap_mim_m3_1/2 = 1         
  sky130_fd_pr__cap_mim_m3_2/1 = 1         |  sky130_fd_pr__cap_mim_m3_2/1 = 1         
                                           |                                           
Net: D4                                    |Net: D4                                    
  sky130_fd_pr__cap_mim_m3_1/2 = 1         |  sky130_fd_pr__cap_mim_m3_1/2 = 1         
  sky130_fd_pr__cap_mim_m3_2/1 = 1         |  sky130_fd_pr__cap_mim_m3_2/1 = 1         
                                           |                                           
Net: VP2                                   |Net: VP2                                   
  sky130_fd_pr__cap_mim_m3_2/2 = 5         |  sky130_fd_pr__cap_mim_m3_2/2 = 6         
  sky130_fd_pr__cap_mim_m3_1/1 = 5         |  sky130_fd_pr__cap_mim_m3_1/1 = 6         
  sky130_fd_pr__cap_mim_m3_1/2 = 1         |  sky130_fd_pr__cap_mim_m3_1/2 = 1         
  sky130_fd_pr__cap_mim_m3_2/1 = 1         |  sky130_fd_pr__cap_mim_m3_2/1 = 1         
                                           |                                           
Net: VP1                                   |Net: VP1                                   
  sky130_fd_pr__cap_mim_m3_1/1 = 4         |  sky130_fd_pr__cap_mim_m3_1/1 = 8         
  sky130_fd_pr__cap_mim_m3_2/2 = 4         |  sky130_fd_pr__cap_mim_m3_2/2 = 8         
                                           |                                           
(no matching net)                          |Net: D0                                    
                                           |  sky130_fd_pr__cap_mim_m3_1/2 = 1         
                                           |  sky130_fd_pr__cap_mim_m3_2/1 = 1         
                                           |                                           
(no matching net)                          |Net: D3                                    
                                           |  sky130_fd_pr__cap_mim_m3_1/2 = 1         
                                           |  sky130_fd_pr__cap_mim_m3_2/1 = 1         
                                           |                                           
(no matching net)                          |Net: D2                                    
                                           |  sky130_fd_pr__cap_mim_m3_1/2 = 1         
                                           |  sky130_fd_pr__cap_mim_m3_2/1 = 1         
                                           |                                           
(no matching net)                          |Net: D1                                    
                                           |  sky130_fd_pr__cap_mim_m3_1/2 = 1         
                                           |  sky130_fd_pr__cap_mim_m3_2/1 = 1         
                                           |                                           
(no matching net)                          |Net: VSS                                   
                                           |  sky130_fd_pr__cap_mim_m3_1/1 = 1         
                                           |  sky130_fd_pr__cap_mim_m3_1/2 = 1         
                                           |  sky130_fd_pr__cap_mim_m3_2/1 = 1         
                                           |  sky130_fd_pr__cap_mim_m3_2/2 = 1         
                                           |                                           
(no matching net)                          |Net: D10                                   
                                           |  sky130_fd_pr__cap_mim_m3_1/2 = 1         
                                           |  sky130_fd_pr__cap_mim_m3_2/1 = 1         
---------------------------------------------------------------------------------------
DEVICE mismatches: Class fragments follow (with node fanout counts):
Circuit 1: EF_BANK_CAP_12                  |Circuit 2: EF_BANK_CAP_12                  

---------------------------------------------------------------------------------------
Instance: cap_array_half_0//cdac_unit_cap_ |Instance: EF_LSB_CAP:4/sky130_fd_pr__cap_m 
  1 = 6                                    |  1 = 16                                   
  2 = 6                                    |  2 = 2                                    
                                           |                                           
Instance: cap_array_half_0//cdac_unit_cap_ |Instance: EF_LSB_CAP:4/sky130_fd_pr__cap_m 
  1 = 12                                   |  1 = 16                                   
  2 = 2                                    |  2 = 2                                    
                                           |                                           
Instance: cap_array_half_0//cdac_unit_cap_ |Instance: EF_LSB_CAP:4/sky130_fd_pr__cap_m 
  1 = 12                                   |  1 = 4                                    
  2 = 2                                    |  2 = 4                                    
                                           |                                           
Instance: cap_array_half_0//cdac_unit_cap_ |Instance: EF_LSB_CAP:4/sky130_fd_pr__cap_m 
  1 = 12                                   |  1 = 16                                   
  2 = 2                                    |  2 = 2                                    
                                           |                                           
Instance: cap_array_half_0//cdac_unit_cap_ |Instance: EF_LSB_CAP:4/sky130_fd_pr__cap_m 
  1 = 12                                   |  1 = 16                                   
  2 = 2                                    |  2 = 2                                    
                                           |                                           
Instance: cap_array_half_0//cdac_unit_cap_ |Instance: EF_LSB_CAP:4/sky130_fd_pr__cap_m 
  1 = 12                                   |  1 = 16                                   
  2 = 2                                    |  2 = 2                                    
                                           |                                           
Instance: cap_array_half_1//cdac_unit_cap_ |Instance: EF_LSB_CAP:4/sky130_fd_pr__cap_m 
  1 = 8                                    |  1 = 16                                   
  2 = 2                                    |  2 = 2                                    
                                           |                                           
Instance: cap_array_half_1//cdac_unit_cap_ |Instance: EF_LSB_CAP:4/sky130_fd_pr__cap_m 
  1 = 8                                    |  1 = 16                                   
  2 = 6                                    |  2 = 2                                    
                                           |                                           
Instance: cap_array_half_1//cdac_unit_cap_ |Instance: EF_MSB_CAP:1/sky130_fd_pr__cap_m 
  1 = 8                                    |  1 = 14                                   
  2 = 2                                    |  2 = 2                                    
                                           |                                           
Instance: cdac_ratioed_cap_0[4]/sky130_fd_ |Instance: EF_MSB_CAP:1/sky130_fd_pr__cap_m 
  1 = 8                                    |  1 = 14                                   
  2 = 12                                   |  2 = 2                                    
                                           |                                           
Instance: cap_array_half_0//cdac_unit_cap_ |Instance: EF_MSB_CAP:1/sky130_fd_pr__cap_m 
  1 = 6                                    |  1 = 14                                   
  2 = 6                                    |  2 = 2                                    
                                           |                                           
Instance: cap_array_half_0//cdac_unit_cap_ |Instance: EF_MSB_CAP:1/sky130_fd_pr__cap_m 
  1 = 2                                    |  1 = 14                                   
  2 = 12                                   |  2 = 2                                    
                                           |                                           
Instance: cap_array_half_0//cdac_unit_cap_ |Instance: EF_MSB_CAP:1/sky130_fd_pr__cap_m 
  1 = 2                                    |  1 = 14                                   
  2 = 12                                   |  2 = 2                                    
                                           |                                           
Instance: cap_array_half_0//cdac_unit_cap_ |Instance: EF_MSB_CAP:1/sky130_fd_pr__cap_m 
  1 = 2                                    |  1 = 14                                   
  2 = 12                                   |  2 = 2                                    
                                           |                                           
Instance: cap_array_half_0//cdac_unit_cap_ |Instance: EF_SC_CAP:2/sky130_fd_pr__cap_mi 
  1 = 2                                    |  1 = 16                                   
  2 = 12                                   |  2 = 14                                   
                                           |                                           
Instance: cap_array_half_0//cdac_unit_cap_ |Instance: EF_LSB_CAP:4/sky130_fd_pr__cap_m 
  1 = 2                                    |  1 = 2                                    
  2 = 12                                   |  2 = 16                                   
                                           |                                           
Instance: cap_array_half_1//cdac_unit_cap_ |Instance: EF_LSB_CAP:4/sky130_fd_pr__cap_m 
  1 = 2                                    |  1 = 2                                    
  2 = 8                                    |  2 = 16                                   
                                           |                                           
Instance: cap_array_half_1//cdac_unit_cap_ |Instance: EF_LSB_CAP:4/sky130_fd_pr__cap_m 
  1 = 6                                    |  1 = 2                                    
  2 = 8                                    |  2 = 16                                   
                                           |                                           
Instance: cap_array_half_1//cdac_unit_cap_ |Instance: EF_LSB_CAP:4/sky130_fd_pr__cap_m 
  1 = 2                                    |  1 = 2                                    
  2 = 8                                    |  2 = 16                                   
                                           |                                           
Instance: cdac_ratioed_cap_0[4]/sky130_fd_ |Instance: EF_LSB_CAP:4/sky130_fd_pr__cap_m 
  1 = 12                                   |  1 = 2                                    
  2 = 8                                    |  2 = 16                                   
                                           |                                           
(no matching instance)                     |Instance: EF_LSB_CAP:4/sky130_fd_pr__cap_m 
                                           |  1 = 2                                    
                                           |  2 = 16                                   
                                           |                                           
(no matching instance)                     |Instance: EF_LSB_CAP:4/sky130_fd_pr__cap_m 
                                           |  1 = 4                                    
                                           |  2 = 4                                    
                                           |                                           
(no matching instance)                     |Instance: EF_LSB_CAP:4/sky130_fd_pr__cap_m 
                                           |  1 = 2                                    
                                           |  2 = 16                                   
                                           |                                           
(no matching instance)                     |Instance: EF_MSB_CAP:1/sky130_fd_pr__cap_m 
                                           |  1 = 2                                    
                                           |  2 = 14                                   
                                           |                                           
(no matching instance)                     |Instance: EF_MSB_CAP:1/sky130_fd_pr__cap_m 
                                           |  1 = 2                                    
                                           |  2 = 14                                   
                                           |                                           
(no matching instance)                     |Instance: EF_MSB_CAP:1/sky130_fd_pr__cap_m 
                                           |  1 = 2                                    
                                           |  2 = 14                                   
                                           |                                           
(no matching instance)                     |Instance: EF_MSB_CAP:1/sky130_fd_pr__cap_m 
                                           |  1 = 2                                    
                                           |  2 = 14                                   
                                           |                                           
(no matching instance)                     |Instance: EF_MSB_CAP:1/sky130_fd_pr__cap_m 
                                           |  1 = 2                                    
                                           |  2 = 14                                   
                                           |                                           
(no matching instance)                     |Instance: EF_MSB_CAP:1/sky130_fd_pr__cap_m 
                                           |  1 = 2                                    
                                           |  2 = 14                                   
                                           |                                           
(no matching instance)                     |Instance: EF_SC_CAP:2/sky130_fd_pr__cap_mi 
                                           |  1 = 14                                   
                                           |  2 = 16                                   
---------------------------------------------------------------------------------------
Netlists do not match.
  Flattening non-matched subcircuits EF_BANK_CAP_12 EF_BANK_CAP_12

Class cdac_lvlshift_array (0):  Merged 14 parallel devices.
Class cdac_lvlshift_array (1):  Merged 14 parallel devices.
Subcircuit summary:
Circuit 1: cdac_lvlshift_array             |Circuit 2: cdac_lvlshift_array             
-------------------------------------------|-------------------------------------------
sky130_fd_sc_hvl__decap_4 (15->1)          |sky130_fd_sc_hvl__decap_4 (15->1)          
sky130_fd_sc_hvl__inv_2 (1)                |sky130_fd_sc_hvl__inv_2 (1)                
sky130_fd_sc_hvl__diode_2 (14)             |sky130_fd_sc_hvl__diode_2 (14)             
sky130_fd_sc_hvl__lsbuflv2hv_1 (14)        |sky130_fd_sc_hvl__lsbuflv2hv_1 (14)        
Number of devices: 30                      |Number of devices: 30                      
Number of nets: 210                        |Number of nets: 210                        
---------------------------------------------------------------------------------------
NET mismatches: Class fragments follow (with fanout counts):
Circuit 1: cdac_lvlshift_array             |Circuit 2: cdac_lvlshift_array             

---------------------------------------------------------------------------------------
Net: VDD1P8                                |Net: vdd1p8                                
  sky130_fd_sc_hvl__lsbuflv2hv_1/LVPWR = 1 |  sky130_fd_sc_hvl__lsbuflv2hv_1/2 = 14    
---------------------------------------------------------------------------------------

---------------------------------------------------------------------------------------
Net: dummy_266                             |Net: dummy_266                             
  sky130_fd_sc_hvl__lsbuflv2hv_1/proxy7 =  |  sky130_fd_sc_hvl__lsbuflv2hv_1/proxyX =  
                                           |                                           
Net: dummy_265                             |Net: dummy_265                             
  sky130_fd_sc_hvl__lsbuflv2hv_1/proxy6 =  |  sky130_fd_sc_hvl__lsbuflv2hv_1/proxyVPWR 
                                           |                                           
Net: dummy_264                             |Net: dummy_264                             
  sky130_fd_sc_hvl__lsbuflv2hv_1/proxy5 =  |  sky130_fd_sc_hvl__lsbuflv2hv_1/proxyVPB  
                                           |                                           
Net: dummy_263                             |Net: dummy_263                             
  sky130_fd_sc_hvl__lsbuflv2hv_1/proxy4 =  |  sky130_fd_sc_hvl__lsbuflv2hv_1/proxyVNB  
                                           |                                           
Net: dummy_262                             |Net: dummy_262                             
  sky130_fd_sc_hvl__lsbuflv2hv_1/proxy3 =  |  sky130_fd_sc_hvl__lsbuflv2hv_1/proxyVGND 
                                           |                                           
Net: dummy_261                             |Net: dummy_261                             
  sky130_fd_sc_hvl__lsbuflv2hv_1/proxy2 =  |  sky130_fd_sc_hvl__lsbuflv2hv_1/proxyLVPW 
                                           |                                           
Net: dummy_260                             |Net: dummy_260                             
  sky130_fd_sc_hvl__lsbuflv2hv_1/proxy1 =  |  sky130_fd_sc_hvl__lsbuflv2hv_1/proxyA =  
                                           |                                           
Net: dummy_259                             |Net: dummy_259                             
  sky130_fd_sc_hvl__lsbuflv2hv_1/proxy7 =  |  sky130_fd_sc_hvl__lsbuflv2hv_1/proxyX =  
                                           |                                           
Net: dummy_252                             |Net: dummy_252                             
  sky130_fd_sc_hvl__lsbuflv2hv_1/proxy7 =  |  sky130_fd_sc_hvl__lsbuflv2hv_1/proxyX =  
                                           |                                           
Net: dummy_245                             |Net: dummy_245                             
  sky130_fd_sc_hvl__lsbuflv2hv_1/proxy7 =  |  sky130_fd_sc_hvl__lsbuflv2hv_1/proxyX =  
                                           |                                           
Net: dummy_238                             |Net: dummy_238                             
  sky130_fd_sc_hvl__lsbuflv2hv_1/proxy7 =  |  sky130_fd_sc_hvl__lsbuflv2hv_1/proxyX =  
                                           |                                           
Net: dummy_231                             |Net: dummy_231                             
  sky130_fd_sc_hvl__lsbuflv2hv_1/proxy7 =  |  sky130_fd_sc_hvl__lsbuflv2hv_1/proxyX =  
                                           |                                           
Net: dummy_224                             |Net: dummy_224                             
  sky130_fd_sc_hvl__lsbuflv2hv_1/proxy7 =  |  sky130_fd_sc_hvl__lsbuflv2hv_1/proxyX =  
                                           |                                           
Net: dummy_217                             |Net: dummy_217                             
  sky130_fd_sc_hvl__lsbuflv2hv_1/proxy7 =  |  sky130_fd_sc_hvl__lsbuflv2hv_1/proxyX =  
                                           |                                           
Net: dummy_210                             |Net: dummy_210                             
  sky130_fd_sc_hvl__lsbuflv2hv_1/proxy7 =  |  sky130_fd_sc_hvl__lsbuflv2hv_1/proxyX =  
                                           |                                           
Net: dummy_203                             |Net: dummy_203                             
  sky130_fd_sc_hvl__lsbuflv2hv_1/proxy7 =  |  sky130_fd_sc_hvl__lsbuflv2hv_1/proxyX =  
                                           |                                           
Net: dummy_196                             |Net: dummy_196                             
  sky130_fd_sc_hvl__lsbuflv2hv_1/proxy7 =  |  sky130_fd_sc_hvl__lsbuflv2hv_1/proxyX =  
                                           |                                           
Net: dummy_189                             |Net: dummy_189                             
  sky130_fd_sc_hvl__lsbuflv2hv_1/proxy7 =  |  sky130_fd_sc_hvl__lsbuflv2hv_1/proxyX =  
                                           |                                           
Net: dummy_182                             |Net: dummy_182                             
  sky130_fd_sc_hvl__lsbuflv2hv_1/proxy7 =  |  sky130_fd_sc_hvl__lsbuflv2hv_1/proxyX =  
                                           |                                           
Net: dummy_175                             |Net: dummy_175                             
  sky130_fd_sc_hvl__lsbuflv2hv_1/proxy7 =  |  sky130_fd_sc_hvl__lsbuflv2hv_1/proxyX =  
                                           |                                           
Net: dummy_258                             |Net: dummy_258                             
  sky130_fd_sc_hvl__lsbuflv2hv_1/proxy6 =  |  sky130_fd_sc_hvl__lsbuflv2hv_1/proxyVPWR 
                                           |                                           
Net: dummy_251                             |Net: dummy_251                             
  sky130_fd_sc_hvl__lsbuflv2hv_1/proxy6 =  |  sky130_fd_sc_hvl__lsbuflv2hv_1/proxyVPWR 
                                           |                                           
Net: dummy_244                             |Net: dummy_244                             
  sky130_fd_sc_hvl__lsbuflv2hv_1/proxy6 =  |  sky130_fd_sc_hvl__lsbuflv2hv_1/proxyVPWR 
                                           |                                           
Net: dummy_237                             |Net: dummy_237                             
  sky130_fd_sc_hvl__lsbuflv2hv_1/proxy6 =  |  sky130_fd_sc_hvl__lsbuflv2hv_1/proxyVPWR 
                                           |                                           
Net: dummy_230                             |Net: dummy_230                             
  sky130_fd_sc_hvl__lsbuflv2hv_1/proxy6 =  |  sky130_fd_sc_hvl__lsbuflv2hv_1/proxyVPWR 
                                           |                                           
Net: dummy_223                             |Net: dummy_223                             
  sky130_fd_sc_hvl__lsbuflv2hv_1/proxy6 =  |  sky130_fd_sc_hvl__lsbuflv2hv_1/proxyVPWR 
                                           |                                           
Net: dummy_216                             |Net: dummy_216                             
  sky130_fd_sc_hvl__lsbuflv2hv_1/proxy6 =  |  sky130_fd_sc_hvl__lsbuflv2hv_1/proxyVPWR 
                                           |                                           
Net: dummy_209                             |Net: dummy_209                             
  sky130_fd_sc_hvl__lsbuflv2hv_1/proxy6 =  |  sky130_fd_sc_hvl__lsbuflv2hv_1/proxyVPWR 
                                           |                                           
Net: dummy_202                             |Net: dummy_202                             
  sky130_fd_sc_hvl__lsbuflv2hv_1/proxy6 =  |  sky130_fd_sc_hvl__lsbuflv2hv_1/proxyVPWR 
                                           |                                           
Net: dummy_195                             |Net: dummy_195                             
  sky130_fd_sc_hvl__lsbuflv2hv_1/proxy6 =  |  sky130_fd_sc_hvl__lsbuflv2hv_1/proxyVPWR 
                                           |                                           
Net: dummy_188                             |Net: dummy_188                             
  sky130_fd_sc_hvl__lsbuflv2hv_1/proxy6 =  |  sky130_fd_sc_hvl__lsbuflv2hv_1/proxyVPWR 
                                           |                                           
Net: dummy_181                             |Net: dummy_181                             
  sky130_fd_sc_hvl__lsbuflv2hv_1/proxy6 =  |  sky130_fd_sc_hvl__lsbuflv2hv_1/proxyVPWR 
                                           |                                           
Net: dummy_174                             |Net: dummy_174                             
  sky130_fd_sc_hvl__lsbuflv2hv_1/proxy6 =  |  sky130_fd_sc_hvl__lsbuflv2hv_1/proxyVPWR 
                                           |                                           
Net: dummy_257                             |Net: dummy_257                             
  sky130_fd_sc_hvl__lsbuflv2hv_1/proxy5 =  |  sky130_fd_sc_hvl__lsbuflv2hv_1/proxyVPB  
                                           |                                           
Net: dummy_250                             |Net: dummy_250                             
  sky130_fd_sc_hvl__lsbuflv2hv_1/proxy5 =  |  sky130_fd_sc_hvl__lsbuflv2hv_1/proxyVPB  
                                           |                                           
Net: dummy_243                             |Net: dummy_243                             
  sky130_fd_sc_hvl__lsbuflv2hv_1/proxy5 =  |  sky130_fd_sc_hvl__lsbuflv2hv_1/proxyVPB  
                                           |                                           
Net: dummy_236                             |Net: dummy_236                             
  sky130_fd_sc_hvl__lsbuflv2hv_1/proxy5 =  |  sky130_fd_sc_hvl__lsbuflv2hv_1/proxyVPB  
                                           |                                           
Net: dummy_229                             |Net: dummy_229                             
  sky130_fd_sc_hvl__lsbuflv2hv_1/proxy5 =  |  sky130_fd_sc_hvl__lsbuflv2hv_1/proxyVPB  
                                           |                                           
Net: dummy_222                             |Net: dummy_222                             
  sky130_fd_sc_hvl__lsbuflv2hv_1/proxy5 =  |  sky130_fd_sc_hvl__lsbuflv2hv_1/proxyVPB  
                                           |                                           
Net: dummy_215                             |Net: dummy_215                             
  sky130_fd_sc_hvl__lsbuflv2hv_1/proxy5 =  |  sky130_fd_sc_hvl__lsbuflv2hv_1/proxyVPB  
                                           |                                           
Net: dummy_208                             |Net: dummy_208                             
  sky130_fd_sc_hvl__lsbuflv2hv_1/proxy5 =  |  sky130_fd_sc_hvl__lsbuflv2hv_1/proxyVPB  
                                           |                                           
Net: dummy_201                             |Net: dummy_201                             
  sky130_fd_sc_hvl__lsbuflv2hv_1/proxy5 =  |  sky130_fd_sc_hvl__lsbuflv2hv_1/proxyVPB  
                                           |                                           
Net: dummy_194                             |Net: dummy_194                             
  sky130_fd_sc_hvl__lsbuflv2hv_1/proxy5 =  |  sky130_fd_sc_hvl__lsbuflv2hv_1/proxyVPB  
                                           |                                           
Net: dummy_187                             |Net: dummy_187                             
  sky130_fd_sc_hvl__lsbuflv2hv_1/proxy5 =  |  sky130_fd_sc_hvl__lsbuflv2hv_1/proxyVPB  
                                           |                                           
Net: dummy_180                             |Net: dummy_180                             
  sky130_fd_sc_hvl__lsbuflv2hv_1/proxy5 =  |  sky130_fd_sc_hvl__lsbuflv2hv_1/proxyVPB  
                                           |                                           
Net: dummy_173                             |Net: dummy_173                             
  sky130_fd_sc_hvl__lsbuflv2hv_1/proxy5 =  |  sky130_fd_sc_hvl__lsbuflv2hv_1/proxyVPB  
                                           |                                           
Net: dummy_256                             |Net: dummy_256                             
  sky130_fd_sc_hvl__lsbuflv2hv_1/proxy4 =  |  sky130_fd_sc_hvl__lsbuflv2hv_1/proxyVNB  
                                           |                                           
Net: dummy_249                             |Net: dummy_249                             
  sky130_fd_sc_hvl__lsbuflv2hv_1/proxy4 =  |  sky130_fd_sc_hvl__lsbuflv2hv_1/proxyVNB  
                                           |                                           
Net: dummy_242                             |Net: dummy_242                             
  sky130_fd_sc_hvl__lsbuflv2hv_1/proxy4 =  |  sky130_fd_sc_hvl__lsbuflv2hv_1/proxyVNB  
                                           |                                           
Net: dummy_235                             |Net: dummy_235                             
  sky130_fd_sc_hvl__lsbuflv2hv_1/proxy4 =  |  sky130_fd_sc_hvl__lsbuflv2hv_1/proxyVNB  
                                           |                                           
Net: dummy_228                             |Net: dummy_228                             
  sky130_fd_sc_hvl__lsbuflv2hv_1/proxy4 =  |  sky130_fd_sc_hvl__lsbuflv2hv_1/proxyVNB  
                                           |                                           
Net: dummy_221                             |Net: dummy_221                             
  sky130_fd_sc_hvl__lsbuflv2hv_1/proxy4 =  |  sky130_fd_sc_hvl__lsbuflv2hv_1/proxyVNB  
                                           |                                           
Net: dummy_214                             |Net: dummy_214                             
  sky130_fd_sc_hvl__lsbuflv2hv_1/proxy4 =  |  sky130_fd_sc_hvl__lsbuflv2hv_1/proxyVNB  
                                           |                                           
Net: dummy_207                             |Net: dummy_207                             
  sky130_fd_sc_hvl__lsbuflv2hv_1/proxy4 =  |  sky130_fd_sc_hvl__lsbuflv2hv_1/proxyVNB  
                                           |                                           
Net: dummy_200                             |Net: dummy_200                             
  sky130_fd_sc_hvl__lsbuflv2hv_1/proxy4 =  |  sky130_fd_sc_hvl__lsbuflv2hv_1/proxyVNB  
                                           |                                           
Net: dummy_193                             |Net: dummy_193                             
  sky130_fd_sc_hvl__lsbuflv2hv_1/proxy4 =  |  sky130_fd_sc_hvl__lsbuflv2hv_1/proxyVNB  
                                           |                                           
Net: dummy_186                             |Net: dummy_186                             
  sky130_fd_sc_hvl__lsbuflv2hv_1/proxy4 =  |  sky130_fd_sc_hvl__lsbuflv2hv_1/proxyVNB  
                                           |                                           
Net: dummy_179                             |Net: dummy_179                             
  sky130_fd_sc_hvl__lsbuflv2hv_1/proxy4 =  |  sky130_fd_sc_hvl__lsbuflv2hv_1/proxyVNB  
                                           |                                           
Net: dummy_172                             |Net: dummy_172                             
  sky130_fd_sc_hvl__lsbuflv2hv_1/proxy4 =  |  sky130_fd_sc_hvl__lsbuflv2hv_1/proxyVNB  
                                           |                                           
Net: dummy_255                             |Net: dummy_255                             
  sky130_fd_sc_hvl__lsbuflv2hv_1/proxy3 =  |  sky130_fd_sc_hvl__lsbuflv2hv_1/proxyVGND 
                                           |                                           
Net: dummy_248                             |Net: dummy_248                             
  sky130_fd_sc_hvl__lsbuflv2hv_1/proxy3 =  |  sky130_fd_sc_hvl__lsbuflv2hv_1/proxyVGND 
                                           |                                           
Net: dummy_241                             |Net: dummy_241                             
  sky130_fd_sc_hvl__lsbuflv2hv_1/proxy3 =  |  sky130_fd_sc_hvl__lsbuflv2hv_1/proxyVGND 
                                           |                                           
Net: dummy_234                             |Net: dummy_234                             
  sky130_fd_sc_hvl__lsbuflv2hv_1/proxy3 =  |  sky130_fd_sc_hvl__lsbuflv2hv_1/proxyVGND 
                                           |                                           
Net: dummy_227                             |Net: dummy_227                             
  sky130_fd_sc_hvl__lsbuflv2hv_1/proxy3 =  |  sky130_fd_sc_hvl__lsbuflv2hv_1/proxyVGND 
                                           |                                           
Net: dummy_220                             |Net: dummy_220                             
  sky130_fd_sc_hvl__lsbuflv2hv_1/proxy3 =  |  sky130_fd_sc_hvl__lsbuflv2hv_1/proxyVGND 
                                           |                                           
Net: dummy_213                             |Net: dummy_213                             
  sky130_fd_sc_hvl__lsbuflv2hv_1/proxy3 =  |  sky130_fd_sc_hvl__lsbuflv2hv_1/proxyVGND 
                                           |                                           
Net: dummy_206                             |Net: dummy_206                             
  sky130_fd_sc_hvl__lsbuflv2hv_1/proxy3 =  |  sky130_fd_sc_hvl__lsbuflv2hv_1/proxyVGND 
                                           |                                           
Net: dummy_199                             |Net: dummy_199                             
  sky130_fd_sc_hvl__lsbuflv2hv_1/proxy3 =  |  sky130_fd_sc_hvl__lsbuflv2hv_1/proxyVGND 
                                           |                                           
Net: dummy_192                             |Net: dummy_192                             
  sky130_fd_sc_hvl__lsbuflv2hv_1/proxy3 =  |  sky130_fd_sc_hvl__lsbuflv2hv_1/proxyVGND 
                                           |                                           
Net: dummy_185                             |Net: dummy_185                             
  sky130_fd_sc_hvl__lsbuflv2hv_1/proxy3 =  |  sky130_fd_sc_hvl__lsbuflv2hv_1/proxyVGND 
                                           |                                           
Net: dummy_178                             |Net: dummy_178                             
  sky130_fd_sc_hvl__lsbuflv2hv_1/proxy3 =  |  sky130_fd_sc_hvl__lsbuflv2hv_1/proxyVGND 
                                           |                                           
Net: dummy_171                             |Net: dummy_171                             
  sky130_fd_sc_hvl__lsbuflv2hv_1/proxy3 =  |  sky130_fd_sc_hvl__lsbuflv2hv_1/proxyVGND 
                                           |                                           
Net: dummy_254                             |Net: dummy_254                             
  sky130_fd_sc_hvl__lsbuflv2hv_1/proxy2 =  |  sky130_fd_sc_hvl__lsbuflv2hv_1/proxyLVPW 
                                           |                                           
Net: dummy_247                             |Net: dummy_247                             
  sky130_fd_sc_hvl__lsbuflv2hv_1/proxy2 =  |  sky130_fd_sc_hvl__lsbuflv2hv_1/proxyLVPW 
                                           |                                           
Net: dummy_240                             |Net: dummy_240                             
  sky130_fd_sc_hvl__lsbuflv2hv_1/proxy2 =  |  sky130_fd_sc_hvl__lsbuflv2hv_1/proxyLVPW 
                                           |                                           
Net: dummy_233                             |Net: dummy_233                             
  sky130_fd_sc_hvl__lsbuflv2hv_1/proxy2 =  |  sky130_fd_sc_hvl__lsbuflv2hv_1/proxyLVPW 
                                           |                                           
Net: dummy_226                             |Net: dummy_226                             
  sky130_fd_sc_hvl__lsbuflv2hv_1/proxy2 =  |  sky130_fd_sc_hvl__lsbuflv2hv_1/proxyLVPW 
                                           |                                           
Net: dummy_219                             |Net: dummy_219                             
  sky130_fd_sc_hvl__lsbuflv2hv_1/proxy2 =  |  sky130_fd_sc_hvl__lsbuflv2hv_1/proxyLVPW 
                                           |                                           
Net: dummy_212                             |Net: dummy_212                             
  sky130_fd_sc_hvl__lsbuflv2hv_1/proxy2 =  |  sky130_fd_sc_hvl__lsbuflv2hv_1/proxyLVPW 
                                           |                                           
Net: dummy_205                             |Net: dummy_205                             
  sky130_fd_sc_hvl__lsbuflv2hv_1/proxy2 =  |  sky130_fd_sc_hvl__lsbuflv2hv_1/proxyLVPW 
                                           |                                           
Net: dummy_198                             |Net: dummy_198                             
  sky130_fd_sc_hvl__lsbuflv2hv_1/proxy2 =  |  sky130_fd_sc_hvl__lsbuflv2hv_1/proxyLVPW 
                                           |                                           
Net: dummy_191                             |Net: dummy_191                             
  sky130_fd_sc_hvl__lsbuflv2hv_1/proxy2 =  |  sky130_fd_sc_hvl__lsbuflv2hv_1/proxyLVPW 
                                           |                                           
Net: dummy_184                             |Net: dummy_184                             
  sky130_fd_sc_hvl__lsbuflv2hv_1/proxy2 =  |  sky130_fd_sc_hvl__lsbuflv2hv_1/proxyLVPW 
                                           |                                           
Net: dummy_177                             |Net: dummy_177                             
  sky130_fd_sc_hvl__lsbuflv2hv_1/proxy2 =  |  sky130_fd_sc_hvl__lsbuflv2hv_1/proxyLVPW 
                                           |                                           
Net: dummy_170                             |Net: dummy_170                             
  sky130_fd_sc_hvl__lsbuflv2hv_1/proxy2 =  |  sky130_fd_sc_hvl__lsbuflv2hv_1/proxyLVPW 
                                           |                                           
Net: dummy_253                             |Net: dummy_253                             
  sky130_fd_sc_hvl__lsbuflv2hv_1/proxy1 =  |  sky130_fd_sc_hvl__lsbuflv2hv_1/proxyA =  
                                           |                                           
Net: dummy_246                             |Net: dummy_246                             
  sky130_fd_sc_hvl__lsbuflv2hv_1/proxy1 =  |  sky130_fd_sc_hvl__lsbuflv2hv_1/proxyA =  
                                           |                                           
Net: dummy_239                             |Net: dummy_239                             
  sky130_fd_sc_hvl__lsbuflv2hv_1/proxy1 =  |  sky130_fd_sc_hvl__lsbuflv2hv_1/proxyA =  
                                           |                                           
Net: dummy_232                             |Net: dummy_232                             
  sky130_fd_sc_hvl__lsbuflv2hv_1/proxy1 =  |  sky130_fd_sc_hvl__lsbuflv2hv_1/proxyA =  
                                           |                                           
Net: dummy_225                             |Net: dummy_225                             
  sky130_fd_sc_hvl__lsbuflv2hv_1/proxy1 =  |  sky130_fd_sc_hvl__lsbuflv2hv_1/proxyA =  
                                           |                                           
Net: dummy_218                             |Net: dummy_218                             
  sky130_fd_sc_hvl__lsbuflv2hv_1/proxy1 =  |  sky130_fd_sc_hvl__lsbuflv2hv_1/proxyA =  
                                           |                                           
Net: dummy_211                             |Net: dummy_211                             
  sky130_fd_sc_hvl__lsbuflv2hv_1/proxy1 =  |  sky130_fd_sc_hvl__lsbuflv2hv_1/proxyA =  
                                           |                                           
Net: dummy_204                             |Net: dummy_204                             
  sky130_fd_sc_hvl__lsbuflv2hv_1/proxy1 =  |  sky130_fd_sc_hvl__lsbuflv2hv_1/proxyA =  
                                           |                                           
Net: dummy_197                             |Net: dummy_197                             
  sky130_fd_sc_hvl__lsbuflv2hv_1/proxy1 =  |  sky130_fd_sc_hvl__lsbuflv2hv_1/proxyA =  
                                           |                                           
Net: dummy_190                             |Net: dummy_190                             
  sky130_fd_sc_hvl__lsbuflv2hv_1/proxy1 =  |  sky130_fd_sc_hvl__lsbuflv2hv_1/proxyA =  
                                           |                                           
Net: dummy_183                             |Net: dummy_183                             
  sky130_fd_sc_hvl__lsbuflv2hv_1/proxy1 =  |  sky130_fd_sc_hvl__lsbuflv2hv_1/proxyA =  
                                           |                                           
Net: dummy_176                             |Net: dummy_176                             
  sky130_fd_sc_hvl__lsbuflv2hv_1/proxy1 =  |  sky130_fd_sc_hvl__lsbuflv2hv_1/proxyA =  
                                           |                                           
Net: dummy_169                             |Net: dummy_169                             
  sky130_fd_sc_hvl__lsbuflv2hv_1/proxy1 =  |  sky130_fd_sc_hvl__lsbuflv2hv_1/proxyA =  
                                           |                                           
Net: dummy_168                             |Net: dummy_168                             
  sky130_fd_sc_hvl__diode_2/proxy5 = 1     |  sky130_fd_sc_hvl__diode_2/proxyVPWR = 1  
                                           |                                           
Net: dummy_163                             |Net: dummy_163                             
  sky130_fd_sc_hvl__diode_2/proxy5 = 1     |  sky130_fd_sc_hvl__diode_2/proxyVPWR = 1  
                                           |                                           
Net: dummy_158                             |Net: dummy_158                             
  sky130_fd_sc_hvl__diode_2/proxy5 = 1     |  sky130_fd_sc_hvl__diode_2/proxyVPWR = 1  
                                           |                                           
Net: dummy_153                             |Net: dummy_153                             
  sky130_fd_sc_hvl__diode_2/proxy5 = 1     |  sky130_fd_sc_hvl__diode_2/proxyVPWR = 1  
                                           |                                           
Net: dummy_148                             |Net: dummy_148                             
  sky130_fd_sc_hvl__diode_2/proxy5 = 1     |  sky130_fd_sc_hvl__diode_2/proxyVPWR = 1  
                                           |                                           
Net: dummy_143                             |Net: dummy_143                             
  sky130_fd_sc_hvl__diode_2/proxy5 = 1     |  sky130_fd_sc_hvl__diode_2/proxyVPWR = 1  
                                           |                                           
Net: dummy_138                             |Net: dummy_138                             
  sky130_fd_sc_hvl__diode_2/proxy5 = 1     |  sky130_fd_sc_hvl__diode_2/proxyVPWR = 1  
                                           |                                           
Net: dummy_133                             |Net: dummy_133                             
  sky130_fd_sc_hvl__diode_2/proxy5 = 1     |  sky130_fd_sc_hvl__diode_2/proxyVPWR = 1  
                                           |                                           
Net: dummy_128                             |Net: dummy_128                             
  sky130_fd_sc_hvl__diode_2/proxy5 = 1     |  sky130_fd_sc_hvl__diode_2/proxyVPWR = 1  
                                           |                                           
Net: dummy_123                             |Net: dummy_123                             
  sky130_fd_sc_hvl__diode_2/proxy5 = 1     |  sky130_fd_sc_hvl__diode_2/proxyVPWR = 1  
                                           |                                           
Net: dummy_118                             |Net: dummy_118                             
  sky130_fd_sc_hvl__diode_2/proxy5 = 1     |  sky130_fd_sc_hvl__diode_2/proxyVPWR = 1  
                                           |                                           
Net: dummy_113                             |Net: dummy_113                             
  sky130_fd_sc_hvl__diode_2/proxy5 = 1     |  sky130_fd_sc_hvl__diode_2/proxyVPWR = 1  
                                           |                                           
Net: dummy_108                             |Net: dummy_108                             
  sky130_fd_sc_hvl__diode_2/proxy5 = 1     |  sky130_fd_sc_hvl__diode_2/proxyVPWR = 1  
                                           |                                           
Net: dummy_103                             |Net: dummy_103                             
  sky130_fd_sc_hvl__diode_2/proxy5 = 1     |  sky130_fd_sc_hvl__diode_2/proxyVPWR = 1  
                                           |                                           
Net: dummy_167                             |Net: dummy_167                             
  sky130_fd_sc_hvl__diode_2/proxy4 = 1     |  sky130_fd_sc_hvl__diode_2/proxyVPB = 1   
                                           |                                           
Net: dummy_162                             |Net: dummy_162                             
  sky130_fd_sc_hvl__diode_2/proxy4 = 1     |  sky130_fd_sc_hvl__diode_2/proxyVPB = 1   
                                           |                                           
Net: dummy_157                             |Net: dummy_157                             
  sky130_fd_sc_hvl__diode_2/proxy4 = 1     |  sky130_fd_sc_hvl__diode_2/proxyVPB = 1   
                                           |                                           
Net: dummy_152                             |Net: dummy_152                             
  sky130_fd_sc_hvl__diode_2/proxy4 = 1     |  sky130_fd_sc_hvl__diode_2/proxyVPB = 1   
                                           |                                           
Net: dummy_147                             |Net: dummy_147                             
  sky130_fd_sc_hvl__diode_2/proxy4 = 1     |  sky130_fd_sc_hvl__diode_2/proxyVPB = 1   
                                           |                                           
Net: dummy_142                             |Net: dummy_142                             
  sky130_fd_sc_hvl__diode_2/proxy4 = 1     |  sky130_fd_sc_hvl__diode_2/proxyVPB = 1   
                                           |                                           
Net: dummy_137                             |Net: dummy_137                             
  sky130_fd_sc_hvl__diode_2/proxy4 = 1     |  sky130_fd_sc_hvl__diode_2/proxyVPB = 1   
                                           |                                           
Net: dummy_132                             |Net: dummy_132                             
  sky130_fd_sc_hvl__diode_2/proxy4 = 1     |  sky130_fd_sc_hvl__diode_2/proxyVPB = 1   
                                           |                                           
Net: dummy_127                             |Net: dummy_127                             
  sky130_fd_sc_hvl__diode_2/proxy4 = 1     |  sky130_fd_sc_hvl__diode_2/proxyVPB = 1   
                                           |                                           
Net: dummy_122                             |Net: dummy_122                             
  sky130_fd_sc_hvl__diode_2/proxy4 = 1     |  sky130_fd_sc_hvl__diode_2/proxyVPB = 1   
                                           |                                           
Net: dummy_117                             |Net: dummy_117                             
  sky130_fd_sc_hvl__diode_2/proxy4 = 1     |  sky130_fd_sc_hvl__diode_2/proxyVPB = 1   
                                           |                                           
Net: dummy_112                             |Net: dummy_112                             
  sky130_fd_sc_hvl__diode_2/proxy4 = 1     |  sky130_fd_sc_hvl__diode_2/proxyVPB = 1   
                                           |                                           
Net: dummy_107                             |Net: dummy_107                             
  sky130_fd_sc_hvl__diode_2/proxy4 = 1     |  sky130_fd_sc_hvl__diode_2/proxyVPB = 1   
                                           |                                           
Net: dummy_102                             |Net: dummy_102                             
  sky130_fd_sc_hvl__diode_2/proxy4 = 1     |  sky130_fd_sc_hvl__diode_2/proxyVPB = 1   
                                           |                                           
Net: dummy_166                             |Net: dummy_166                             
  sky130_fd_sc_hvl__diode_2/proxy3 = 1     |  sky130_fd_sc_hvl__diode_2/proxyVNB = 1   
                                           |                                           
Net: dummy_161                             |Net: dummy_161                             
  sky130_fd_sc_hvl__diode_2/proxy3 = 1     |  sky130_fd_sc_hvl__diode_2/proxyVNB = 1   
                                           |                                           
Net: dummy_156                             |Net: dummy_156                             
  sky130_fd_sc_hvl__diode_2/proxy3 = 1     |  sky130_fd_sc_hvl__diode_2/proxyVNB = 1   
                                           |                                           
Net: dummy_151                             |Net: dummy_151                             
  sky130_fd_sc_hvl__diode_2/proxy3 = 1     |  sky130_fd_sc_hvl__diode_2/proxyVNB = 1   
                                           |                                           
Net: dummy_146                             |Net: dummy_146                             
  sky130_fd_sc_hvl__diode_2/proxy3 = 1     |  sky130_fd_sc_hvl__diode_2/proxyVNB = 1   
                                           |                                           
Net: dummy_141                             |Net: dummy_141                             
  sky130_fd_sc_hvl__diode_2/proxy3 = 1     |  sky130_fd_sc_hvl__diode_2/proxyVNB = 1   
                                           |                                           
Net: dummy_136                             |Net: dummy_136                             
  sky130_fd_sc_hvl__diode_2/proxy3 = 1     |  sky130_fd_sc_hvl__diode_2/proxyVNB = 1   
                                           |                                           
Net: dummy_131                             |Net: dummy_131                             
  sky130_fd_sc_hvl__diode_2/proxy3 = 1     |  sky130_fd_sc_hvl__diode_2/proxyVNB = 1   
                                           |                                           
Net: dummy_126                             |Net: dummy_126                             
  sky130_fd_sc_hvl__diode_2/proxy3 = 1     |  sky130_fd_sc_hvl__diode_2/proxyVNB = 1   
                                           |                                           
Net: dummy_121                             |Net: dummy_121                             
  sky130_fd_sc_hvl__diode_2/proxy3 = 1     |  sky130_fd_sc_hvl__diode_2/proxyVNB = 1   
                                           |                                           
Net: dummy_116                             |Net: dummy_116                             
  sky130_fd_sc_hvl__diode_2/proxy3 = 1     |  sky130_fd_sc_hvl__diode_2/proxyVNB = 1   
                                           |                                           
Net: dummy_111                             |Net: dummy_111                             
  sky130_fd_sc_hvl__diode_2/proxy3 = 1     |  sky130_fd_sc_hvl__diode_2/proxyVNB = 1   
                                           |                                           
Net: dummy_106                             |Net: dummy_106                             
  sky130_fd_sc_hvl__diode_2/proxy3 = 1     |  sky130_fd_sc_hvl__diode_2/proxyVNB = 1   
                                           |                                           
Net: dummy_101                             |Net: dummy_101                             
  sky130_fd_sc_hvl__diode_2/proxy3 = 1     |  sky130_fd_sc_hvl__diode_2/proxyVNB = 1   
                                           |                                           
Net: dummy_165                             |Net: dummy_165                             
  sky130_fd_sc_hvl__diode_2/proxy2 = 1     |  sky130_fd_sc_hvl__diode_2/proxyVGND = 1  
                                           |                                           
Net: dummy_160                             |Net: dummy_160                             
  sky130_fd_sc_hvl__diode_2/proxy2 = 1     |  sky130_fd_sc_hvl__diode_2/proxyVGND = 1  
                                           |                                           
Net: dummy_155                             |Net: dummy_155                             
  sky130_fd_sc_hvl__diode_2/proxy2 = 1     |  sky130_fd_sc_hvl__diode_2/proxyVGND = 1  
                                           |                                           
Net: dummy_150                             |Net: dummy_150                             
  sky130_fd_sc_hvl__diode_2/proxy2 = 1     |  sky130_fd_sc_hvl__diode_2/proxyVGND = 1  
                                           |                                           
Net: dummy_145                             |Net: dummy_145                             
  sky130_fd_sc_hvl__diode_2/proxy2 = 1     |  sky130_fd_sc_hvl__diode_2/proxyVGND = 1  
                                           |                                           
Net: dummy_140                             |Net: dummy_140                             
  sky130_fd_sc_hvl__diode_2/proxy2 = 1     |  sky130_fd_sc_hvl__diode_2/proxyVGND = 1  
                                           |                                           
Net: dummy_135                             |Net: dummy_135                             
  sky130_fd_sc_hvl__diode_2/proxy2 = 1     |  sky130_fd_sc_hvl__diode_2/proxyVGND = 1  
                                           |                                           
Net: dummy_130                             |Net: dummy_130                             
  sky130_fd_sc_hvl__diode_2/proxy2 = 1     |  sky130_fd_sc_hvl__diode_2/proxyVGND = 1  
                                           |                                           
Net: dummy_125                             |Net: dummy_125                             
  sky130_fd_sc_hvl__diode_2/proxy2 = 1     |  sky130_fd_sc_hvl__diode_2/proxyVGND = 1  
                                           |                                           
Net: dummy_120                             |Net: dummy_120                             
  sky130_fd_sc_hvl__diode_2/proxy2 = 1     |  sky130_fd_sc_hvl__diode_2/proxyVGND = 1  
                                           |                                           
Net: dummy_115                             |Net: dummy_115                             
  sky130_fd_sc_hvl__diode_2/proxy2 = 1     |  sky130_fd_sc_hvl__diode_2/proxyVGND = 1  
                                           |                                           
Net: dummy_110                             |Net: dummy_110                             
  sky130_fd_sc_hvl__diode_2/proxy2 = 1     |  sky130_fd_sc_hvl__diode_2/proxyVGND = 1  
                                           |                                           
Net: dummy_105                             |Net: dummy_105                             
  sky130_fd_sc_hvl__diode_2/proxy2 = 1     |  sky130_fd_sc_hvl__diode_2/proxyVGND = 1  
                                           |                                           
Net: dummy_100                             |Net: dummy_100                             
  sky130_fd_sc_hvl__diode_2/proxy2 = 1     |  sky130_fd_sc_hvl__diode_2/proxyVGND = 1  
                                           |                                           
Net: dummy_164                             |Net: dummy_164                             
  sky130_fd_sc_hvl__diode_2/proxy1 = 1     |  sky130_fd_sc_hvl__diode_2/proxyDIODE = 1 
                                           |                                           
Net: dummy_159                             |Net: dummy_159                             
  sky130_fd_sc_hvl__diode_2/proxy1 = 1     |  sky130_fd_sc_hvl__diode_2/proxyDIODE = 1 
                                           |                                           
Net: dummy_154                             |Net: dummy_154                             
  sky130_fd_sc_hvl__diode_2/proxy1 = 1     |  sky130_fd_sc_hvl__diode_2/proxyDIODE = 1 
                                           |                                           
Net: dummy_149                             |Net: dummy_149                             
  sky130_fd_sc_hvl__diode_2/proxy1 = 1     |  sky130_fd_sc_hvl__diode_2/proxyDIODE = 1 
                                           |                                           
Net: dummy_144                             |Net: dummy_144                             
  sky130_fd_sc_hvl__diode_2/proxy1 = 1     |  sky130_fd_sc_hvl__diode_2/proxyDIODE = 1 
                                           |                                           
Net: dummy_139                             |Net: dummy_139                             
  sky130_fd_sc_hvl__diode_2/proxy1 = 1     |  sky130_fd_sc_hvl__diode_2/proxyDIODE = 1 
                                           |                                           
Net: dummy_134                             |Net: dummy_134                             
  sky130_fd_sc_hvl__diode_2/proxy1 = 1     |  sky130_fd_sc_hvl__diode_2/proxyDIODE = 1 
                                           |                                           
Net: dummy_129                             |Net: dummy_129                             
  sky130_fd_sc_hvl__diode_2/proxy1 = 1     |  sky130_fd_sc_hvl__diode_2/proxyDIODE = 1 
                                           |                                           
Net: dummy_124                             |Net: dummy_124                             
  sky130_fd_sc_hvl__diode_2/proxy1 = 1     |  sky130_fd_sc_hvl__diode_2/proxyDIODE = 1 
                                           |                                           
Net: dummy_119                             |Net: dummy_119                             
  sky130_fd_sc_hvl__diode_2/proxy1 = 1     |  sky130_fd_sc_hvl__diode_2/proxyDIODE = 1 
                                           |                                           
Net: dummy_114                             |Net: dummy_114                             
  sky130_fd_sc_hvl__diode_2/proxy1 = 1     |  sky130_fd_sc_hvl__diode_2/proxyDIODE = 1 
                                           |                                           
Net: dummy_109                             |Net: dummy_109                             
  sky130_fd_sc_hvl__diode_2/proxy1 = 1     |  sky130_fd_sc_hvl__diode_2/proxyDIODE = 1 
                                           |                                           
Net: dummy_104                             |Net: dummy_104                             
  sky130_fd_sc_hvl__diode_2/proxy1 = 1     |  sky130_fd_sc_hvl__diode_2/proxyDIODE = 1 
                                           |                                           
Net: dummy_99                              |Net: dummy_99                              
  sky130_fd_sc_hvl__diode_2/proxy1 = 1     |  sky130_fd_sc_hvl__diode_2/proxyDIODE = 1 
                                           |                                           
Net: dummy_42                              |Net: dummy_42                              
  sky130_fd_sc_hvl__decap_4/proxy4 = 1     |  sky130_fd_sc_hvl__decap_4/proxyVPWR = 1  
                                           |                                           
Net: dummy_41                              |Net: dummy_41                              
  sky130_fd_sc_hvl__decap_4/proxy3 = 1     |  sky130_fd_sc_hvl__decap_4/proxyVPB = 1   
                                           |                                           
Net: dummy_40                              |Net: dummy_40                              
  sky130_fd_sc_hvl__decap_4/proxy2 = 1     |  sky130_fd_sc_hvl__decap_4/proxyVNB = 1   
                                           |                                           
Net: dummy_39                              |Net: dummy_39                              
  sky130_fd_sc_hvl__decap_4/proxy1 = 1     |  sky130_fd_sc_hvl__decap_4/proxyVGND = 1  
                                           |                                           
Net: dummy_38                              |Net: dummy_38                              
  sky130_fd_sc_hvl__inv_2/proxy6 = 1       |  sky130_fd_sc_hvl__inv_2/proxyY = 1       
                                           |                                           
Net: dummy_37                              |Net: dummy_37                              
  sky130_fd_sc_hvl__inv_2/proxy5 = 1       |  sky130_fd_sc_hvl__inv_2/proxyVPWR = 1    
                                           |                                           
Net: dummy_36                              |Net: dummy_36                              
  sky130_fd_sc_hvl__inv_2/proxy4 = 1       |  sky130_fd_sc_hvl__inv_2/proxyVPB = 1     
                                           |                                           
Net: dummy_35                              |Net: dummy_35                              
  sky130_fd_sc_hvl__inv_2/proxy3 = 1       |  sky130_fd_sc_hvl__inv_2/proxyVNB = 1     
                                           |                                           
Net: dummy_34                              |Net: dummy_34                              
  sky130_fd_sc_hvl__inv_2/proxy2 = 1       |  sky130_fd_sc_hvl__inv_2/proxyVGND = 1    
                                           |                                           
Net: dummy_33                              |Net: dummy_33                              
  sky130_fd_sc_hvl__inv_2/proxy1 = 1       |  sky130_fd_sc_hvl__inv_2/proxyA = 1       
                                           |                                           
Net: HOLDB_3P3                             |Net: holdb_3p3                             
  sky130_fd_sc_hvl__inv_2/Y = 1            |  sky130_fd_sc_hvl__inv_2/6 = 1            
                                           |                                           
Net: SEL11_3P3                             |Net: sel11_3p3                             
  sky130_fd_sc_hvl__lsbuflv2hv_1/X = 1     |  sky130_fd_sc_hvl__lsbuflv2hv_1/7 = 1     
                                           |                                           
Net: SEL10_3P3                             |Net: sel10_3p3                             
  sky130_fd_sc_hvl__lsbuflv2hv_1/X = 1     |  sky130_fd_sc_hvl__lsbuflv2hv_1/7 = 1     
                                           |                                           
Net: SEL9_3P3                              |Net: sel9_3p3                              
  sky130_fd_sc_hvl__lsbuflv2hv_1/X = 1     |  sky130_fd_sc_hvl__lsbuflv2hv_1/7 = 1     
                                           |                                           
Net: SEL8_3P3                              |Net: sel8_3p3                              
  sky130_fd_sc_hvl__lsbuflv2hv_1/X = 1     |  sky130_fd_sc_hvl__lsbuflv2hv_1/7 = 1     
                                           |                                           
Net: SEL7_3P3                              |Net: sel7_3p3                              
  sky130_fd_sc_hvl__lsbuflv2hv_1/X = 1     |  sky130_fd_sc_hvl__lsbuflv2hv_1/7 = 1     
                                           |                                           
Net: SEL6_3P3                              |Net: sel6_3p3                              
  sky130_fd_sc_hvl__lsbuflv2hv_1/X = 1     |  sky130_fd_sc_hvl__lsbuflv2hv_1/7 = 1     
                                           |                                           
Net: SEL5_3P3                              |Net: sel5_3p3                              
  sky130_fd_sc_hvl__lsbuflv2hv_1/X = 1     |  sky130_fd_sc_hvl__lsbuflv2hv_1/7 = 1     
                                           |                                           
Net: SEL4_3P3                              |Net: sel4_3p3                              
  sky130_fd_sc_hvl__lsbuflv2hv_1/X = 1     |  sky130_fd_sc_hvl__lsbuflv2hv_1/7 = 1     
                                           |                                           
Net: SEL3_3P3                              |Net: sel3_3p3                              
  sky130_fd_sc_hvl__lsbuflv2hv_1/X = 1     |  sky130_fd_sc_hvl__lsbuflv2hv_1/7 = 1     
                                           |                                           
Net: SEL2_3P3                              |Net: sel2_3p3                              
  sky130_fd_sc_hvl__lsbuflv2hv_1/X = 1     |  sky130_fd_sc_hvl__lsbuflv2hv_1/7 = 1     
                                           |                                           
Net: RST_3P3                               |Net: rst_3p3                               
  sky130_fd_sc_hvl__lsbuflv2hv_1/X = 1     |  sky130_fd_sc_hvl__lsbuflv2hv_1/7 = 1     
                                           |                                           
Net: SEL0_3P3                              |Net: sel0_3p3                              
  sky130_fd_sc_hvl__lsbuflv2hv_1/X = 1     |  sky130_fd_sc_hvl__lsbuflv2hv_1/7 = 1     
                                           |                                           
Net: SEL1_3P3                              |Net: sel1_3p3                              
  sky130_fd_sc_hvl__lsbuflv2hv_1/X = 1     |  sky130_fd_sc_hvl__lsbuflv2hv_1/7 = 1     
---------------------------------------------------------------------------------------

---------------------------------------------------------------------------------------
Net: HOLD_3P3                              |Net: hold_3p3                              
  sky130_fd_sc_hvl__inv_2/A = 1            |  sky130_fd_sc_hvl__lsbuflv2hv_1/7 = 1     
  sky130_fd_sc_hvl__lsbuflv2hv_1/X = 1     |  sky130_fd_sc_hvl__inv_2/1 = 1            
                                           |                                           
Net: HOLD                                  |Net: hold                                  
  sky130_fd_sc_hvl__lsbuflv2hv_1/A = 1     |  sky130_fd_sc_hvl__diode_2/1 = 1          
  sky130_fd_sc_hvl__diode_2/DIODE = 1      |  sky130_fd_sc_hvl__lsbuflv2hv_1/1 = 1     
                                           |                                           
Net: SEL11                                 |Net: sel11                                 
  sky130_fd_sc_hvl__diode_2/DIODE = 1      |  sky130_fd_sc_hvl__lsbuflv2hv_1/1 = 1     
  sky130_fd_sc_hvl__lsbuflv2hv_1/A = 1     |  sky130_fd_sc_hvl__diode_2/1 = 1          
                                           |                                           
Net: SEL10                                 |Net: sel10                                 
  sky130_fd_sc_hvl__diode_2/DIODE = 1      |  sky130_fd_sc_hvl__lsbuflv2hv_1/1 = 1     
  sky130_fd_sc_hvl__lsbuflv2hv_1/A = 1     |  sky130_fd_sc_hvl__diode_2/1 = 1          
                                           |                                           
Net: SEL9                                  |Net: sel9                                  
  sky130_fd_sc_hvl__diode_2/DIODE = 1      |  sky130_fd_sc_hvl__lsbuflv2hv_1/1 = 1     
  sky130_fd_sc_hvl__lsbuflv2hv_1/A = 1     |  sky130_fd_sc_hvl__diode_2/1 = 1          
                                           |                                           
Net: SEL8                                  |Net: sel8                                  
  sky130_fd_sc_hvl__diode_2/DIODE = 1      |  sky130_fd_sc_hvl__lsbuflv2hv_1/1 = 1     
  sky130_fd_sc_hvl__lsbuflv2hv_1/A = 1     |  sky130_fd_sc_hvl__diode_2/1 = 1          
                                           |                                           
Net: SEL7                                  |Net: sel7                                  
  sky130_fd_sc_hvl__lsbuflv2hv_1/A = 1     |  sky130_fd_sc_hvl__lsbuflv2hv_1/1 = 1     
  sky130_fd_sc_hvl__diode_2/DIODE = 1      |  sky130_fd_sc_hvl__diode_2/1 = 1          
                                           |                                           
Net: SEL6                                  |Net: sel6                                  
  sky130_fd_sc_hvl__lsbuflv2hv_1/A = 1     |  sky130_fd_sc_hvl__lsbuflv2hv_1/1 = 1     
  sky130_fd_sc_hvl__diode_2/DIODE = 1      |  sky130_fd_sc_hvl__diode_2/1 = 1          
                                           |                                           
Net: SEL5                                  |Net: sel5                                  
  sky130_fd_sc_hvl__lsbuflv2hv_1/A = 1     |  sky130_fd_sc_hvl__lsbuflv2hv_1/1 = 1     
  sky130_fd_sc_hvl__diode_2/DIODE = 1      |  sky130_fd_sc_hvl__diode_2/1 = 1          
                                           |                                           
Net: SEL4                                  |Net: sel4                                  
  sky130_fd_sc_hvl__lsbuflv2hv_1/A = 1     |  sky130_fd_sc_hvl__lsbuflv2hv_1/1 = 1     
  sky130_fd_sc_hvl__diode_2/DIODE = 1      |  sky130_fd_sc_hvl__diode_2/1 = 1          
                                           |                                           
Net: SEL3                                  |Net: sel3                                  
  sky130_fd_sc_hvl__lsbuflv2hv_1/A = 1     |  sky130_fd_sc_hvl__lsbuflv2hv_1/1 = 1     
  sky130_fd_sc_hvl__diode_2/DIODE = 1      |  sky130_fd_sc_hvl__diode_2/1 = 1          
                                           |                                           
Net: SEL2                                  |Net: sel2                                  
  sky130_fd_sc_hvl__lsbuflv2hv_1/A = 1     |  sky130_fd_sc_hvl__lsbuflv2hv_1/1 = 1     
  sky130_fd_sc_hvl__diode_2/DIODE = 1      |  sky130_fd_sc_hvl__diode_2/1 = 1          
                                           |                                           
Net: SEL1                                  |Net: sel1                                  
  sky130_fd_sc_hvl__lsbuflv2hv_1/A = 1     |  sky130_fd_sc_hvl__lsbuflv2hv_1/1 = 1     
  sky130_fd_sc_hvl__diode_2/DIODE = 1      |  sky130_fd_sc_hvl__diode_2/1 = 1          
                                           |                                           
Net: SEL0                                  |Net: sel0                                  
  sky130_fd_sc_hvl__lsbuflv2hv_1/A = 1     |  sky130_fd_sc_hvl__diode_2/1 = 1          
  sky130_fd_sc_hvl__diode_2/DIODE = 1      |  sky130_fd_sc_hvl__lsbuflv2hv_1/1 = 1     
                                           |                                           
Net: RST                                   |Net: rst                                   
  sky130_fd_sc_hvl__lsbuflv2hv_1/A = 1     |  sky130_fd_sc_hvl__diode_2/1 = 1          
  sky130_fd_sc_hvl__diode_2/DIODE = 1      |  sky130_fd_sc_hvl__lsbuflv2hv_1/1 = 1     
---------------------------------------------------------------------------------------

---------------------------------------------------------------------------------------
Net: VDD3P3                                |Net: vdd3p3                                
  sky130_fd_sc_hvl__decap_4/VPB = 1        |  sky130_fd_sc_hvl__diode_2/4 = 14         
  sky130_fd_sc_hvl__decap_4/VPWR = 1       |  sky130_fd_sc_hvl__diode_2/5 = 14         
  sky130_fd_sc_hvl__inv_2/VPB = 1          |  sky130_fd_sc_hvl__lsbuflv2hv_1/5 = 14    
  sky130_fd_sc_hvl__inv_2/VPWR = 1         |  sky130_fd_sc_hvl__lsbuflv2hv_1/6 = 14    
  sky130_fd_sc_hvl__diode_2/VPB = 14       |  sky130_fd_sc_hvl__decap_4/3 = 1          
  sky130_fd_sc_hvl__diode_2/VPWR = 14      |  sky130_fd_sc_hvl__decap_4/4 = 1          
  sky130_fd_sc_hvl__lsbuflv2hv_1/VPB = 14  |  sky130_fd_sc_hvl__inv_2/4 = 1            
  sky130_fd_sc_hvl__lsbuflv2hv_1/VPWR = 14 |  sky130_fd_sc_hvl__inv_2/5 = 1            
                                           |                                           
Net: VSS                                   |Net: vss                                   
  sky130_fd_sc_hvl__decap_4/VGND = 1       |  sky130_fd_sc_hvl__diode_2/2 = 14         
  sky130_fd_sc_hvl__decap_4/VNB = 1        |  sky130_fd_sc_hvl__diode_2/3 = 14         
  sky130_fd_sc_hvl__inv_2/VGND = 1         |  sky130_fd_sc_hvl__lsbuflv2hv_1/3 = 14    
  sky130_fd_sc_hvl__inv_2/VNB = 1          |  sky130_fd_sc_hvl__lsbuflv2hv_1/4 = 14    
  sky130_fd_sc_hvl__diode_2/VGND = 14      |  sky130_fd_sc_hvl__decap_4/1 = 1          
  sky130_fd_sc_hvl__diode_2/VNB = 14       |  sky130_fd_sc_hvl__decap_4/2 = 1          
  sky130_fd_sc_hvl__lsbuflv2hv_1/VGND = 14 |  sky130_fd_sc_hvl__inv_2/2 = 1            
  sky130_fd_sc_hvl__lsbuflv2hv_1/VNB = 14  |  sky130_fd_sc_hvl__inv_2/3 = 1            
---------------------------------------------------------------------------------------
DEVICE mismatches: Class fragments follow (with node fanout counts):
Circuit 1: cdac_lvlshift_array             |Circuit 2: cdac_lvlshift_array             

---------------------------------------------------------------------------------------
Instance: sky130_fd_sc_hvl__lsbuflv2hv_1_1 |Instance: sky130_fd_sc_hvl__lsbuflv2hv_1:2 
  A = 2                                    |  proxyA = 1                               
  LVPWR = 14                               |  proxyLVPWR = 1                           
  VGND = 60                                |  proxyVGND = 1                            
  VNB = 60                                 |  proxyVNB = 1                             
  VPB = 60                                 |  proxyVPB = 1                             
  VPWR = 60                                |  proxyVPWR = 1                            
  X = 1                                    |  proxyX = 1                               
  proxy1 = 1                               |  1 = 2                                    
  proxy2 = 1                               |  2 = 14                                   
  proxy3 = 1                               |  3 = 60                                   
  proxy4 = 1                               |  4 = 60                                   
  proxy5 = 1                               |  5 = 60                                   
  proxy6 = 1                               |  6 = 60                                   
  proxy7 = 1                               |  7 = 2                                    
                                           |                                           
Instance: sky130_fd_sc_hvl__lsbuflv2hv_1_1 |Instance: sky130_fd_sc_hvl__lsbuflv2hv_1:2 
  A = 2                                    |  proxyA = 1                               
  LVPWR = 14                               |  proxyLVPWR = 1                           
  VGND = 60                                |  proxyVGND = 1                            
  VNB = 60                                 |  proxyVNB = 1                             
  VPB = 60                                 |  proxyVPB = 1                             
  VPWR = 60                                |  proxyVPWR = 1                            
  X = 1                                    |  proxyX = 1                               
  proxy1 = 1                               |  1 = 2                                    
  proxy2 = 1                               |  2 = 14                                   
  proxy3 = 1                               |  3 = 60                                   
  proxy4 = 1                               |  4 = 60                                   
  proxy5 = 1                               |  5 = 60                                   
  proxy6 = 1                               |  6 = 60                                   
  proxy7 = 1                               |  7 = 1                                    
                                           |                                           
Instance: sky130_fd_sc_hvl__lsbuflv2hv_1_1 |Instance: sky130_fd_sc_hvl__lsbuflv2hv_1:2 
  A = 2                                    |  proxyA = 1                               
  LVPWR = 14                               |  proxyLVPWR = 1                           
  VGND = 60                                |  proxyVGND = 1                            
  VNB = 60                                 |  proxyVNB = 1                             
  VPB = 60                                 |  proxyVPB = 1                             
  VPWR = 60                                |  proxyVPWR = 1                            
  X = 1                                    |  proxyX = 1                               
  proxy1 = 1                               |  1 = 2                                    
  proxy2 = 1                               |  2 = 14                                   
  proxy3 = 1                               |  3 = 60                                   
  proxy4 = 1                               |  4 = 60                                   
  proxy5 = 1                               |  5 = 60                                   
  proxy6 = 1                               |  6 = 60                                   
  proxy7 = 1                               |  7 = 1                                    
                                           |                                           
Instance: sky130_fd_sc_hvl__lsbuflv2hv_1_1 |Instance: sky130_fd_sc_hvl__lsbuflv2hv_1:2 
  A = 2                                    |  proxyA = 1                               
  LVPWR = 14                               |  proxyLVPWR = 1                           
  VGND = 60                                |  proxyVGND = 1                            
  VNB = 60                                 |  proxyVNB = 1                             
  VPB = 60                                 |  proxyVPB = 1                             
  VPWR = 60                                |  proxyVPWR = 1                            
  X = 1                                    |  proxyX = 1                               
  proxy1 = 1                               |  1 = 2                                    
  proxy2 = 1                               |  2 = 14                                   
  proxy3 = 1                               |  3 = 60                                   
  proxy4 = 1                               |  4 = 60                                   
  proxy5 = 1                               |  5 = 60                                   
  proxy6 = 1                               |  6 = 60                                   
  proxy7 = 1                               |  7 = 1                                    
                                           |                                           
Instance: sky130_fd_sc_hvl__lsbuflv2hv_1_9 |Instance: sky130_fd_sc_hvl__lsbuflv2hv_1:1 
  A = 2                                    |  proxyA = 1                               
  LVPWR = 14                               |  proxyLVPWR = 1                           
  VGND = 60                                |  proxyVGND = 1                            
  VNB = 60                                 |  proxyVNB = 1                             
  VPB = 60                                 |  proxyVPB = 1                             
  VPWR = 60                                |  proxyVPWR = 1                            
  X = 1                                    |  proxyX = 1                               
  proxy1 = 1                               |  1 = 2                                    
  proxy2 = 1                               |  2 = 14                                   
  proxy3 = 1                               |  3 = 60                                   
  proxy4 = 1                               |  4 = 60                                   
  proxy5 = 1                               |  5 = 60                                   
  proxy6 = 1                               |  6 = 60                                   
  proxy7 = 1                               |  7 = 1                                    
                                           |                                           
Instance: sky130_fd_sc_hvl__lsbuflv2hv_1_8 |Instance: sky130_fd_sc_hvl__lsbuflv2hv_1:1 
  A = 2                                    |  proxyA = 1                               
  LVPWR = 14                               |  proxyLVPWR = 1                           
  VGND = 60                                |  proxyVGND = 1                            
  VNB = 60                                 |  proxyVNB = 1                             
  VPB = 60                                 |  proxyVPB = 1                             
  VPWR = 60                                |  proxyVPWR = 1                            
  X = 1                                    |  proxyX = 1                               
  proxy1 = 1                               |  1 = 2                                    
  proxy2 = 1                               |  2 = 14                                   
  proxy3 = 1                               |  3 = 60                                   
  proxy4 = 1                               |  4 = 60                                   
  proxy5 = 1                               |  5 = 60                                   
  proxy6 = 1                               |  6 = 60                                   
  proxy7 = 1                               |  7 = 1                                    
                                           |                                           
Instance: sky130_fd_sc_hvl__lsbuflv2hv_1_6 |Instance: sky130_fd_sc_hvl__lsbuflv2hv_1:1 
  A = 2                                    |  proxyA = 1                               
  LVPWR = 14                               |  proxyLVPWR = 1                           
  VGND = 60                                |  proxyVGND = 1                            
  VNB = 60                                 |  proxyVNB = 1                             
  VPB = 60                                 |  proxyVPB = 1                             
  VPWR = 60                                |  proxyVPWR = 1                            
  X = 1                                    |  proxyX = 1                               
  proxy1 = 1                               |  1 = 2                                    
  proxy2 = 1                               |  2 = 14                                   
  proxy3 = 1                               |  3 = 60                                   
  proxy4 = 1                               |  4 = 60                                   
  proxy5 = 1                               |  5 = 60                                   
  proxy6 = 1                               |  6 = 60                                   
  proxy7 = 1                               |  7 = 1                                    
                                           |                                           
Instance: sky130_fd_sc_hvl__lsbuflv2hv_1_7 |Instance: sky130_fd_sc_hvl__lsbuflv2hv_1:1 
  A = 2                                    |  proxyA = 1                               
  LVPWR = 14                               |  proxyLVPWR = 1                           
  VGND = 60                                |  proxyVGND = 1                            
  VNB = 60                                 |  proxyVNB = 1                             
  VPB = 60                                 |  proxyVPB = 1                             
  VPWR = 60                                |  proxyVPWR = 1                            
  X = 1                                    |  proxyX = 1                               
  proxy1 = 1                               |  1 = 2                                    
  proxy2 = 1                               |  2 = 14                                   
  proxy3 = 1                               |  3 = 60                                   
  proxy4 = 1                               |  4 = 60                                   
  proxy5 = 1                               |  5 = 60                                   
  proxy6 = 1                               |  6 = 60                                   
  proxy7 = 1                               |  7 = 1                                    
                                           |                                           
Instance: sky130_fd_sc_hvl__lsbuflv2hv_1_5 |Instance: sky130_fd_sc_hvl__lsbuflv2hv_1:9 
  A = 2                                    |  proxyA = 1                               
  LVPWR = 14                               |  proxyLVPWR = 1                           
  VGND = 60                                |  proxyVGND = 1                            
  VNB = 60                                 |  proxyVNB = 1                             
  VPB = 60                                 |  proxyVPB = 1                             
  VPWR = 60                                |  proxyVPWR = 1                            
  X = 1                                    |  proxyX = 1                               
  proxy1 = 1                               |  1 = 2                                    
  proxy2 = 1                               |  2 = 14                                   
  proxy3 = 1                               |  3 = 60                                   
  proxy4 = 1                               |  4 = 60                                   
  proxy5 = 1                               |  5 = 60                                   
  proxy6 = 1                               |  6 = 60                                   
  proxy7 = 1                               |  7 = 1                                    
                                           |                                           
Instance: sky130_fd_sc_hvl__lsbuflv2hv_1_4 |Instance: sky130_fd_sc_hvl__lsbuflv2hv_1:7 
  A = 2                                    |  proxyA = 1                               
  LVPWR = 14                               |  proxyLVPWR = 1                           
  VGND = 60                                |  proxyVGND = 1                            
  VNB = 60                                 |  proxyVNB = 1                             
  VPB = 60                                 |  proxyVPB = 1                             
  VPWR = 60                                |  proxyVPWR = 1                            
  X = 1                                    |  proxyX = 1                               
  proxy1 = 1                               |  1 = 2                                    
  proxy2 = 1                               |  2 = 14                                   
  proxy3 = 1                               |  3 = 60                                   
  proxy4 = 1                               |  4 = 60                                   
  proxy5 = 1                               |  5 = 60                                   
  proxy6 = 1                               |  6 = 60                                   
  proxy7 = 1                               |  7 = 1                                    
                                           |                                           
Instance: sky130_fd_sc_hvl__lsbuflv2hv_1_3 |Instance: sky130_fd_sc_hvl__lsbuflv2hv_1:5 
  A = 2                                    |  proxyA = 1                               
  LVPWR = 14                               |  proxyLVPWR = 1                           
  VGND = 60                                |  proxyVGND = 1                            
  VNB = 60                                 |  proxyVNB = 1                             
  VPB = 60                                 |  proxyVPB = 1                             
  VPWR = 60                                |  proxyVPWR = 1                            
  X = 1                                    |  proxyX = 1                               
  proxy1 = 1                               |  1 = 2                                    
  proxy2 = 1                               |  2 = 14                                   
  proxy3 = 1                               |  3 = 60                                   
  proxy4 = 1                               |  4 = 60                                   
  proxy5 = 1                               |  5 = 60                                   
  proxy6 = 1                               |  6 = 60                                   
  proxy7 = 1                               |  7 = 1                                    
                                           |                                           
Instance: sky130_fd_sc_hvl__lsbuflv2hv_1_2 |Instance: sky130_fd_sc_hvl__lsbuflv2hv_1:4 
  A = 2                                    |  proxyA = 1                               
  LVPWR = 14                               |  proxyLVPWR = 1                           
  VGND = 60                                |  proxyVGND = 1                            
  VNB = 60                                 |  proxyVNB = 1                             
  VPB = 60                                 |  proxyVPB = 1                             
  VPWR = 60                                |  proxyVPWR = 1                            
  X = 1                                    |  proxyX = 1                               
  proxy1 = 1                               |  1 = 2                                    
  proxy2 = 1                               |  2 = 14                                   
  proxy3 = 1                               |  3 = 60                                   
  proxy4 = 1                               |  4 = 60                                   
  proxy5 = 1                               |  5 = 60                                   
  proxy6 = 1                               |  6 = 60                                   
  proxy7 = 1                               |  7 = 1                                    
                                           |                                           
Instance: sky130_fd_sc_hvl__lsbuflv2hv_1_0 |Instance: sky130_fd_sc_hvl__lsbuflv2hv_1:3 
  A = 2                                    |  proxyA = 1                               
  LVPWR = 14                               |  proxyLVPWR = 1                           
  VGND = 60                                |  proxyVGND = 1                            
  VNB = 60                                 |  proxyVNB = 1                             
  VPB = 60                                 |  proxyVPB = 1                             
  VPWR = 60                                |  proxyVPWR = 1                            
  X = 1                                    |  proxyX = 1                               
  proxy1 = 1                               |  1 = 2                                    
  proxy2 = 1                               |  2 = 14                                   
  proxy3 = 1                               |  3 = 60                                   
  proxy4 = 1                               |  4 = 60                                   
  proxy5 = 1                               |  5 = 60                                   
  proxy6 = 1                               |  6 = 60                                   
  proxy7 = 1                               |  7 = 1                                    
                                           |                                           
Instance: sky130_fd_sc_hvl__lsbuflv2hv_1_1 |Instance: sky130_fd_sc_hvl__lsbuflv2hv_1:1 
  A = 2                                    |  proxyA = 1                               
  LVPWR = 14                               |  proxyLVPWR = 1                           
  VGND = 60                                |  proxyVGND = 1                            
  VNB = 60                                 |  proxyVNB = 1                             
  VPB = 60                                 |  proxyVPB = 1                             
  VPWR = 60                                |  proxyVPWR = 1                            
  X = 2                                    |  proxyX = 1                               
  proxy1 = 1                               |  1 = 2                                    
  proxy2 = 1                               |  2 = 14                                   
  proxy3 = 1                               |  3 = 60                                   
  proxy4 = 1                               |  4 = 60                                   
  proxy5 = 1                               |  5 = 60                                   
  proxy6 = 1                               |  6 = 60                                   
  proxy7 = 1                               |  7 = 1                                    
---------------------------------------------------------------------------------------

---------------------------------------------------------------------------------------
Instance: sky130_fd_sc_hvl__diode_2_9      |Instance: sky130_fd_sc_hvl__diode_2:27     
  DIODE = 2                                |  proxyDIODE = 1                           
  VGND = 60                                |  proxyVGND = 1                            
  VNB = 60                                 |  proxyVNB = 1                             
  VPB = 60                                 |  proxyVPB = 1                             
  VPWR = 60                                |  proxyVPWR = 1                            
  proxy1 = 1                               |  1 = 2                                    
  proxy2 = 1                               |  2 = 60                                   
  proxy3 = 1                               |  3 = 60                                   
  proxy4 = 1                               |  4 = 60                                   
  proxy5 = 1                               |  5 = 60                                   
                                           |                                           
Instance: sky130_fd_sc_hvl__diode_2_8      |Instance: sky130_fd_sc_hvl__diode_2:26     
  DIODE = 2                                |  proxyDIODE = 1                           
  VGND = 60                                |  proxyVGND = 1                            
  VNB = 60                                 |  proxyVNB = 1                             
  VPB = 60                                 |  proxyVPB = 1                             
  VPWR = 60                                |  proxyVPWR = 1                            
  proxy1 = 1                               |  1 = 2                                    
  proxy2 = 1                               |  2 = 60                                   
  proxy3 = 1                               |  3 = 60                                   
  proxy4 = 1                               |  4 = 60                                   
  proxy5 = 1                               |  5 = 60                                   
                                           |                                           
Instance: sky130_fd_sc_hvl__diode_2_7      |Instance: sky130_fd_sc_hvl__diode_2:24     
  DIODE = 2                                |  proxyDIODE = 1                           
  VGND = 60                                |  proxyVGND = 1                            
  VNB = 60                                 |  proxyVNB = 1                             
  VPB = 60                                 |  proxyVPB = 1                             
  VPWR = 60                                |  proxyVPWR = 1                            
  proxy1 = 1                               |  1 = 2                                    
  proxy2 = 1                               |  2 = 60                                   
  proxy3 = 1                               |  3 = 60                                   
  proxy4 = 1                               |  4 = 60                                   
  proxy5 = 1                               |  5 = 60                                   
                                           |                                           
Instance: sky130_fd_sc_hvl__diode_2_6      |Instance: sky130_fd_sc_hvl__diode_2:22     
  DIODE = 2                                |  proxyDIODE = 1                           
  VGND = 60                                |  proxyVGND = 1                            
  VNB = 60                                 |  proxyVNB = 1                             
  VPB = 60                                 |  proxyVPB = 1                             
  VPWR = 60                                |  proxyVPWR = 1                            
  proxy1 = 1                               |  1 = 2                                    
  proxy2 = 1                               |  2 = 60                                   
  proxy3 = 1                               |  3 = 60                                   
  proxy4 = 1                               |  4 = 60                                   
  proxy5 = 1                               |  5 = 60                                   
                                           |                                           
Instance: sky130_fd_sc_hvl__diode_2_5      |Instance: sky130_fd_sc_hvl__diode_2:18     
  DIODE = 2                                |  proxyDIODE = 1                           
  VGND = 60                                |  proxyVGND = 1                            
  VNB = 60                                 |  proxyVNB = 1                             
  VPB = 60                                 |  proxyVPB = 1                             
  VPWR = 60                                |  proxyVPWR = 1                            
  proxy1 = 1                               |  1 = 2                                    
  proxy2 = 1                               |  2 = 60                                   
  proxy3 = 1                               |  3 = 60                                   
  proxy4 = 1                               |  4 = 60                                   
  proxy5 = 1                               |  5 = 60                                   
                                           |                                           
Instance: sky130_fd_sc_hvl__diode_2_4      |Instance: sky130_fd_sc_hvl__diode_2:16     
  DIODE = 2                                |  proxyDIODE = 1                           
  VGND = 60                                |  proxyVGND = 1                            
  VNB = 60                                 |  proxyVNB = 1                             
  VPB = 60                                 |  proxyVPB = 1                             
  VPWR = 60                                |  proxyVPWR = 1                            
  proxy1 = 1                               |  1 = 2                                    
  proxy2 = 1                               |  2 = 60                                   
  proxy3 = 1                               |  3 = 60                                   
  proxy4 = 1                               |  4 = 60                                   
  proxy5 = 1                               |  5 = 60                                   
                                           |                                           
Instance: sky130_fd_sc_hvl__diode_2_3      |Instance: sky130_fd_sc_hvl__diode_2:14     
  DIODE = 2                                |  proxyDIODE = 1                           
  VGND = 60                                |  proxyVGND = 1                            
  VNB = 60                                 |  proxyVNB = 1                             
  VPB = 60                                 |  proxyVPB = 1                             
  VPWR = 60                                |  proxyVPWR = 1                            
  proxy1 = 1                               |  1 = 2                                    
  proxy2 = 1                               |  2 = 60                                   
  proxy3 = 1                               |  3 = 60                                   
  proxy4 = 1                               |  4 = 60                                   
  proxy5 = 1                               |  5 = 60                                   
                                           |                                           
Instance: sky130_fd_sc_hvl__diode_2_2      |Instance: sky130_fd_sc_hvl__diode_2:12     
  DIODE = 2                                |  proxyDIODE = 1                           
  VGND = 60                                |  proxyVGND = 1                            
  VNB = 60                                 |  proxyVNB = 1                             
  VPB = 60                                 |  proxyVPB = 1                             
  VPWR = 60                                |  proxyVPWR = 1                            
  proxy1 = 1                               |  1 = 2                                    
  proxy2 = 1                               |  2 = 60                                   
  proxy3 = 1                               |  3 = 60                                   
  proxy4 = 1                               |  4 = 60                                   
  proxy5 = 1                               |  5 = 60                                   
                                           |                                           
Instance: sky130_fd_sc_hvl__diode_2_1      |Instance: sky130_fd_sc_hvl__diode_2:10     
  DIODE = 2                                |  proxyDIODE = 1                           
  VGND = 60                                |  proxyVGND = 1                            
  VNB = 60                                 |  proxyVNB = 1                             
  VPB = 60                                 |  proxyVPB = 1                             
  VPWR = 60                                |  proxyVPWR = 1                            
  proxy1 = 1                               |  1 = 2                                    
  proxy2 = 1                               |  2 = 60                                   
  proxy3 = 1                               |  3 = 60                                   
  proxy4 = 1                               |  4 = 60                                   
  proxy5 = 1                               |  5 = 60                                   
                                           |                                           
Instance: sky130_fd_sc_hvl__diode_2_0      |Instance: sky130_fd_sc_hvl__diode_2:8      
  DIODE = 2                                |  proxyDIODE = 1                           
  VGND = 60                                |  proxyVGND = 1                            
  VNB = 60                                 |  proxyVNB = 1                             
  VPB = 60                                 |  proxyVPB = 1                             
  VPWR = 60                                |  proxyVPWR = 1                            
  proxy1 = 1                               |  1 = 2                                    
  proxy2 = 1                               |  2 = 60                                   
  proxy3 = 1                               |  3 = 60                                   
  proxy4 = 1                               |  4 = 60                                   
  proxy5 = 1                               |  5 = 60                                   
                                           |                                           
Instance: sky130_fd_sc_hvl__diode_2_13     |Instance: sky130_fd_sc_hvl__diode_2:6      
  DIODE = 2                                |  proxyDIODE = 1                           
  VGND = 60                                |  proxyVGND = 1                            
  VNB = 60                                 |  proxyVNB = 1                             
  VPB = 60                                 |  proxyVPB = 1                             
  VPWR = 60                                |  proxyVPWR = 1                            
  proxy1 = 1                               |  1 = 2                                    
  proxy2 = 1                               |  2 = 60                                   
  proxy3 = 1                               |  3 = 60                                   
  proxy4 = 1                               |  4 = 60                                   
  proxy5 = 1                               |  5 = 60                                   
                                           |                                           
Instance: sky130_fd_sc_hvl__diode_2_12     |Instance: sky130_fd_sc_hvl__diode_2:2      
  DIODE = 2                                |  proxyDIODE = 1                           
  VGND = 60                                |  proxyVGND = 1                            
  VNB = 60                                 |  proxyVNB = 1                             
  VPB = 60                                 |  proxyVPB = 1                             
  VPWR = 60                                |  proxyVPWR = 1                            
  proxy1 = 1                               |  1 = 2                                    
  proxy2 = 1                               |  2 = 60                                   
  proxy3 = 1                               |  3 = 60                                   
  proxy4 = 1                               |  4 = 60                                   
  proxy5 = 1                               |  5 = 60                                   
                                           |                                           
Instance: sky130_fd_sc_hvl__diode_2_11     |Instance: sky130_fd_sc_hvl__diode_2:20     
  DIODE = 2                                |  proxyDIODE = 1                           
  VGND = 60                                |  proxyVGND = 1                            
  VNB = 60                                 |  proxyVNB = 1                             
  VPB = 60                                 |  proxyVPB = 1                             
  VPWR = 60                                |  proxyVPWR = 1                            
  proxy1 = 1                               |  1 = 2                                    
  proxy2 = 1                               |  2 = 60                                   
  proxy3 = 1                               |  3 = 60                                   
  proxy4 = 1                               |  4 = 60                                   
  proxy5 = 1                               |  5 = 60                                   
                                           |                                           
Instance: sky130_fd_sc_hvl__diode_2_10     |Instance: sky130_fd_sc_hvl__diode_2:19     
  DIODE = 2                                |  proxyDIODE = 1                           
  VGND = 60                                |  proxyVGND = 1                            
  VNB = 60                                 |  proxyVNB = 1                             
  VPB = 60                                 |  proxyVPB = 1                             
  VPWR = 60                                |  proxyVPWR = 1                            
  proxy1 = 1                               |  1 = 2                                    
  proxy2 = 1                               |  2 = 60                                   
  proxy3 = 1                               |  3 = 60                                   
  proxy4 = 1                               |  4 = 60                                   
  proxy5 = 1                               |  5 = 60                                   
---------------------------------------------------------------------------------------

---------------------------------------------------------------------------------------
Instance: sky130_fd_sc_hvl__inv_2_0        |Instance: sky130_fd_sc_hvl__inv_2:29       
  A = 2                                    |  proxyA = 1                               
  VGND = 60                                |  proxyVGND = 1                            
  VNB = 60                                 |  proxyVNB = 1                             
  VPB = 60                                 |  proxyVPB = 1                             
  VPWR = 60                                |  proxyVPWR = 1                            
  Y = 1                                    |  proxyY = 1                               
  proxy1 = 1                               |  1 = 2                                    
  proxy2 = 1                               |  2 = 60                                   
  proxy3 = 1                               |  3 = 60                                   
  proxy4 = 1                               |  4 = 60                                   
  proxy5 = 1                               |  5 = 60                                   
  proxy6 = 1                               |  6 = 1                                    
---------------------------------------------------------------------------------------

---------------------------------------------------------------------------------------
Instance: sky130_fd_sc_hvl__decap_4_7      |Instance: sky130_fd_sc_hvl__decap_4:29[14] 
  VGND = 60                                |  proxyVGND = 1                            
  VNB = 60                                 |  proxyVNB = 1                             
  VPB = 60                                 |  proxyVPB = 1                             
  VPWR = 60                                |  proxyVPWR = 1                            
  proxy1 = 1                               |  1 = 60                                   
  proxy2 = 1                               |  2 = 60                                   
  proxy3 = 1                               |  3 = 60                                   
  proxy4 = 1                               |  4 = 60                                   
---------------------------------------------------------------------------------------
Netlists do not match.
  Flattening non-matched subcircuits cdac_lvlshift_array cdac_lvlshift_array

Subcircuit summary:
Circuit 1: sky130_ef_ip__cdac3v_12bit      |Circuit 2: sky130_ef_ip__cdac3v_12bit      
-------------------------------------------|-------------------------------------------
simple_analog_switch (2)                   |simple_analog_switch (2)                   
simple_analog_switch_2 (36)                |simple_analog_switch_2 (36)                
sky130_fd_sc_hvl__inv_2 (61)               |sky130_fd_sc_hvl__inv_2 (61)               
sky130_fd_sc_hvl__decap_8 (48->1)          |sky130_fd_sc_hvl__decap_8 (48->1)          
sky130_fd_sc_hvl__nor2_1 (24)              |sky130_fd_sc_hvl__nor2_1 (24)              
sky130_fd_pr__cap_mim_m3_1 (190->10)       |sky130_fd_pr__cap_mim_m3_1 (190->15) **Mis 
sky130_fd_pr__cap_mim_m3_2 (190->10)       |sky130_fd_pr__cap_mim_m3_2 (190->15) **Mis 
sky130_fd_sc_hvl__decap_4 (15->1)          |sky130_fd_sc_hvl__decap_4 (15->1)          
sky130_fd_sc_hvl__diode_2 (14)             |sky130_fd_sc_hvl__diode_2 (14)             
sky130_fd_sc_hvl__lsbuflv2hv_1 (14)        |sky130_fd_sc_hvl__lsbuflv2hv_1 (14)        
Number of devices: 173 **Mismatch**        |Number of devices: 183 **Mismatch**        
Number of nets: 840 **Mismatch**           |Number of nets: 846 **Mismatch**           
---------------------------------------------------------------------------------------
NET mismatches: Class fragments follow (with fanout counts):
Circuit 1: sky130_ef_ip__cdac3v_12bit      |Circuit 2: sky130_ef_ip__cdac3v_12bit      

---------------------------------------------------------------------------------------
Net: OUT                                   |Net: OUT                                   
  sky130_fd_pr__cap_mim_m3_2/2 = 5         |  sky130_fd_pr__cap_mim_m3_2/2 = 6         
  sky130_fd_pr__cap_mim_m3_1/1 = 5         |  sky130_fd_pr__cap_mim_m3_1/1 = 6         
  sky130_fd_pr__cap_mim_m3_1/2 = 1         |  sky130_fd_pr__cap_mim_m3_1/2 = 1         
  sky130_fd_pr__cap_mim_m3_2/1 = 1         |  sky130_fd_pr__cap_mim_m3_2/1 = 1         
  simple_analog_switch/out = 1             |  simple_analog_switch/out = 1             
                                           |                                           
Net: OUTNC                                 |Net: OUTNC                                 
  sky130_fd_pr__cap_mim_m3_1/1 = 4         |  sky130_fd_pr__cap_mim_m3_1/1 = 8         
  sky130_fd_pr__cap_mim_m3_2/2 = 4         |  sky130_fd_pr__cap_mim_m3_2/2 = 8         
  simple_analog_switch/in = 1              |  simple_analog_switch/in = 1              
                                           |                                           
Net: VSS                                   |Net: VSS                                   
  sky130_fd_pr__cap_mim_m3_1/1 = 1         |  sky130_fd_pr__cap_mim_m3_1/1 = 1         
  sky130_fd_pr__cap_mim_m3_1/2 = 2         |  sky130_fd_pr__cap_mim_m3_1/2 = 1         
  sky130_fd_pr__cap_mim_m3_2/1 = 2         |  sky130_fd_pr__cap_mim_m3_2/1 = 1         
  sky130_fd_pr__cap_mim_m3_2/2 = 1         |  sky130_fd_pr__cap_mim_m3_2/2 = 1         
  simple_analog_switch_2/vss = 36          |  simple_analog_switch_2/vss = 36          
  simple_analog_switch/vss = 2             |  simple_analog_switch/vss = 2             
  simple_analog_switch_2/out = 15          |                                           
                                           |                                           
Net: x4/D9                                 |Net: D9                                    
  simple_analog_switch_2/out = 3           |  sky130_fd_pr__cap_mim_m3_1/2 = 1         
  sky130_fd_pr__cap_mim_m3_1/2 = 1         |  sky130_fd_pr__cap_mim_m3_2/1 = 1         
  sky130_fd_pr__cap_mim_m3_2/1 = 1         |  simple_analog_switch_2/out = 3           
                                           |                                           
Net: x4/D7                                 |Net: D5                                    
  simple_analog_switch_2/out = 3           |  sky130_fd_pr__cap_mim_m3_1/2 = 1         
  sky130_fd_pr__cap_mim_m3_1/2 = 1         |  sky130_fd_pr__cap_mim_m3_2/1 = 1         
  sky130_fd_pr__cap_mim_m3_2/1 = 1         |  simple_analog_switch_2/out = 3           
                                           |                                           
Net: x4/D11                                |Net: D1                                    
  simple_analog_switch_2/out = 3           |  sky130_fd_pr__cap_mim_m3_1/2 = 1         
  sky130_fd_pr__cap_mim_m3_1/2 = 1         |  sky130_fd_pr__cap_mim_m3_2/1 = 1         
  sky130_fd_pr__cap_mim_m3_2/1 = 1         |  simple_analog_switch_2/out = 3           
                                           |                                           
Net: x4/D4                                 |Net: D2                                    
  simple_analog_switch_2/out = 3           |  sky130_fd_pr__cap_mim_m3_1/2 = 1         
  sky130_fd_pr__cap_mim_m3_1/2 = 1         |  sky130_fd_pr__cap_mim_m3_2/1 = 1         
  sky130_fd_pr__cap_mim_m3_2/1 = 1         |  simple_analog_switch_2/out = 3           
                                           |                                           
Net: x4/D6                                 |Net: D6                                    
  simple_analog_switch_2/out = 3           |  sky130_fd_pr__cap_mim_m3_2/1 = 1         
  sky130_fd_pr__cap_mim_m3_1/2 = 1         |  sky130_fd_pr__cap_mim_m3_1/2 = 1         
  sky130_fd_pr__cap_mim_m3_2/1 = 1         |  simple_analog_switch_2/out = 3           
                                           |                                           
Net: x4/D8                                 |Net: D7                                    
  simple_analog_switch_2/out = 6           |  sky130_fd_pr__cap_mim_m3_1/2 = 1         
  sky130_fd_pr__cap_mim_m3_1/2 = 1         |  sky130_fd_pr__cap_mim_m3_2/1 = 1         
  sky130_fd_pr__cap_mim_m3_2/1 = 1         |  simple_analog_switch_2/out = 3           
                                           |                                           
(no matching net)                          |Net: D3                                    
                                           |  sky130_fd_pr__cap_mim_m3_1/2 = 1         
                                           |  sky130_fd_pr__cap_mim_m3_2/1 = 1         
                                           |  simple_analog_switch_2/out = 3           
                                           |                                           
(no matching net)                          |Net: D10                                   
                                           |  sky130_fd_pr__cap_mim_m3_1/2 = 1         
                                           |  sky130_fd_pr__cap_mim_m3_2/1 = 1         
                                           |  simple_analog_switch_2/out = 3           
                                           |                                           
(no matching net)                          |Net: D11                                   
                                           |  sky130_fd_pr__cap_mim_m3_1/2 = 1         
                                           |  sky130_fd_pr__cap_mim_m3_2/1 = 1         
                                           |  simple_analog_switch_2/out = 3           
                                           |                                           
(no matching net)                          |Net: D0                                    
                                           |  sky130_fd_pr__cap_mim_m3_1/2 = 1         
                                           |  sky130_fd_pr__cap_mim_m3_2/1 = 1         
                                           |  simple_analog_switch_2/out = 3           
                                           |                                           
(no matching net)                          |Net: D8                                    
                                           |  sky130_fd_pr__cap_mim_m3_1/2 = 1         
                                           |  sky130_fd_pr__cap_mim_m3_2/1 = 1         
                                           |  simple_analog_switch_2/out = 3           
                                           |                                           
(no matching net)                          |Net: D4                                    
                                           |  sky130_fd_pr__cap_mim_m3_1/2 = 1         
                                           |  sky130_fd_pr__cap_mim_m3_2/1 = 1         
                                           |  simple_analog_switch_2/out = 3           
---------------------------------------------------------------------------------------

---------------------------------------------------------------------------------------
Net: /cdac_lvlshift_array_0/dummy_266      |Net: cdac_lvlshift_array:2/dummy_266       
  sky130_fd_sc_hvl__lsbuflv2hv_1/proxy7 =  |  sky130_fd_sc_hvl__lsbuflv2hv_1/proxyX =  
                                           |                                           
Net: /cdac_lvlshift_array_0/dummy_259      |Net: cdac_lvlshift_array:2/dummy_265       
  sky130_fd_sc_hvl__lsbuflv2hv_1/proxy7 =  |  sky130_fd_sc_hvl__lsbuflv2hv_1/proxyVPWR 
                                           |                                           
Net: /cdac_lvlshift_array_0/dummy_252      |Net: cdac_lvlshift_array:2/dummy_264       
  sky130_fd_sc_hvl__lsbuflv2hv_1/proxy7 =  |  sky130_fd_sc_hvl__lsbuflv2hv_1/proxyVPB  
                                           |                                           
Net: /cdac_lvlshift_array_0/dummy_245      |Net: cdac_lvlshift_array:2/dummy_263       
  sky130_fd_sc_hvl__lsbuflv2hv_1/proxy7 =  |  sky130_fd_sc_hvl__lsbuflv2hv_1/proxyVNB  
                                           |                                           
Net: /cdac_lvlshift_array_0/dummy_238      |Net: cdac_lvlshift_array:2/dummy_262       
  sky130_fd_sc_hvl__lsbuflv2hv_1/proxy7 =  |  sky130_fd_sc_hvl__lsbuflv2hv_1/proxyVGND 
                                           |                                           
Net: /cdac_lvlshift_array_0/dummy_231      |Net: cdac_lvlshift_array:2/dummy_261       
  sky130_fd_sc_hvl__lsbuflv2hv_1/proxy7 =  |  sky130_fd_sc_hvl__lsbuflv2hv_1/proxyLVPW 
                                           |                                           
Net: /cdac_lvlshift_array_0/dummy_224      |Net: cdac_lvlshift_array:2/dummy_260       
  sky130_fd_sc_hvl__lsbuflv2hv_1/proxy7 =  |  sky130_fd_sc_hvl__lsbuflv2hv_1/proxyA =  
                                           |                                           
Net: /cdac_lvlshift_array_0/dummy_217      |Net: cdac_lvlshift_array:2/dummy_259       
  sky130_fd_sc_hvl__lsbuflv2hv_1/proxy7 =  |  sky130_fd_sc_hvl__lsbuflv2hv_1/proxyX =  
                                           |                                           
Net: /cdac_lvlshift_array_0/dummy_210      |Net: cdac_lvlshift_array:2/dummy_252       
  sky130_fd_sc_hvl__lsbuflv2hv_1/proxy7 =  |  sky130_fd_sc_hvl__lsbuflv2hv_1/proxyX =  
                                           |                                           
Net: /cdac_lvlshift_array_0/dummy_203      |Net: cdac_lvlshift_array:2/dummy_245       
  sky130_fd_sc_hvl__lsbuflv2hv_1/proxy7 =  |  sky130_fd_sc_hvl__lsbuflv2hv_1/proxyX =  
                                           |                                           
Net: /cdac_lvlshift_array_0/dummy_196      |Net: cdac_lvlshift_array:2/dummy_238       
  sky130_fd_sc_hvl__lsbuflv2hv_1/proxy7 =  |  sky130_fd_sc_hvl__lsbuflv2hv_1/proxyX =  
                                           |                                           
Net: /cdac_lvlshift_array_0/dummy_175      |Net: cdac_lvlshift_array:2/dummy_231       
  sky130_fd_sc_hvl__lsbuflv2hv_1/proxy7 =  |  sky130_fd_sc_hvl__lsbuflv2hv_1/proxyX =  
                                           |                                           
Net: /cdac_lvlshift_array_0/dummy_265      |Net: cdac_lvlshift_array:2/dummy_224       
  sky130_fd_sc_hvl__lsbuflv2hv_1/proxy6 =  |  sky130_fd_sc_hvl__lsbuflv2hv_1/proxyX =  
                                           |                                           
Net: /cdac_lvlshift_array_0/dummy_258      |Net: cdac_lvlshift_array:2/dummy_217       
  sky130_fd_sc_hvl__lsbuflv2hv_1/proxy6 =  |  sky130_fd_sc_hvl__lsbuflv2hv_1/proxyX =  
                                           |                                           
Net: /cdac_lvlshift_array_0/dummy_251      |Net: cdac_lvlshift_array:2/dummy_210       
  sky130_fd_sc_hvl__lsbuflv2hv_1/proxy6 =  |  sky130_fd_sc_hvl__lsbuflv2hv_1/proxyX =  
                                           |                                           
Net: /cdac_lvlshift_array_0/dummy_244      |Net: cdac_lvlshift_array:2/dummy_203       
  sky130_fd_sc_hvl__lsbuflv2hv_1/proxy6 =  |  sky130_fd_sc_hvl__lsbuflv2hv_1/proxyX =  
                                           |                                           
Net: /cdac_lvlshift_array_0/dummy_237      |Net: cdac_lvlshift_array:2/dummy_196       
  sky130_fd_sc_hvl__lsbuflv2hv_1/proxy6 =  |  sky130_fd_sc_hvl__lsbuflv2hv_1/proxyX =  
                                           |                                           
Net: /cdac_lvlshift_array_0/dummy_230      |Net: cdac_lvlshift_array:2/dummy_182       
  sky130_fd_sc_hvl__lsbuflv2hv_1/proxy6 =  |  sky130_fd_sc_hvl__lsbuflv2hv_1/proxyX =  
                                           |                                           
Net: /cdac_lvlshift_array_0/dummy_223      |Net: cdac_lvlshift_array:2/dummy_175       
  sky130_fd_sc_hvl__lsbuflv2hv_1/proxy6 =  |  sky130_fd_sc_hvl__lsbuflv2hv_1/proxyX =  
                                           |                                           
Net: /cdac_lvlshift_array_0/dummy_216      |Net: cdac_lvlshift_array:2/dummy_258       
  sky130_fd_sc_hvl__lsbuflv2hv_1/proxy6 =  |  sky130_fd_sc_hvl__lsbuflv2hv_1/proxyVPWR 
                                           |                                           
Net: /cdac_lvlshift_array_0/dummy_209      |Net: cdac_lvlshift_array:2/dummy_251       
  sky130_fd_sc_hvl__lsbuflv2hv_1/proxy6 =  |  sky130_fd_sc_hvl__lsbuflv2hv_1/proxyVPWR 
                                           |                                           
Net: /cdac_lvlshift_array_0/dummy_202      |Net: cdac_lvlshift_array:2/dummy_244       
  sky130_fd_sc_hvl__lsbuflv2hv_1/proxy6 =  |  sky130_fd_sc_hvl__lsbuflv2hv_1/proxyVPWR 
                                           |                                           
Net: /cdac_lvlshift_array_0/dummy_195      |Net: cdac_lvlshift_array:2/dummy_237       
  sky130_fd_sc_hvl__lsbuflv2hv_1/proxy6 =  |  sky130_fd_sc_hvl__lsbuflv2hv_1/proxyVPWR 
                                           |                                           
Net: /cdac_lvlshift_array_0/dummy_174      |Net: cdac_lvlshift_array:2/dummy_230       
  sky130_fd_sc_hvl__lsbuflv2hv_1/proxy6 =  |  sky130_fd_sc_hvl__lsbuflv2hv_1/proxyVPWR 
                                           |                                           
Net: /cdac_lvlshift_array_0/dummy_264      |Net: cdac_lvlshift_array:2/dummy_223       
  sky130_fd_sc_hvl__lsbuflv2hv_1/proxy5 =  |  sky130_fd_sc_hvl__lsbuflv2hv_1/proxyVPWR 
                                           |                                           
Net: /cdac_lvlshift_array_0/dummy_257      |Net: cdac_lvlshift_array:2/dummy_216       
  sky130_fd_sc_hvl__lsbuflv2hv_1/proxy5 =  |  sky130_fd_sc_hvl__lsbuflv2hv_1/proxyVPWR 
                                           |                                           
Net: /cdac_lvlshift_array_0/dummy_250      |Net: cdac_lvlshift_array:2/dummy_209       
  sky130_fd_sc_hvl__lsbuflv2hv_1/proxy5 =  |  sky130_fd_sc_hvl__lsbuflv2hv_1/proxyVPWR 
                                           |                                           
Net: /cdac_lvlshift_array_0/dummy_243      |Net: cdac_lvlshift_array:2/dummy_202       
  sky130_fd_sc_hvl__lsbuflv2hv_1/proxy5 =  |  sky130_fd_sc_hvl__lsbuflv2hv_1/proxyVPWR 
                                           |                                           
Net: /cdac_lvlshift_array_0/dummy_236      |Net: cdac_lvlshift_array:2/dummy_195       
  sky130_fd_sc_hvl__lsbuflv2hv_1/proxy5 =  |  sky130_fd_sc_hvl__lsbuflv2hv_1/proxyVPWR 
                                           |                                           
Net: /cdac_lvlshift_array_0/dummy_229      |Net: cdac_lvlshift_array:2/dummy_181       
  sky130_fd_sc_hvl__lsbuflv2hv_1/proxy5 =  |  sky130_fd_sc_hvl__lsbuflv2hv_1/proxyVPWR 
                                           |                                           
Net: /cdac_lvlshift_array_0/dummy_222      |Net: cdac_lvlshift_array:2/dummy_174       
  sky130_fd_sc_hvl__lsbuflv2hv_1/proxy5 =  |  sky130_fd_sc_hvl__lsbuflv2hv_1/proxyVPWR 
                                           |                                           
Net: /cdac_lvlshift_array_0/dummy_215      |Net: cdac_lvlshift_array:2/dummy_257       
  sky130_fd_sc_hvl__lsbuflv2hv_1/proxy5 =  |  sky130_fd_sc_hvl__lsbuflv2hv_1/proxyVPB  
                                           |                                           
Net: /cdac_lvlshift_array_0/dummy_208      |Net: cdac_lvlshift_array:2/dummy_250       
  sky130_fd_sc_hvl__lsbuflv2hv_1/proxy5 =  |  sky130_fd_sc_hvl__lsbuflv2hv_1/proxyVPB  
                                           |                                           
Net: /cdac_lvlshift_array_0/dummy_201      |Net: cdac_lvlshift_array:2/dummy_243       
  sky130_fd_sc_hvl__lsbuflv2hv_1/proxy5 =  |  sky130_fd_sc_hvl__lsbuflv2hv_1/proxyVPB  
                                           |                                           
Net: /cdac_lvlshift_array_0/dummy_194      |Net: cdac_lvlshift_array:2/dummy_236       
  sky130_fd_sc_hvl__lsbuflv2hv_1/proxy5 =  |  sky130_fd_sc_hvl__lsbuflv2hv_1/proxyVPB  
                                           |                                           
Net: /cdac_lvlshift_array_0/dummy_173      |Net: cdac_lvlshift_array:2/dummy_229       
  sky130_fd_sc_hvl__lsbuflv2hv_1/proxy5 =  |  sky130_fd_sc_hvl__lsbuflv2hv_1/proxyVPB  
                                           |                                           
Net: /cdac_lvlshift_array_0/dummy_263      |Net: cdac_lvlshift_array:2/dummy_222       
  sky130_fd_sc_hvl__lsbuflv2hv_1/proxy4 =  |  sky130_fd_sc_hvl__lsbuflv2hv_1/proxyVPB  
                                           |                                           
Net: /cdac_lvlshift_array_0/dummy_256      |Net: cdac_lvlshift_array:2/dummy_215       
  sky130_fd_sc_hvl__lsbuflv2hv_1/proxy4 =  |  sky130_fd_sc_hvl__lsbuflv2hv_1/proxyVPB  
                                           |                                           
Net: /cdac_lvlshift_array_0/dummy_249      |Net: cdac_lvlshift_array:2/dummy_208       
  sky130_fd_sc_hvl__lsbuflv2hv_1/proxy4 =  |  sky130_fd_sc_hvl__lsbuflv2hv_1/proxyVPB  
                                           |                                           
Net: /cdac_lvlshift_array_0/dummy_242      |Net: cdac_lvlshift_array:2/dummy_201       
  sky130_fd_sc_hvl__lsbuflv2hv_1/proxy4 =  |  sky130_fd_sc_hvl__lsbuflv2hv_1/proxyVPB  
                                           |                                           
Net: /cdac_lvlshift_array_0/dummy_235      |Net: cdac_lvlshift_array:2/dummy_194       
  sky130_fd_sc_hvl__lsbuflv2hv_1/proxy4 =  |  sky130_fd_sc_hvl__lsbuflv2hv_1/proxyVPB  
                                           |                                           
Net: /cdac_lvlshift_array_0/dummy_228      |Net: cdac_lvlshift_array:2/dummy_180       
  sky130_fd_sc_hvl__lsbuflv2hv_1/proxy4 =  |  sky130_fd_sc_hvl__lsbuflv2hv_1/proxyVPB  
                                           |                                           
Net: /cdac_lvlshift_array_0/dummy_221      |Net: cdac_lvlshift_array:2/dummy_173       
  sky130_fd_sc_hvl__lsbuflv2hv_1/proxy4 =  |  sky130_fd_sc_hvl__lsbuflv2hv_1/proxyVPB  
                                           |                                           
Net: /cdac_lvlshift_array_0/dummy_214      |Net: cdac_lvlshift_array:2/dummy_256       
  sky130_fd_sc_hvl__lsbuflv2hv_1/proxy4 =  |  sky130_fd_sc_hvl__lsbuflv2hv_1/proxyVNB  
                                           |                                           
Net: /cdac_lvlshift_array_0/dummy_207      |Net: cdac_lvlshift_array:2/dummy_249       
  sky130_fd_sc_hvl__lsbuflv2hv_1/proxy4 =  |  sky130_fd_sc_hvl__lsbuflv2hv_1/proxyVNB  
                                           |                                           
Net: /cdac_lvlshift_array_0/dummy_200      |Net: cdac_lvlshift_array:2/dummy_242       
  sky130_fd_sc_hvl__lsbuflv2hv_1/proxy4 =  |  sky130_fd_sc_hvl__lsbuflv2hv_1/proxyVNB  
                                           |                                           
Net: /cdac_lvlshift_array_0/dummy_193      |Net: cdac_lvlshift_array:2/dummy_235       
  sky130_fd_sc_hvl__lsbuflv2hv_1/proxy4 =  |  sky130_fd_sc_hvl__lsbuflv2hv_1/proxyVNB  
                                           |                                           
Net: /cdac_lvlshift_array_0/dummy_172      |Net: cdac_lvlshift_array:2/dummy_228       
  sky130_fd_sc_hvl__lsbuflv2hv_1/proxy4 =  |  sky130_fd_sc_hvl__lsbuflv2hv_1/proxyVNB  
                                           |                                           
Net: /cdac_lvlshift_array_0/dummy_262      |Net: cdac_lvlshift_array:2/dummy_221       
  sky130_fd_sc_hvl__lsbuflv2hv_1/proxy3 =  |  sky130_fd_sc_hvl__lsbuflv2hv_1/proxyVNB  
                                           |                                           
Net: /cdac_lvlshift_array_0/dummy_255      |Net: cdac_lvlshift_array:2/dummy_214       
  sky130_fd_sc_hvl__lsbuflv2hv_1/proxy3 =  |  sky130_fd_sc_hvl__lsbuflv2hv_1/proxyVNB  
                                           |                                           
Net: /cdac_lvlshift_array_0/dummy_248      |Net: cdac_lvlshift_array:2/dummy_207       
  sky130_fd_sc_hvl__lsbuflv2hv_1/proxy3 =  |  sky130_fd_sc_hvl__lsbuflv2hv_1/proxyVNB  
                                           |                                           
Net: /cdac_lvlshift_array_0/dummy_241      |Net: cdac_lvlshift_array:2/dummy_200       
  sky130_fd_sc_hvl__lsbuflv2hv_1/proxy3 =  |  sky130_fd_sc_hvl__lsbuflv2hv_1/proxyVNB  
                                           |                                           
Net: /cdac_lvlshift_array_0/dummy_234      |Net: cdac_lvlshift_array:2/dummy_193       
  sky130_fd_sc_hvl__lsbuflv2hv_1/proxy3 =  |  sky130_fd_sc_hvl__lsbuflv2hv_1/proxyVNB  
                                           |                                           
Net: /cdac_lvlshift_array_0/dummy_227      |Net: cdac_lvlshift_array:2/dummy_179       
  sky130_fd_sc_hvl__lsbuflv2hv_1/proxy3 =  |  sky130_fd_sc_hvl__lsbuflv2hv_1/proxyVNB  
                                           |                                           
Net: /cdac_lvlshift_array_0/dummy_220      |Net: cdac_lvlshift_array:2/dummy_172       
  sky130_fd_sc_hvl__lsbuflv2hv_1/proxy3 =  |  sky130_fd_sc_hvl__lsbuflv2hv_1/proxyVNB  
                                           |                                           
Net: /cdac_lvlshift_array_0/dummy_213      |Net: cdac_lvlshift_array:2/dummy_255       
  sky130_fd_sc_hvl__lsbuflv2hv_1/proxy3 =  |  sky130_fd_sc_hvl__lsbuflv2hv_1/proxyVGND 
                                           |                                           
Net: /cdac_lvlshift_array_0/dummy_206      |Net: cdac_lvlshift_array:2/dummy_248       
  sky130_fd_sc_hvl__lsbuflv2hv_1/proxy3 =  |  sky130_fd_sc_hvl__lsbuflv2hv_1/proxyVGND 
                                           |                                           
Net: /cdac_lvlshift_array_0/dummy_199      |Net: cdac_lvlshift_array:2/dummy_241       
  sky130_fd_sc_hvl__lsbuflv2hv_1/proxy3 =  |  sky130_fd_sc_hvl__lsbuflv2hv_1/proxyVGND 
                                           |                                           
Net: /cdac_lvlshift_array_0/dummy_192      |Net: cdac_lvlshift_array:2/dummy_234       
  sky130_fd_sc_hvl__lsbuflv2hv_1/proxy3 =  |  sky130_fd_sc_hvl__lsbuflv2hv_1/proxyVGND 
                                           |                                           
Net: /cdac_lvlshift_array_0/dummy_171      |Net: cdac_lvlshift_array:2/dummy_227       
  sky130_fd_sc_hvl__lsbuflv2hv_1/proxy3 =  |  sky130_fd_sc_hvl__lsbuflv2hv_1/proxyVGND 
                                           |                                           
Net: /cdac_lvlshift_array_0/dummy_261      |Net: cdac_lvlshift_array:2/dummy_220       
  sky130_fd_sc_hvl__lsbuflv2hv_1/proxy2 =  |  sky130_fd_sc_hvl__lsbuflv2hv_1/proxyVGND 
                                           |                                           
Net: /cdac_lvlshift_array_0/dummy_254      |Net: cdac_lvlshift_array:2/dummy_213       
  sky130_fd_sc_hvl__lsbuflv2hv_1/proxy2 =  |  sky130_fd_sc_hvl__lsbuflv2hv_1/proxyVGND 
                                           |                                           
Net: /cdac_lvlshift_array_0/dummy_247      |Net: cdac_lvlshift_array:2/dummy_206       
  sky130_fd_sc_hvl__lsbuflv2hv_1/proxy2 =  |  sky130_fd_sc_hvl__lsbuflv2hv_1/proxyVGND 
                                           |                                           
Net: /cdac_lvlshift_array_0/dummy_240      |Net: cdac_lvlshift_array:2/dummy_199       
  sky130_fd_sc_hvl__lsbuflv2hv_1/proxy2 =  |  sky130_fd_sc_hvl__lsbuflv2hv_1/proxyVGND 
                                           |                                           
Net: /cdac_lvlshift_array_0/dummy_233      |Net: cdac_lvlshift_array:2/dummy_192       
  sky130_fd_sc_hvl__lsbuflv2hv_1/proxy2 =  |  sky130_fd_sc_hvl__lsbuflv2hv_1/proxyVGND 
                                           |                                           
Net: /cdac_lvlshift_array_0/dummy_226      |Net: cdac_lvlshift_array:2/dummy_178       
  sky130_fd_sc_hvl__lsbuflv2hv_1/proxy2 =  |  sky130_fd_sc_hvl__lsbuflv2hv_1/proxyVGND 
                                           |                                           
Net: /cdac_lvlshift_array_0/dummy_219      |Net: cdac_lvlshift_array:2/dummy_171       
  sky130_fd_sc_hvl__lsbuflv2hv_1/proxy2 =  |  sky130_fd_sc_hvl__lsbuflv2hv_1/proxyVGND 
                                           |                                           
Net: /cdac_lvlshift_array_0/dummy_212      |Net: cdac_lvlshift_array:2/dummy_254       
  sky130_fd_sc_hvl__lsbuflv2hv_1/proxy2 =  |  sky130_fd_sc_hvl__lsbuflv2hv_1/proxyLVPW 
                                           |                                           
Net: /cdac_lvlshift_array_0/dummy_205      |Net: cdac_lvlshift_array:2/dummy_247       
  sky130_fd_sc_hvl__lsbuflv2hv_1/proxy2 =  |  sky130_fd_sc_hvl__lsbuflv2hv_1/proxyLVPW 
                                           |                                           
Net: /cdac_lvlshift_array_0/dummy_198      |Net: cdac_lvlshift_array:2/dummy_240       
  sky130_fd_sc_hvl__lsbuflv2hv_1/proxy2 =  |  sky130_fd_sc_hvl__lsbuflv2hv_1/proxyLVPW 
                                           |                                           
Net: /cdac_lvlshift_array_0/dummy_191      |Net: cdac_lvlshift_array:2/dummy_233       
  sky130_fd_sc_hvl__lsbuflv2hv_1/proxy2 =  |  sky130_fd_sc_hvl__lsbuflv2hv_1/proxyLVPW 
                                           |                                           
Net: /cdac_lvlshift_array_0/dummy_170      |Net: cdac_lvlshift_array:2/dummy_226       
  sky130_fd_sc_hvl__lsbuflv2hv_1/proxy2 =  |  sky130_fd_sc_hvl__lsbuflv2hv_1/proxyLVPW 
                                           |                                           
Net: /cdac_lvlshift_array_0/dummy_260      |Net: cdac_lvlshift_array:2/dummy_219       
  sky130_fd_sc_hvl__lsbuflv2hv_1/proxy1 =  |  sky130_fd_sc_hvl__lsbuflv2hv_1/proxyLVPW 
                                           |                                           
Net: /cdac_lvlshift_array_0/dummy_253      |Net: cdac_lvlshift_array:2/dummy_212       
  sky130_fd_sc_hvl__lsbuflv2hv_1/proxy1 =  |  sky130_fd_sc_hvl__lsbuflv2hv_1/proxyLVPW 
                                           |                                           
Net: /cdac_lvlshift_array_0/dummy_246      |Net: cdac_lvlshift_array:2/dummy_205       
  sky130_fd_sc_hvl__lsbuflv2hv_1/proxy1 =  |  sky130_fd_sc_hvl__lsbuflv2hv_1/proxyLVPW 
                                           |                                           
Net: /cdac_lvlshift_array_0/dummy_239      |Net: cdac_lvlshift_array:2/dummy_198       
  sky130_fd_sc_hvl__lsbuflv2hv_1/proxy1 =  |  sky130_fd_sc_hvl__lsbuflv2hv_1/proxyLVPW 
                                           |                                           
Net: /cdac_lvlshift_array_0/dummy_232      |Net: cdac_lvlshift_array:2/dummy_191       
  sky130_fd_sc_hvl__lsbuflv2hv_1/proxy1 =  |  sky130_fd_sc_hvl__lsbuflv2hv_1/proxyLVPW 
                                           |                                           
Net: /cdac_lvlshift_array_0/dummy_225      |Net: cdac_lvlshift_array:2/dummy_177       
  sky130_fd_sc_hvl__lsbuflv2hv_1/proxy1 =  |  sky130_fd_sc_hvl__lsbuflv2hv_1/proxyLVPW 
                                           |                                           
Net: /cdac_lvlshift_array_0/dummy_218      |Net: cdac_lvlshift_array:2/dummy_170       
  sky130_fd_sc_hvl__lsbuflv2hv_1/proxy1 =  |  sky130_fd_sc_hvl__lsbuflv2hv_1/proxyLVPW 
                                           |                                           
Net: /cdac_lvlshift_array_0/dummy_211      |Net: cdac_lvlshift_array:2/dummy_253       
  sky130_fd_sc_hvl__lsbuflv2hv_1/proxy1 =  |  sky130_fd_sc_hvl__lsbuflv2hv_1/proxyA =  
                                           |                                           
Net: /cdac_lvlshift_array_0/dummy_204      |Net: cdac_lvlshift_array:2/dummy_246       
  sky130_fd_sc_hvl__lsbuflv2hv_1/proxy1 =  |  sky130_fd_sc_hvl__lsbuflv2hv_1/proxyA =  
                                           |                                           
Net: /cdac_lvlshift_array_0/dummy_197      |Net: cdac_lvlshift_array:2/dummy_239       
  sky130_fd_sc_hvl__lsbuflv2hv_1/proxy1 =  |  sky130_fd_sc_hvl__lsbuflv2hv_1/proxyA =  
                                           |                                           
Net: /cdac_lvlshift_array_0/dummy_190      |Net: cdac_lvlshift_array:2/dummy_232       
  sky130_fd_sc_hvl__lsbuflv2hv_1/proxy1 =  |  sky130_fd_sc_hvl__lsbuflv2hv_1/proxyA =  
                                           |                                           
Net: /cdac_lvlshift_array_0/dummy_169      |Net: cdac_lvlshift_array:2/dummy_225       
  sky130_fd_sc_hvl__lsbuflv2hv_1/proxy1 =  |  sky130_fd_sc_hvl__lsbuflv2hv_1/proxyA =  
                                           |                                           
Net: /cdac_lvlshift_array_0/dummy_189      |Net: cdac_lvlshift_array:2/dummy_218       
  sky130_fd_sc_hvl__lsbuflv2hv_1/proxy7 =  |  sky130_fd_sc_hvl__lsbuflv2hv_1/proxyA =  
                                           |                                           
Net: /cdac_lvlshift_array_0/dummy_188      |Net: cdac_lvlshift_array:2/dummy_211       
  sky130_fd_sc_hvl__lsbuflv2hv_1/proxy6 =  |  sky130_fd_sc_hvl__lsbuflv2hv_1/proxyA =  
                                           |                                           
Net: /cdac_lvlshift_array_0/dummy_187      |Net: cdac_lvlshift_array:2/dummy_204       
  sky130_fd_sc_hvl__lsbuflv2hv_1/proxy5 =  |  sky130_fd_sc_hvl__lsbuflv2hv_1/proxyA =  
                                           |                                           
Net: /cdac_lvlshift_array_0/dummy_186      |Net: cdac_lvlshift_array:2/dummy_197       
  sky130_fd_sc_hvl__lsbuflv2hv_1/proxy4 =  |  sky130_fd_sc_hvl__lsbuflv2hv_1/proxyA =  
                                           |                                           
Net: /cdac_lvlshift_array_0/dummy_185      |Net: cdac_lvlshift_array:2/dummy_190       
  sky130_fd_sc_hvl__lsbuflv2hv_1/proxy3 =  |  sky130_fd_sc_hvl__lsbuflv2hv_1/proxyA =  
                                           |                                           
Net: /cdac_lvlshift_array_0/dummy_184      |Net: cdac_lvlshift_array:2/dummy_176       
  sky130_fd_sc_hvl__lsbuflv2hv_1/proxy2 =  |  sky130_fd_sc_hvl__lsbuflv2hv_1/proxyA =  
                                           |                                           
Net: /cdac_lvlshift_array_0/dummy_183      |Net: cdac_lvlshift_array:2/dummy_169       
  sky130_fd_sc_hvl__lsbuflv2hv_1/proxy1 =  |  sky130_fd_sc_hvl__lsbuflv2hv_1/proxyA =  
                                           |                                           
Net: /cdac_lvlshift_array_0/dummy_182      |Net: cdac_lvlshift_array:2/dummy_189       
  sky130_fd_sc_hvl__lsbuflv2hv_1/proxy7 =  |  sky130_fd_sc_hvl__lsbuflv2hv_1/proxyX =  
                                           |                                           
Net: /cdac_lvlshift_array_0/dummy_181      |Net: cdac_lvlshift_array:2/dummy_188       
  sky130_fd_sc_hvl__lsbuflv2hv_1/proxy6 =  |  sky130_fd_sc_hvl__lsbuflv2hv_1/proxyVPWR 
                                           |                                           
Net: /cdac_lvlshift_array_0/dummy_180      |Net: cdac_lvlshift_array:2/dummy_187       
  sky130_fd_sc_hvl__lsbuflv2hv_1/proxy5 =  |  sky130_fd_sc_hvl__lsbuflv2hv_1/proxyVPB  
                                           |                                           
Net: /cdac_lvlshift_array_0/dummy_179      |Net: cdac_lvlshift_array:2/dummy_186       
  sky130_fd_sc_hvl__lsbuflv2hv_1/proxy4 =  |  sky130_fd_sc_hvl__lsbuflv2hv_1/proxyVNB  
                                           |                                           
Net: /cdac_lvlshift_array_0/dummy_178      |Net: cdac_lvlshift_array:2/dummy_185       
  sky130_fd_sc_hvl__lsbuflv2hv_1/proxy3 =  |  sky130_fd_sc_hvl__lsbuflv2hv_1/proxyVGND 
                                           |                                           
Net: /cdac_lvlshift_array_0/dummy_177      |Net: cdac_lvlshift_array:2/dummy_184       
  sky130_fd_sc_hvl__lsbuflv2hv_1/proxy2 =  |  sky130_fd_sc_hvl__lsbuflv2hv_1/proxyLVPW 
                                           |                                           
Net: /cdac_lvlshift_array_0/dummy_176      |Net: cdac_lvlshift_array:2/dummy_183       
  sky130_fd_sc_hvl__lsbuflv2hv_1/proxy1 =  |  sky130_fd_sc_hvl__lsbuflv2hv_1/proxyA =  
                                           |                                           
Net: /cdac_lvlshift_array_0/dummy_168      |Net: cdac_lvlshift_array:2/dummy_168       
  sky130_fd_sc_hvl__diode_2/proxy5 = 1     |  sky130_fd_sc_hvl__diode_2/proxyVPWR = 1  
                                           |                                           
Net: /cdac_lvlshift_array_0/dummy_163      |Net: cdac_lvlshift_array:2/dummy_163       
  sky130_fd_sc_hvl__diode_2/proxy5 = 1     |  sky130_fd_sc_hvl__diode_2/proxyVPWR = 1  
                                           |                                           
Net: /cdac_lvlshift_array_0/dummy_158      |Net: cdac_lvlshift_array:2/dummy_158       
  sky130_fd_sc_hvl__diode_2/proxy5 = 1     |  sky130_fd_sc_hvl__diode_2/proxyVPWR = 1  
                                           |                                           
Net: /cdac_lvlshift_array_0/dummy_153      |Net: cdac_lvlshift_array:2/dummy_153       
  sky130_fd_sc_hvl__diode_2/proxy5 = 1     |  sky130_fd_sc_hvl__diode_2/proxyVPWR = 1  
                                           |                                           
Net: /cdac_lvlshift_array_0/dummy_148      |Net: cdac_lvlshift_array:2/dummy_148       
  sky130_fd_sc_hvl__diode_2/proxy5 = 1     |  sky130_fd_sc_hvl__diode_2/proxyVPWR = 1  
                                           |                                           
Net: /cdac_lvlshift_array_0/dummy_143      |Net: cdac_lvlshift_array:2/dummy_143       
  sky130_fd_sc_hvl__diode_2/proxy5 = 1     |  sky130_fd_sc_hvl__diode_2/proxyVPWR = 1  
                                           |                                           
Net: /cdac_lvlshift_array_0/dummy_138      |Net: cdac_lvlshift_array:2/dummy_138       
  sky130_fd_sc_hvl__diode_2/proxy5 = 1     |  sky130_fd_sc_hvl__diode_2/proxyVPWR = 1  
                                           |                                           
Net: /cdac_lvlshift_array_0/dummy_133      |Net: cdac_lvlshift_array:2/dummy_133       
  sky130_fd_sc_hvl__diode_2/proxy5 = 1     |  sky130_fd_sc_hvl__diode_2/proxyVPWR = 1  
                                           |                                           
Net: /cdac_lvlshift_array_0/dummy_128      |Net: cdac_lvlshift_array:2/dummy_128       
  sky130_fd_sc_hvl__diode_2/proxy5 = 1     |  sky130_fd_sc_hvl__diode_2/proxyVPWR = 1  
                                           |                                           
Net: /cdac_lvlshift_array_0/dummy_123      |Net: cdac_lvlshift_array:2/dummy_123       
  sky130_fd_sc_hvl__diode_2/proxy5 = 1     |  sky130_fd_sc_hvl__diode_2/proxyVPWR = 1  
                                           |                                           
Net: /cdac_lvlshift_array_0/dummy_118      |Net: cdac_lvlshift_array:2/dummy_118       
  sky130_fd_sc_hvl__diode_2/proxy5 = 1     |  sky130_fd_sc_hvl__diode_2/proxyVPWR = 1  
                                           |                                           
Net: /cdac_lvlshift_array_0/dummy_113      |Net: cdac_lvlshift_array:2/dummy_113       
  sky130_fd_sc_hvl__diode_2/proxy5 = 1     |  sky130_fd_sc_hvl__diode_2/proxyVPWR = 1  
                                           |                                           
Net: /cdac_lvlshift_array_0/dummy_108      |Net: cdac_lvlshift_array:2/dummy_108       
  sky130_fd_sc_hvl__diode_2/proxy5 = 1     |  sky130_fd_sc_hvl__diode_2/proxyVPWR = 1  
                                           |                                           
Net: /cdac_lvlshift_array_0/dummy_103      |Net: cdac_lvlshift_array:2/dummy_103       
  sky130_fd_sc_hvl__diode_2/proxy5 = 1     |  sky130_fd_sc_hvl__diode_2/proxyVPWR = 1  
                                           |                                           
Net: /cdac_lvlshift_array_0/dummy_167      |Net: cdac_lvlshift_array:2/dummy_167       
  sky130_fd_sc_hvl__diode_2/proxy4 = 1     |  sky130_fd_sc_hvl__diode_2/proxyVPB = 1   
                                           |                                           
Net: /cdac_lvlshift_array_0/dummy_162      |Net: cdac_lvlshift_array:2/dummy_162       
  sky130_fd_sc_hvl__diode_2/proxy4 = 1     |  sky130_fd_sc_hvl__diode_2/proxyVPB = 1   
                                           |                                           
Net: /cdac_lvlshift_array_0/dummy_157      |Net: cdac_lvlshift_array:2/dummy_157       
  sky130_fd_sc_hvl__diode_2/proxy4 = 1     |  sky130_fd_sc_hvl__diode_2/proxyVPB = 1   
                                           |                                           
Net: /cdac_lvlshift_array_0/dummy_152      |Net: cdac_lvlshift_array:2/dummy_152       
  sky130_fd_sc_hvl__diode_2/proxy4 = 1     |  sky130_fd_sc_hvl__diode_2/proxyVPB = 1   
                                           |                                           
Net: /cdac_lvlshift_array_0/dummy_147      |Net: cdac_lvlshift_array:2/dummy_147       
  sky130_fd_sc_hvl__diode_2/proxy4 = 1     |  sky130_fd_sc_hvl__diode_2/proxyVPB = 1   
                                           |                                           
Net: /cdac_lvlshift_array_0/dummy_142      |Net: cdac_lvlshift_array:2/dummy_142       
  sky130_fd_sc_hvl__diode_2/proxy4 = 1     |  sky130_fd_sc_hvl__diode_2/proxyVPB = 1   
                                           |                                           
Net: /cdac_lvlshift_array_0/dummy_137      |Net: cdac_lvlshift_array:2/dummy_137       
  sky130_fd_sc_hvl__diode_2/proxy4 = 1     |  sky130_fd_sc_hvl__diode_2/proxyVPB = 1   
                                           |                                           
Net: /cdac_lvlshift_array_0/dummy_132      |Net: cdac_lvlshift_array:2/dummy_132       
  sky130_fd_sc_hvl__diode_2/proxy4 = 1     |  sky130_fd_sc_hvl__diode_2/proxyVPB = 1   
                                           |                                           
Net: /cdac_lvlshift_array_0/dummy_127      |Net: cdac_lvlshift_array:2/dummy_127       
  sky130_fd_sc_hvl__diode_2/proxy4 = 1     |  sky130_fd_sc_hvl__diode_2/proxyVPB = 1   
                                           |                                           
Net: /cdac_lvlshift_array_0/dummy_122      |Net: cdac_lvlshift_array:2/dummy_122       
  sky130_fd_sc_hvl__diode_2/proxy4 = 1     |  sky130_fd_sc_hvl__diode_2/proxyVPB = 1   
                                           |                                           
Net: /cdac_lvlshift_array_0/dummy_117      |Net: cdac_lvlshift_array:2/dummy_117       
  sky130_fd_sc_hvl__diode_2/proxy4 = 1     |  sky130_fd_sc_hvl__diode_2/proxyVPB = 1   
                                           |                                           
Net: /cdac_lvlshift_array_0/dummy_112      |Net: cdac_lvlshift_array:2/dummy_112       
  sky130_fd_sc_hvl__diode_2/proxy4 = 1     |  sky130_fd_sc_hvl__diode_2/proxyVPB = 1   
                                           |                                           
Net: /cdac_lvlshift_array_0/dummy_107      |Net: cdac_lvlshift_array:2/dummy_107       
  sky130_fd_sc_hvl__diode_2/proxy4 = 1     |  sky130_fd_sc_hvl__diode_2/proxyVPB = 1   
                                           |                                           
Net: /cdac_lvlshift_array_0/dummy_102      |Net: cdac_lvlshift_array:2/dummy_102       
  sky130_fd_sc_hvl__diode_2/proxy4 = 1     |  sky130_fd_sc_hvl__diode_2/proxyVPB = 1   
                                           |                                           
Net: /cdac_lvlshift_array_0/dummy_166      |Net: cdac_lvlshift_array:2/dummy_166       
  sky130_fd_sc_hvl__diode_2/proxy3 = 1     |  sky130_fd_sc_hvl__diode_2/proxyVNB = 1   
                                           |                                           
Net: /cdac_lvlshift_array_0/dummy_161      |Net: cdac_lvlshift_array:2/dummy_161       
  sky130_fd_sc_hvl__diode_2/proxy3 = 1     |  sky130_fd_sc_hvl__diode_2/proxyVNB = 1   
                                           |                                           
Net: /cdac_lvlshift_array_0/dummy_156      |Net: cdac_lvlshift_array:2/dummy_156       
  sky130_fd_sc_hvl__diode_2/proxy3 = 1     |  sky130_fd_sc_hvl__diode_2/proxyVNB = 1   
                                           |                                           
Net: /cdac_lvlshift_array_0/dummy_151      |Net: cdac_lvlshift_array:2/dummy_151       
  sky130_fd_sc_hvl__diode_2/proxy3 = 1     |  sky130_fd_sc_hvl__diode_2/proxyVNB = 1   
                                           |                                           
Net: /cdac_lvlshift_array_0/dummy_146      |Net: cdac_lvlshift_array:2/dummy_146       
  sky130_fd_sc_hvl__diode_2/proxy3 = 1     |  sky130_fd_sc_hvl__diode_2/proxyVNB = 1   
                                           |                                           
Net: /cdac_lvlshift_array_0/dummy_141      |Net: cdac_lvlshift_array:2/dummy_141       
  sky130_fd_sc_hvl__diode_2/proxy3 = 1     |  sky130_fd_sc_hvl__diode_2/proxyVNB = 1   
                                           |                                           
Net: /cdac_lvlshift_array_0/dummy_136      |Net: cdac_lvlshift_array:2/dummy_136       
  sky130_fd_sc_hvl__diode_2/proxy3 = 1     |  sky130_fd_sc_hvl__diode_2/proxyVNB = 1   
                                           |                                           
Net: /cdac_lvlshift_array_0/dummy_131      |Net: cdac_lvlshift_array:2/dummy_131       
  sky130_fd_sc_hvl__diode_2/proxy3 = 1     |  sky130_fd_sc_hvl__diode_2/proxyVNB = 1   
                                           |                                           
Net: /cdac_lvlshift_array_0/dummy_126      |Net: cdac_lvlshift_array:2/dummy_126       
  sky130_fd_sc_hvl__diode_2/proxy3 = 1     |  sky130_fd_sc_hvl__diode_2/proxyVNB = 1   
                                           |                                           
Net: /cdac_lvlshift_array_0/dummy_121      |Net: cdac_lvlshift_array:2/dummy_121       
  sky130_fd_sc_hvl__diode_2/proxy3 = 1     |  sky130_fd_sc_hvl__diode_2/proxyVNB = 1   
                                           |                                           
Net: /cdac_lvlshift_array_0/dummy_116      |Net: cdac_lvlshift_array:2/dummy_116       
  sky130_fd_sc_hvl__diode_2/proxy3 = 1     |  sky130_fd_sc_hvl__diode_2/proxyVNB = 1   
                                           |                                           
Net: /cdac_lvlshift_array_0/dummy_111      |Net: cdac_lvlshift_array:2/dummy_111       
  sky130_fd_sc_hvl__diode_2/proxy3 = 1     |  sky130_fd_sc_hvl__diode_2/proxyVNB = 1   
                                           |                                           
Net: /cdac_lvlshift_array_0/dummy_106      |Net: cdac_lvlshift_array:2/dummy_106       
  sky130_fd_sc_hvl__diode_2/proxy3 = 1     |  sky130_fd_sc_hvl__diode_2/proxyVNB = 1   
                                           |                                           
Net: /cdac_lvlshift_array_0/dummy_101      |Net: cdac_lvlshift_array:2/dummy_101       
  sky130_fd_sc_hvl__diode_2/proxy3 = 1     |  sky130_fd_sc_hvl__diode_2/proxyVNB = 1   
                                           |                                           
Net: /cdac_lvlshift_array_0/dummy_165      |Net: cdac_lvlshift_array:2/dummy_165       
  sky130_fd_sc_hvl__diode_2/proxy2 = 1     |  sky130_fd_sc_hvl__diode_2/proxyVGND = 1  
                                           |                                           
Net: /cdac_lvlshift_array_0/dummy_160      |Net: cdac_lvlshift_array:2/dummy_160       
  sky130_fd_sc_hvl__diode_2/proxy2 = 1     |  sky130_fd_sc_hvl__diode_2/proxyVGND = 1  
                                           |                                           
Net: /cdac_lvlshift_array_0/dummy_155      |Net: cdac_lvlshift_array:2/dummy_155       
  sky130_fd_sc_hvl__diode_2/proxy2 = 1     |  sky130_fd_sc_hvl__diode_2/proxyVGND = 1  
                                           |                                           
Net: /cdac_lvlshift_array_0/dummy_150      |Net: cdac_lvlshift_array:2/dummy_150       
  sky130_fd_sc_hvl__diode_2/proxy2 = 1     |  sky130_fd_sc_hvl__diode_2/proxyVGND = 1  
                                           |                                           
Net: /cdac_lvlshift_array_0/dummy_145      |Net: cdac_lvlshift_array:2/dummy_145       
  sky130_fd_sc_hvl__diode_2/proxy2 = 1     |  sky130_fd_sc_hvl__diode_2/proxyVGND = 1  
                                           |                                           
Net: /cdac_lvlshift_array_0/dummy_140      |Net: cdac_lvlshift_array:2/dummy_140       
  sky130_fd_sc_hvl__diode_2/proxy2 = 1     |  sky130_fd_sc_hvl__diode_2/proxyVGND = 1  
                                           |                                           
Net: /cdac_lvlshift_array_0/dummy_135      |Net: cdac_lvlshift_array:2/dummy_135       
  sky130_fd_sc_hvl__diode_2/proxy2 = 1     |  sky130_fd_sc_hvl__diode_2/proxyVGND = 1  
                                           |                                           
Net: /cdac_lvlshift_array_0/dummy_130      |Net: cdac_lvlshift_array:2/dummy_130       
  sky130_fd_sc_hvl__diode_2/proxy2 = 1     |  sky130_fd_sc_hvl__diode_2/proxyVGND = 1  
                                           |                                           
Net: /cdac_lvlshift_array_0/dummy_125      |Net: cdac_lvlshift_array:2/dummy_125       
  sky130_fd_sc_hvl__diode_2/proxy2 = 1     |  sky130_fd_sc_hvl__diode_2/proxyVGND = 1  
                                           |                                           
Net: /cdac_lvlshift_array_0/dummy_120      |Net: cdac_lvlshift_array:2/dummy_120       
  sky130_fd_sc_hvl__diode_2/proxy2 = 1     |  sky130_fd_sc_hvl__diode_2/proxyVGND = 1  
                                           |                                           
Net: /cdac_lvlshift_array_0/dummy_115      |Net: cdac_lvlshift_array:2/dummy_115       
  sky130_fd_sc_hvl__diode_2/proxy2 = 1     |  sky130_fd_sc_hvl__diode_2/proxyVGND = 1  
                                           |                                           
Net: /cdac_lvlshift_array_0/dummy_110      |Net: cdac_lvlshift_array:2/dummy_110       
  sky130_fd_sc_hvl__diode_2/proxy2 = 1     |  sky130_fd_sc_hvl__diode_2/proxyVGND = 1  
                                           |                                           
Net: /cdac_lvlshift_array_0/dummy_105      |Net: cdac_lvlshift_array:2/dummy_105       
  sky130_fd_sc_hvl__diode_2/proxy2 = 1     |  sky130_fd_sc_hvl__diode_2/proxyVGND = 1  
                                           |                                           
Net: /cdac_lvlshift_array_0/dummy_100      |Net: cdac_lvlshift_array:2/dummy_100       
  sky130_fd_sc_hvl__diode_2/proxy2 = 1     |  sky130_fd_sc_hvl__diode_2/proxyVGND = 1  
                                           |                                           
Net: /cdac_lvlshift_array_0/dummy_164      |Net: cdac_lvlshift_array:2/dummy_164       
  sky130_fd_sc_hvl__diode_2/proxy1 = 1     |  sky130_fd_sc_hvl__diode_2/proxyDIODE = 1 
                                           |                                           
Net: /cdac_lvlshift_array_0/dummy_159      |Net: cdac_lvlshift_array:2/dummy_159       
  sky130_fd_sc_hvl__diode_2/proxy1 = 1     |  sky130_fd_sc_hvl__diode_2/proxyDIODE = 1 
                                           |                                           
Net: /cdac_lvlshift_array_0/dummy_154      |Net: cdac_lvlshift_array:2/dummy_154       
  sky130_fd_sc_hvl__diode_2/proxy1 = 1     |  sky130_fd_sc_hvl__diode_2/proxyDIODE = 1 
                                           |                                           
Net: /cdac_lvlshift_array_0/dummy_149      |Net: cdac_lvlshift_array:2/dummy_149       
  sky130_fd_sc_hvl__diode_2/proxy1 = 1     |  sky130_fd_sc_hvl__diode_2/proxyDIODE = 1 
                                           |                                           
Net: /cdac_lvlshift_array_0/dummy_144      |Net: cdac_lvlshift_array:2/dummy_144       
  sky130_fd_sc_hvl__diode_2/proxy1 = 1     |  sky130_fd_sc_hvl__diode_2/proxyDIODE = 1 
                                           |                                           
Net: /cdac_lvlshift_array_0/dummy_139      |Net: cdac_lvlshift_array:2/dummy_139       
  sky130_fd_sc_hvl__diode_2/proxy1 = 1     |  sky130_fd_sc_hvl__diode_2/proxyDIODE = 1 
                                           |                                           
Net: /cdac_lvlshift_array_0/dummy_134      |Net: cdac_lvlshift_array:2/dummy_134       
  sky130_fd_sc_hvl__diode_2/proxy1 = 1     |  sky130_fd_sc_hvl__diode_2/proxyDIODE = 1 
                                           |                                           
Net: /cdac_lvlshift_array_0/dummy_129      |Net: cdac_lvlshift_array:2/dummy_129       
  sky130_fd_sc_hvl__diode_2/proxy1 = 1     |  sky130_fd_sc_hvl__diode_2/proxyDIODE = 1 
                                           |                                           
Net: /cdac_lvlshift_array_0/dummy_124      |Net: cdac_lvlshift_array:2/dummy_124       
  sky130_fd_sc_hvl__diode_2/proxy1 = 1     |  sky130_fd_sc_hvl__diode_2/proxyDIODE = 1 
                                           |                                           
Net: /cdac_lvlshift_array_0/dummy_119      |Net: cdac_lvlshift_array:2/dummy_119       
  sky130_fd_sc_hvl__diode_2/proxy1 = 1     |  sky130_fd_sc_hvl__diode_2/proxyDIODE = 1 
                                           |                                           
Net: /cdac_lvlshift_array_0/dummy_114      |Net: cdac_lvlshift_array:2/dummy_114       
  sky130_fd_sc_hvl__diode_2/proxy1 = 1     |  sky130_fd_sc_hvl__diode_2/proxyDIODE = 1 
                                           |                                           
Net: /cdac_lvlshift_array_0/dummy_109      |Net: cdac_lvlshift_array:2/dummy_109       
  sky130_fd_sc_hvl__diode_2/proxy1 = 1     |  sky130_fd_sc_hvl__diode_2/proxyDIODE = 1 
                                           |                                           
Net: /cdac_lvlshift_array_0/dummy_104      |Net: cdac_lvlshift_array:2/dummy_104       
  sky130_fd_sc_hvl__diode_2/proxy1 = 1     |  sky130_fd_sc_hvl__diode_2/proxyDIODE = 1 
                                           |                                           
Net: /cdac_lvlshift_array_0/dummy_99       |Net: cdac_lvlshift_array:2/dummy_99        
  sky130_fd_sc_hvl__diode_2/proxy1 = 1     |  sky130_fd_sc_hvl__diode_2/proxyDIODE = 1 
                                           |                                           
Net: /cdac_lvlshift_array_0/dummy_42       |Net: cdac_lvlshift_array:2/dummy_42        
  sky130_fd_sc_hvl__decap_4/proxy4 = 1     |  sky130_fd_sc_hvl__decap_4/proxyVPWR = 1  
                                           |                                           
Net: /cdac_lvlshift_array_0/dummy_41       |Net: cdac_lvlshift_array:2/dummy_41        
  sky130_fd_sc_hvl__decap_4/proxy3 = 1     |  sky130_fd_sc_hvl__decap_4/proxyVPB = 1   
                                           |                                           
Net: /cdac_lvlshift_array_0/dummy_40       |Net: cdac_lvlshift_array:2/dummy_40        
  sky130_fd_sc_hvl__decap_4/proxy2 = 1     |  sky130_fd_sc_hvl__decap_4/proxyVNB = 1   
                                           |                                           
Net: /cdac_lvlshift_array_0/dummy_39       |Net: cdac_lvlshift_array:2/dummy_39        
  sky130_fd_sc_hvl__decap_4/proxy1 = 1     |  sky130_fd_sc_hvl__decap_4/proxyVGND = 1  
                                           |                                           
Net: /cdac_lvlshift_array_0/dummy_38       |Net: cdac_lvlshift_array:2/dummy_38        
  sky130_fd_sc_hvl__inv_2/proxy6 = 1       |  sky130_fd_sc_hvl__inv_2/proxyY = 1       
                                           |                                           
Net: /cdac_lvlshift_array_0/dummy_37       |Net: cdac_lvlshift_array:2/dummy_37        
  sky130_fd_sc_hvl__inv_2/proxy5 = 1       |  sky130_fd_sc_hvl__inv_2/proxyVPWR = 1    
                                           |                                           
Net: /cdac_lvlshift_array_0/dummy_36       |Net: cdac_lvlshift_array:2/dummy_36        
  sky130_fd_sc_hvl__inv_2/proxy4 = 1       |  sky130_fd_sc_hvl__inv_2/proxyVPB = 1     
                                           |                                           
Net: /cdac_lvlshift_array_0/dummy_35       |Net: cdac_lvlshift_array:2/dummy_35        
  sky130_fd_sc_hvl__inv_2/proxy3 = 1       |  sky130_fd_sc_hvl__inv_2/proxyVNB = 1     
                                           |                                           
Net: /cdac_lvlshift_array_0/dummy_34       |Net: cdac_lvlshift_array:2/dummy_34        
  sky130_fd_sc_hvl__inv_2/proxy2 = 1       |  sky130_fd_sc_hvl__inv_2/proxyVGND = 1    
                                           |                                           
Net: /cdac_lvlshift_array_0/dummy_33       |Net: cdac_lvlshift_array:2/dummy_33        
  sky130_fd_sc_hvl__inv_2/proxy1 = 1       |  sky130_fd_sc_hvl__inv_2/proxyA = 1       
                                           |                                           
Net: EF_AMUX0201_ARRAY1:x3//EF_AMUX21x_1/d |Net: EF_AMUX0201_ARRAY1:3/EF_AMUX21x:7/dum 
  sky130_fd_sc_hvl__nor2_1/proxy7 = 1      |  sky130_fd_sc_hvl__nor2_1/proxyY = 1      
                                           |                                           
Net: EF_AMUX0201_ARRAY1:x3//EF_AMUX21x_0/d |Net: EF_AMUX0201_ARRAY1:3/EF_AMUX21x:6/dum 
  sky130_fd_sc_hvl__nor2_1/proxy7 = 1      |  sky130_fd_sc_hvl__nor2_1/proxyY = 1      
                                           |                                           
Net: EF_AMUX0201_ARRAY1:x3/EF_AMUX21x:x12/ |Net: EF_AMUX0201_ARRAY1:3/EF_AMUX21x:12/du 
  sky130_fd_sc_hvl__nor2_1/proxy7 = 1      |  sky130_fd_sc_hvl__nor2_1/proxyY = 1      
                                           |                                           
Net: EF_AMUX0201_ARRAY1:x3/EF_AMUX21x:x11/ |Net: EF_AMUX0201_ARRAY1:3/EF_AMUX21x:11/du 
  sky130_fd_sc_hvl__nor2_1/proxy7 = 1      |  sky130_fd_sc_hvl__nor2_1/proxyY = 1      
                                           |                                           
Net: EF_AMUX0201_ARRAY1:x3/EF_AMUX21x:x10/ |Net: EF_AMUX0201_ARRAY1:3/EF_AMUX21x:10/du 
  sky130_fd_sc_hvl__nor2_1/proxy7 = 1      |  sky130_fd_sc_hvl__nor2_1/proxyY = 1      
                                           |                                           
Net: EF_AMUX0201_ARRAY1:x3/EF_AMUX21x:x9/d |Net: EF_AMUX0201_ARRAY1:3/EF_AMUX21x:9/dum 
  sky130_fd_sc_hvl__nor2_1/proxy7 = 1      |  sky130_fd_sc_hvl__nor2_1/proxyY = 1      
                                           |                                           
Net: EF_AMUX0201_ARRAY1:x3/EF_AMUX21x:x8/d |Net: EF_AMUX0201_ARRAY1:3/EF_AMUX21x:8/dum 
  sky130_fd_sc_hvl__nor2_1/proxy7 = 1      |  sky130_fd_sc_hvl__nor2_1/proxyY = 1      
                                           |                                           
Net: EF_AMUX0201_ARRAY1:x3/EF_AMUX21x:x5/d |Net: EF_AMUX0201_ARRAY1:3/EF_AMUX21x:5/dum 
  sky130_fd_sc_hvl__nor2_1/proxy7 = 1      |  sky130_fd_sc_hvl__nor2_1/proxyY = 1      
                                           |                                           
Net: EF_AMUX0201_ARRAY1:x3/EF_AMUX21x:x4/d |Net: EF_AMUX0201_ARRAY1:3/EF_AMUX21x:4/dum 
  sky130_fd_sc_hvl__nor2_1/proxy7 = 1      |  sky130_fd_sc_hvl__nor2_1/proxyY = 1      
                                           |                                           
Net: EF_AMUX0201_ARRAY1:x3/EF_AMUX21x:x2/d |Net: EF_AMUX0201_ARRAY1:3/EF_AMUX21x:3/dum 
  sky130_fd_sc_hvl__nor2_1/proxy7 = 1      |  sky130_fd_sc_hvl__nor2_1/proxyY = 1      
                                           |                                           
Net: EF_AMUX0201_ARRAY1:x3/EF_AMUX21x:x3/d |Net: EF_AMUX0201_ARRAY1:3/EF_AMUX21x:1/dum 
  sky130_fd_sc_hvl__nor2_1/proxy7 = 1      |  sky130_fd_sc_hvl__nor2_1/proxyY = 1      
                                           |                                           
Net: EF_AMUX0201_ARRAY1:x3/EF_AMUX21x:x1/d |Net: EF_AMUX0201_ARRAY1:3/EF_AMUX21x:2/dum 
  sky130_fd_sc_hvl__nor2_1/proxy7 = 1      |  sky130_fd_sc_hvl__nor2_1/proxyY = 1      
                                           |                                           
Net: EF_AMUX0201_ARRAY1:x3//EF_AMUX21x_1/d |Net: EF_AMUX0201_ARRAY1:3/EF_AMUX21x:7/dum 
  sky130_fd_sc_hvl__nor2_1/proxy6 = 1      |  sky130_fd_sc_hvl__nor2_1/proxyVPWR = 1   
                                           |                                           
Net: EF_AMUX0201_ARRAY1:x3//EF_AMUX21x_0/d |Net: EF_AMUX0201_ARRAY1:3/EF_AMUX21x:6/dum 
  sky130_fd_sc_hvl__nor2_1/proxy6 = 1      |  sky130_fd_sc_hvl__nor2_1/proxyVPWR = 1   
                                           |                                           
Net: EF_AMUX0201_ARRAY1:x3/EF_AMUX21x:x12/ |Net: EF_AMUX0201_ARRAY1:3/EF_AMUX21x:12/du 
  sky130_fd_sc_hvl__nor2_1/proxy6 = 1      |  sky130_fd_sc_hvl__nor2_1/proxyVPWR = 1   
                                           |                                           
Net: EF_AMUX0201_ARRAY1:x3/EF_AMUX21x:x11/ |Net: EF_AMUX0201_ARRAY1:3/EF_AMUX21x:11/du 
  sky130_fd_sc_hvl__nor2_1/proxy6 = 1      |  sky130_fd_sc_hvl__nor2_1/proxyVPWR = 1   
                                           |                                           
Net: EF_AMUX0201_ARRAY1:x3/EF_AMUX21x:x10/ |Net: EF_AMUX0201_ARRAY1:3/EF_AMUX21x:10/du 
  sky130_fd_sc_hvl__nor2_1/proxy6 = 1      |  sky130_fd_sc_hvl__nor2_1/proxyVPWR = 1   
                                           |                                           
Net: EF_AMUX0201_ARRAY1:x3/EF_AMUX21x:x9/d |Net: EF_AMUX0201_ARRAY1:3/EF_AMUX21x:9/dum 
  sky130_fd_sc_hvl__nor2_1/proxy6 = 1      |  sky130_fd_sc_hvl__nor2_1/proxyVPWR = 1   
                                           |                                           
Net: EF_AMUX0201_ARRAY1:x3/EF_AMUX21x:x8/d |Net: EF_AMUX0201_ARRAY1:3/EF_AMUX21x:8/dum 
  sky130_fd_sc_hvl__nor2_1/proxy6 = 1      |  sky130_fd_sc_hvl__nor2_1/proxyVPWR = 1   
                                           |                                           
Net: EF_AMUX0201_ARRAY1:x3/EF_AMUX21x:x5/d |Net: EF_AMUX0201_ARRAY1:3/EF_AMUX21x:5/dum 
  sky130_fd_sc_hvl__nor2_1/proxy6 = 1      |  sky130_fd_sc_hvl__nor2_1/proxyVPWR = 1   
                                           |                                           
Net: EF_AMUX0201_ARRAY1:x3/EF_AMUX21x:x4/d |Net: EF_AMUX0201_ARRAY1:3/EF_AMUX21x:4/dum 
  sky130_fd_sc_hvl__nor2_1/proxy6 = 1      |  sky130_fd_sc_hvl__nor2_1/proxyVPWR = 1   
                                           |                                           
Net: EF_AMUX0201_ARRAY1:x3/EF_AMUX21x:x2/d |Net: EF_AMUX0201_ARRAY1:3/EF_AMUX21x:3/dum 
  sky130_fd_sc_hvl__nor2_1/proxy6 = 1      |  sky130_fd_sc_hvl__nor2_1/proxyVPWR = 1   
                                           |                                           
Net: EF_AMUX0201_ARRAY1:x3/EF_AMUX21x:x3/d |Net: EF_AMUX0201_ARRAY1:3/EF_AMUX21x:1/dum 
  sky130_fd_sc_hvl__nor2_1/proxy6 = 1      |  sky130_fd_sc_hvl__nor2_1/proxyVPWR = 1   
                                           |                                           
Net: EF_AMUX0201_ARRAY1:x3/EF_AMUX21x:x1/d |Net: EF_AMUX0201_ARRAY1:3/EF_AMUX21x:2/dum 
  sky130_fd_sc_hvl__nor2_1/proxy6 = 1      |  sky130_fd_sc_hvl__nor2_1/proxyVPWR = 1   
                                           |                                           
Net: EF_AMUX0201_ARRAY1:x3//EF_AMUX21x_1/d |Net: EF_AMUX0201_ARRAY1:3/EF_AMUX21x:7/dum 
  sky130_fd_sc_hvl__nor2_1/proxy5 = 1      |  sky130_fd_sc_hvl__nor2_1/proxyVPB = 1    
                                           |                                           
Net: EF_AMUX0201_ARRAY1:x3//EF_AMUX21x_0/d |Net: EF_AMUX0201_ARRAY1:3/EF_AMUX21x:6/dum 
  sky130_fd_sc_hvl__nor2_1/proxy5 = 1      |  sky130_fd_sc_hvl__nor2_1/proxyVPB = 1    
                                           |                                           
Net: EF_AMUX0201_ARRAY1:x3/EF_AMUX21x:x12/ |Net: EF_AMUX0201_ARRAY1:3/EF_AMUX21x:12/du 
  sky130_fd_sc_hvl__nor2_1/proxy5 = 1      |  sky130_fd_sc_hvl__nor2_1/proxyVPB = 1    
                                           |                                           
Net: EF_AMUX0201_ARRAY1:x3/EF_AMUX21x:x11/ |Net: EF_AMUX0201_ARRAY1:3/EF_AMUX21x:11/du 
  sky130_fd_sc_hvl__nor2_1/proxy5 = 1      |  sky130_fd_sc_hvl__nor2_1/proxyVPB = 1    
                                           |                                           
Net: EF_AMUX0201_ARRAY1:x3/EF_AMUX21x:x10/ |Net: EF_AMUX0201_ARRAY1:3/EF_AMUX21x:10/du 
  sky130_fd_sc_hvl__nor2_1/proxy5 = 1      |  sky130_fd_sc_hvl__nor2_1/proxyVPB = 1    
                                           |                                           
Net: EF_AMUX0201_ARRAY1:x3/EF_AMUX21x:x9/d |Net: EF_AMUX0201_ARRAY1:3/EF_AMUX21x:9/dum 
  sky130_fd_sc_hvl__nor2_1/proxy5 = 1      |  sky130_fd_sc_hvl__nor2_1/proxyVPB = 1    
                                           |                                           
Net: EF_AMUX0201_ARRAY1:x3/EF_AMUX21x:x8/d |Net: EF_AMUX0201_ARRAY1:3/EF_AMUX21x:8/dum 
  sky130_fd_sc_hvl__nor2_1/proxy5 = 1      |  sky130_fd_sc_hvl__nor2_1/proxyVPB = 1    
                                           |                                           
Net: EF_AMUX0201_ARRAY1:x3/EF_AMUX21x:x5/d |Net: EF_AMUX0201_ARRAY1:3/EF_AMUX21x:5/dum 
  sky130_fd_sc_hvl__nor2_1/proxy5 = 1      |  sky130_fd_sc_hvl__nor2_1/proxyVPB = 1    
                                           |                                           
Net: EF_AMUX0201_ARRAY1:x3/EF_AMUX21x:x4/d |Net: EF_AMUX0201_ARRAY1:3/EF_AMUX21x:4/dum 
  sky130_fd_sc_hvl__nor2_1/proxy5 = 1      |  sky130_fd_sc_hvl__nor2_1/proxyVPB = 1    
                                           |                                           
Net: EF_AMUX0201_ARRAY1:x3/EF_AMUX21x:x2/d |Net: EF_AMUX0201_ARRAY1:3/EF_AMUX21x:3/dum 
  sky130_fd_sc_hvl__nor2_1/proxy5 = 1      |  sky130_fd_sc_hvl__nor2_1/proxyVPB = 1    
                                           |                                           
Net: EF_AMUX0201_ARRAY1:x3/EF_AMUX21x:x3/d |Net: EF_AMUX0201_ARRAY1:3/EF_AMUX21x:1/dum 
  sky130_fd_sc_hvl__nor2_1/proxy5 = 1      |  sky130_fd_sc_hvl__nor2_1/proxyVPB = 1    
                                           |                                           
Net: EF_AMUX0201_ARRAY1:x3/EF_AMUX21x:x1/d |Net: EF_AMUX0201_ARRAY1:3/EF_AMUX21x:2/dum 
  sky130_fd_sc_hvl__nor2_1/proxy5 = 1      |  sky130_fd_sc_hvl__nor2_1/proxyVPB = 1    
                                           |                                           
Net: EF_AMUX0201_ARRAY1:x3//EF_AMUX21x_1/d |Net: EF_AMUX0201_ARRAY1:3/EF_AMUX21x:7/dum 
  sky130_fd_sc_hvl__nor2_1/proxy4 = 1      |  sky130_fd_sc_hvl__nor2_1/proxyVNB = 1    
                                           |                                           
Net: EF_AMUX0201_ARRAY1:x3//EF_AMUX21x_0/d |Net: EF_AMUX0201_ARRAY1:3/EF_AMUX21x:6/dum 
  sky130_fd_sc_hvl__nor2_1/proxy4 = 1      |  sky130_fd_sc_hvl__nor2_1/proxyVNB = 1    
                                           |                                           
Net: EF_AMUX0201_ARRAY1:x3/EF_AMUX21x:x12/ |Net: EF_AMUX0201_ARRAY1:3/EF_AMUX21x:12/du 
  sky130_fd_sc_hvl__nor2_1/proxy4 = 1      |  sky130_fd_sc_hvl__nor2_1/proxyVNB = 1    
                                           |                                           
Net: EF_AMUX0201_ARRAY1:x3/EF_AMUX21x:x11/ |Net: EF_AMUX0201_ARRAY1:3/EF_AMUX21x:11/du 
  sky130_fd_sc_hvl__nor2_1/proxy4 = 1      |  sky130_fd_sc_hvl__nor2_1/proxyVNB = 1    
                                           |                                           
Net: EF_AMUX0201_ARRAY1:x3/EF_AMUX21x:x10/ |Net: EF_AMUX0201_ARRAY1:3/EF_AMUX21x:10/du 
  sky130_fd_sc_hvl__nor2_1/proxy4 = 1      |  sky130_fd_sc_hvl__nor2_1/proxyVNB = 1    
                                           |                                           
Net: EF_AMUX0201_ARRAY1:x3/EF_AMUX21x:x9/d |Net: EF_AMUX0201_ARRAY1:3/EF_AMUX21x:9/dum 
  sky130_fd_sc_hvl__nor2_1/proxy4 = 1      |  sky130_fd_sc_hvl__nor2_1/proxyVNB = 1    
                                           |                                           
Net: EF_AMUX0201_ARRAY1:x3/EF_AMUX21x:x8/d |Net: EF_AMUX0201_ARRAY1:3/EF_AMUX21x:8/dum 
  sky130_fd_sc_hvl__nor2_1/proxy4 = 1      |  sky130_fd_sc_hvl__nor2_1/proxyVNB = 1    
                                           |                                           
Net: EF_AMUX0201_ARRAY1:x3/EF_AMUX21x:x5/d |Net: EF_AMUX0201_ARRAY1:3/EF_AMUX21x:5/dum 
  sky130_fd_sc_hvl__nor2_1/proxy4 = 1      |  sky130_fd_sc_hvl__nor2_1/proxyVNB = 1    
                                           |                                           
Net: EF_AMUX0201_ARRAY1:x3/EF_AMUX21x:x4/d |Net: EF_AMUX0201_ARRAY1:3/EF_AMUX21x:4/dum 
  sky130_fd_sc_hvl__nor2_1/proxy4 = 1      |  sky130_fd_sc_hvl__nor2_1/proxyVNB = 1    
                                           |                                           
Net: EF_AMUX0201_ARRAY1:x3/EF_AMUX21x:x2/d |Net: EF_AMUX0201_ARRAY1:3/EF_AMUX21x:3/dum 
  sky130_fd_sc_hvl__nor2_1/proxy4 = 1      |  sky130_fd_sc_hvl__nor2_1/proxyVNB = 1    
                                           |                                           
Net: EF_AMUX0201_ARRAY1:x3/EF_AMUX21x:x3/d |Net: EF_AMUX0201_ARRAY1:3/EF_AMUX21x:1/dum 
  sky130_fd_sc_hvl__nor2_1/proxy4 = 1      |  sky130_fd_sc_hvl__nor2_1/proxyVNB = 1    
                                           |                                           
Net: EF_AMUX0201_ARRAY1:x3/EF_AMUX21x:x1/d |Net: EF_AMUX0201_ARRAY1:3/EF_AMUX21x:2/dum 
  sky130_fd_sc_hvl__nor2_1/proxy4 = 1      |  sky130_fd_sc_hvl__nor2_1/proxyVNB = 1    
                                           |                                           
Net: EF_AMUX0201_ARRAY1:x3//EF_AMUX21x_1/d |Net: EF_AMUX0201_ARRAY1:3/EF_AMUX21x:7/dum 
  sky130_fd_sc_hvl__nor2_1/proxy3 = 1      |  sky130_fd_sc_hvl__nor2_1/proxyVGND = 1   
                                           |                                           
Net: EF_AMUX0201_ARRAY1:x3//EF_AMUX21x_0/d |Net: EF_AMUX0201_ARRAY1:3/EF_AMUX21x:6/dum 
  sky130_fd_sc_hvl__nor2_1/proxy3 = 1      |  sky130_fd_sc_hvl__nor2_1/proxyVGND = 1   
                                           |                                           
Net: EF_AMUX0201_ARRAY1:x3/EF_AMUX21x:x12/ |Net: EF_AMUX0201_ARRAY1:3/EF_AMUX21x:12/du 
  sky130_fd_sc_hvl__nor2_1/proxy3 = 1      |  sky130_fd_sc_hvl__nor2_1/proxyVGND = 1   
                                           |                                           
Net: EF_AMUX0201_ARRAY1:x3/EF_AMUX21x:x11/ |Net: EF_AMUX0201_ARRAY1:3/EF_AMUX21x:11/du 
  sky130_fd_sc_hvl__nor2_1/proxy3 = 1      |  sky130_fd_sc_hvl__nor2_1/proxyVGND = 1   
                                           |                                           
Net: EF_AMUX0201_ARRAY1:x3/EF_AMUX21x:x10/ |Net: EF_AMUX0201_ARRAY1:3/EF_AMUX21x:10/du 
  sky130_fd_sc_hvl__nor2_1/proxy3 = 1      |  sky130_fd_sc_hvl__nor2_1/proxyVGND = 1   
                                           |                                           
Net: EF_AMUX0201_ARRAY1:x3/EF_AMUX21x:x9/d |Net: EF_AMUX0201_ARRAY1:3/EF_AMUX21x:9/dum 
  sky130_fd_sc_hvl__nor2_1/proxy3 = 1      |  sky130_fd_sc_hvl__nor2_1/proxyVGND = 1   
                                           |                                           
Net: EF_AMUX0201_ARRAY1:x3/EF_AMUX21x:x8/d |Net: EF_AMUX0201_ARRAY1:3/EF_AMUX21x:8/dum 
  sky130_fd_sc_hvl__nor2_1/proxy3 = 1      |  sky130_fd_sc_hvl__nor2_1/proxyVGND = 1   
                                           |                                           
Net: EF_AMUX0201_ARRAY1:x3/EF_AMUX21x:x5/d |Net: EF_AMUX0201_ARRAY1:3/EF_AMUX21x:5/dum 
  sky130_fd_sc_hvl__nor2_1/proxy3 = 1      |  sky130_fd_sc_hvl__nor2_1/proxyVGND = 1   
                                           |                                           
Net: EF_AMUX0201_ARRAY1:x3/EF_AMUX21x:x4/d |Net: EF_AMUX0201_ARRAY1:3/EF_AMUX21x:4/dum 
  sky130_fd_sc_hvl__nor2_1/proxy3 = 1      |  sky130_fd_sc_hvl__nor2_1/proxyVGND = 1   
                                           |                                           
Net: EF_AMUX0201_ARRAY1:x3/EF_AMUX21x:x2/d |Net: EF_AMUX0201_ARRAY1:3/EF_AMUX21x:3/dum 
  sky130_fd_sc_hvl__nor2_1/proxy3 = 1      |  sky130_fd_sc_hvl__nor2_1/proxyVGND = 1   
                                           |                                           
Net: EF_AMUX0201_ARRAY1:x3/EF_AMUX21x:x3/d |Net: EF_AMUX0201_ARRAY1:3/EF_AMUX21x:1/dum 
  sky130_fd_sc_hvl__nor2_1/proxy3 = 1      |  sky130_fd_sc_hvl__nor2_1/proxyVGND = 1   
                                           |                                           
Net: EF_AMUX0201_ARRAY1:x3/EF_AMUX21x:x1/d |Net: EF_AMUX0201_ARRAY1:3/EF_AMUX21x:2/dum 
  sky130_fd_sc_hvl__nor2_1/proxy3 = 1      |  sky130_fd_sc_hvl__nor2_1/proxyVGND = 1   
                                           |                                           
Net: EF_AMUX0201_ARRAY1:x3//EF_AMUX21x_1/d |Net: EF_AMUX0201_ARRAY1:3/EF_AMUX21x:7/dum 
  sky130_fd_sc_hvl__nor2_1/proxy2 = 1      |  sky130_fd_sc_hvl__nor2_1/proxyB = 1      
                                           |                                           
Net: EF_AMUX0201_ARRAY1:x3//EF_AMUX21x_0/d |Net: EF_AMUX0201_ARRAY1:3/EF_AMUX21x:6/dum 
  sky130_fd_sc_hvl__nor2_1/proxy2 = 1      |  sky130_fd_sc_hvl__nor2_1/proxyB = 1      
                                           |                                           
Net: EF_AMUX0201_ARRAY1:x3/EF_AMUX21x:x12/ |Net: EF_AMUX0201_ARRAY1:3/EF_AMUX21x:12/du 
  sky130_fd_sc_hvl__nor2_1/proxy2 = 1      |  sky130_fd_sc_hvl__nor2_1/proxyB = 1      
                                           |                                           
Net: EF_AMUX0201_ARRAY1:x3/EF_AMUX21x:x11/ |Net: EF_AMUX0201_ARRAY1:3/EF_AMUX21x:11/du 
  sky130_fd_sc_hvl__nor2_1/proxy2 = 1      |  sky130_fd_sc_hvl__nor2_1/proxyB = 1      
                                           |                                           
Net: EF_AMUX0201_ARRAY1:x3/EF_AMUX21x:x10/ |Net: EF_AMUX0201_ARRAY1:3/EF_AMUX21x:10/du 
  sky130_fd_sc_hvl__nor2_1/proxy2 = 1      |  sky130_fd_sc_hvl__nor2_1/proxyB = 1      
                                           |                                           
Net: EF_AMUX0201_ARRAY1:x3/EF_AMUX21x:x9/d |Net: EF_AMUX0201_ARRAY1:3/EF_AMUX21x:9/dum 
  sky130_fd_sc_hvl__nor2_1/proxy2 = 1      |  sky130_fd_sc_hvl__nor2_1/proxyB = 1      
                                           |                                           
Net: EF_AMUX0201_ARRAY1:x3/EF_AMUX21x:x8/d |Net: EF_AMUX0201_ARRAY1:3/EF_AMUX21x:8/dum 
  sky130_fd_sc_hvl__nor2_1/proxy2 = 1      |  sky130_fd_sc_hvl__nor2_1/proxyB = 1      
                                           |                                           
Net: EF_AMUX0201_ARRAY1:x3/EF_AMUX21x:x5/d |Net: EF_AMUX0201_ARRAY1:3/EF_AMUX21x:5/dum 
  sky130_fd_sc_hvl__nor2_1/proxy2 = 1      |  sky130_fd_sc_hvl__nor2_1/proxyB = 1      
                                           |                                           
Net: EF_AMUX0201_ARRAY1:x3/EF_AMUX21x:x4/d |Net: EF_AMUX0201_ARRAY1:3/EF_AMUX21x:4/dum 
  sky130_fd_sc_hvl__nor2_1/proxy2 = 1      |  sky130_fd_sc_hvl__nor2_1/proxyB = 1      
                                           |                                           
Net: EF_AMUX0201_ARRAY1:x3/EF_AMUX21x:x2/d |Net: EF_AMUX0201_ARRAY1:3/EF_AMUX21x:3/dum 
  sky130_fd_sc_hvl__nor2_1/proxy2 = 1      |  sky130_fd_sc_hvl__nor2_1/proxyB = 1      
                                           |                                           
Net: EF_AMUX0201_ARRAY1:x3/EF_AMUX21x:x3/d |Net: EF_AMUX0201_ARRAY1:3/EF_AMUX21x:1/dum 
  sky130_fd_sc_hvl__nor2_1/proxy2 = 1      |  sky130_fd_sc_hvl__nor2_1/proxyB = 1      
                                           |                                           
Net: EF_AMUX0201_ARRAY1:x3/EF_AMUX21x:x1/d |Net: EF_AMUX0201_ARRAY1:3/EF_AMUX21x:2/dum 
  sky130_fd_sc_hvl__nor2_1/proxy2 = 1      |  sky130_fd_sc_hvl__nor2_1/proxyB = 1      
                                           |                                           
Net: EF_AMUX0201_ARRAY1:x3//EF_AMUX21x_1/d |Net: EF_AMUX0201_ARRAY1:3/EF_AMUX21x:7/dum 
  sky130_fd_sc_hvl__nor2_1/proxy1 = 1      |  sky130_fd_sc_hvl__nor2_1/proxyA = 1      
                                           |                                           
Net: EF_AMUX0201_ARRAY1:x3//EF_AMUX21x_0/d |Net: EF_AMUX0201_ARRAY1:3/EF_AMUX21x:6/dum 
  sky130_fd_sc_hvl__nor2_1/proxy1 = 1      |  sky130_fd_sc_hvl__nor2_1/proxyA = 1      
                                           |                                           
Net: EF_AMUX0201_ARRAY1:x3/EF_AMUX21x:x12/ |Net: EF_AMUX0201_ARRAY1:3/EF_AMUX21x:12/du 
  sky130_fd_sc_hvl__nor2_1/proxy1 = 1      |  sky130_fd_sc_hvl__nor2_1/proxyA = 1      
                                           |                                           
Net: EF_AMUX0201_ARRAY1:x3/EF_AMUX21x:x11/ |Net: EF_AMUX0201_ARRAY1:3/EF_AMUX21x:11/du 
  sky130_fd_sc_hvl__nor2_1/proxy1 = 1      |  sky130_fd_sc_hvl__nor2_1/proxyA = 1      
                                           |                                           
Net: EF_AMUX0201_ARRAY1:x3/EF_AMUX21x:x10/ |Net: EF_AMUX0201_ARRAY1:3/EF_AMUX21x:10/du 
  sky130_fd_sc_hvl__nor2_1/proxy1 = 1      |  sky130_fd_sc_hvl__nor2_1/proxyA = 1      
                                           |                                           
Net: EF_AMUX0201_ARRAY1:x3/EF_AMUX21x:x9/d |Net: EF_AMUX0201_ARRAY1:3/EF_AMUX21x:9/dum 
  sky130_fd_sc_hvl__nor2_1/proxy1 = 1      |  sky130_fd_sc_hvl__nor2_1/proxyA = 1      
                                           |                                           
Net: EF_AMUX0201_ARRAY1:x3/EF_AMUX21x:x8/d |Net: EF_AMUX0201_ARRAY1:3/EF_AMUX21x:8/dum 
  sky130_fd_sc_hvl__nor2_1/proxy1 = 1      |  sky130_fd_sc_hvl__nor2_1/proxyA = 1      
                                           |                                           
Net: EF_AMUX0201_ARRAY1:x3/EF_AMUX21x:x5/d |Net: EF_AMUX0201_ARRAY1:3/EF_AMUX21x:5/dum 
  sky130_fd_sc_hvl__nor2_1/proxy1 = 1      |  sky130_fd_sc_hvl__nor2_1/proxyA = 1      
                                           |                                           
Net: EF_AMUX0201_ARRAY1:x3/EF_AMUX21x:x4/d |Net: EF_AMUX0201_ARRAY1:3/EF_AMUX21x:4/dum 
  sky130_fd_sc_hvl__nor2_1/proxy1 = 1      |  sky130_fd_sc_hvl__nor2_1/proxyA = 1      
                                           |                                           
Net: EF_AMUX0201_ARRAY1:x3/EF_AMUX21x:x2/d |Net: EF_AMUX0201_ARRAY1:3/EF_AMUX21x:3/dum 
  sky130_fd_sc_hvl__nor2_1/proxy1 = 1      |  sky130_fd_sc_hvl__nor2_1/proxyA = 1      
                                           |                                           
Net: EF_AMUX0201_ARRAY1:x3/EF_AMUX21x:x3/d |Net: EF_AMUX0201_ARRAY1:3/EF_AMUX21x:1/dum 
  sky130_fd_sc_hvl__nor2_1/proxy1 = 1      |  sky130_fd_sc_hvl__nor2_1/proxyA = 1      
                                           |                                           
Net: EF_AMUX0201_ARRAY1:x3/EF_AMUX21x:x1/d |Net: EF_AMUX0201_ARRAY1:3/EF_AMUX21x:2/dum 
  sky130_fd_sc_hvl__nor2_1/proxy1 = 1      |  sky130_fd_sc_hvl__nor2_1/proxyA = 1      
                                           |                                           
Net: EF_AMUX0201_ARRAY1:x3//EF_AMUX21x_1/d |Net: EF_AMUX0201_ARRAY1:3/EF_AMUX21x:7/dum 
  sky130_fd_sc_hvl__nor2_1/proxy7 = 1      |  sky130_fd_sc_hvl__nor2_1/proxyY = 1      
                                           |                                           
Net: EF_AMUX0201_ARRAY1:x3//EF_AMUX21x_0/d |Net: EF_AMUX0201_ARRAY1:3/EF_AMUX21x:6/dum 
  sky130_fd_sc_hvl__nor2_1/proxy7 = 1      |  sky130_fd_sc_hvl__nor2_1/proxyY = 1      
                                           |                                           
Net: EF_AMUX0201_ARRAY1:x3/EF_AMUX21x:x12/ |Net: EF_AMUX0201_ARRAY1:3/EF_AMUX21x:12/du 
  sky130_fd_sc_hvl__nor2_1/proxy7 = 1      |  sky130_fd_sc_hvl__nor2_1/proxyY = 1      
                                           |                                           
Net: EF_AMUX0201_ARRAY1:x3/EF_AMUX21x:x11/ |Net: EF_AMUX0201_ARRAY1:3/EF_AMUX21x:11/du 
  sky130_fd_sc_hvl__nor2_1/proxy7 = 1      |  sky130_fd_sc_hvl__nor2_1/proxyY = 1      
                                           |                                           
Net: EF_AMUX0201_ARRAY1:x3/EF_AMUX21x:x10/ |Net: EF_AMUX0201_ARRAY1:3/EF_AMUX21x:10/du 
  sky130_fd_sc_hvl__nor2_1/proxy7 = 1      |  sky130_fd_sc_hvl__nor2_1/proxyY = 1      
                                           |                                           
Net: EF_AMUX0201_ARRAY1:x3/EF_AMUX21x:x9/d |Net: EF_AMUX0201_ARRAY1:3/EF_AMUX21x:9/dum 
  sky130_fd_sc_hvl__nor2_1/proxy7 = 1      |  sky130_fd_sc_hvl__nor2_1/proxyY = 1      
                                           |                                           
Net: EF_AMUX0201_ARRAY1:x3/EF_AMUX21x:x8/d |Net: EF_AMUX0201_ARRAY1:3/EF_AMUX21x:8/dum 
  sky130_fd_sc_hvl__nor2_1/proxy7 = 1      |  sky130_fd_sc_hvl__nor2_1/proxyY = 1      
                                           |                                           
Net: EF_AMUX0201_ARRAY1:x3/EF_AMUX21x:x5/d |Net: EF_AMUX0201_ARRAY1:3/EF_AMUX21x:5/dum 
  sky130_fd_sc_hvl__nor2_1/proxy7 = 1      |  sky130_fd_sc_hvl__nor2_1/proxyY = 1      
                                           |                                           
Net: EF_AMUX0201_ARRAY1:x3/EF_AMUX21x:x4/d |Net: EF_AMUX0201_ARRAY1:3/EF_AMUX21x:4/dum 
  sky130_fd_sc_hvl__nor2_1/proxy7 = 1      |  sky130_fd_sc_hvl__nor2_1/proxyY = 1      
                                           |                                           
Net: EF_AMUX0201_ARRAY1:x3/EF_AMUX21x:x2/d |Net: EF_AMUX0201_ARRAY1:3/EF_AMUX21x:3/dum 
  sky130_fd_sc_hvl__nor2_1/proxy7 = 1      |  sky130_fd_sc_hvl__nor2_1/proxyY = 1      
                                           |                                           
Net: EF_AMUX0201_ARRAY1:x3/EF_AMUX21x:x3/d |Net: EF_AMUX0201_ARRAY1:3/EF_AMUX21x:1/dum 
  sky130_fd_sc_hvl__nor2_1/proxy7 = 1      |  sky130_fd_sc_hvl__nor2_1/proxyY = 1      
                                           |                                           
Net: EF_AMUX0201_ARRAY1:x3/EF_AMUX21x:x1/d |Net: EF_AMUX0201_ARRAY1:3/EF_AMUX21x:2/dum 
  sky130_fd_sc_hvl__nor2_1/proxy7 = 1      |  sky130_fd_sc_hvl__nor2_1/proxyY = 1      
                                           |                                           
Net: EF_AMUX0201_ARRAY1:x3//EF_AMUX21x_1/d |Net: EF_AMUX0201_ARRAY1:3/EF_AMUX21x:7/dum 
  sky130_fd_sc_hvl__nor2_1/proxy6 = 1      |  sky130_fd_sc_hvl__nor2_1/proxyVPWR = 1   
                                           |                                           
Net: EF_AMUX0201_ARRAY1:x3//EF_AMUX21x_0/d |Net: EF_AMUX0201_ARRAY1:3/EF_AMUX21x:6/dum 
  sky130_fd_sc_hvl__nor2_1/proxy6 = 1      |  sky130_fd_sc_hvl__nor2_1/proxyVPWR = 1   
                                           |                                           
Net: EF_AMUX0201_ARRAY1:x3/EF_AMUX21x:x12/ |Net: EF_AMUX0201_ARRAY1:3/EF_AMUX21x:12/du 
  sky130_fd_sc_hvl__nor2_1/proxy6 = 1      |  sky130_fd_sc_hvl__nor2_1/proxyVPWR = 1   
                                           |                                           
Net: EF_AMUX0201_ARRAY1:x3/EF_AMUX21x:x11/ |Net: EF_AMUX0201_ARRAY1:3/EF_AMUX21x:11/du 
  sky130_fd_sc_hvl__nor2_1/proxy6 = 1      |  sky130_fd_sc_hvl__nor2_1/proxyVPWR = 1   
                                           |                                           
Net: EF_AMUX0201_ARRAY1:x3/EF_AMUX21x:x10/ |Net: EF_AMUX0201_ARRAY1:3/EF_AMUX21x:10/du 
  sky130_fd_sc_hvl__nor2_1/proxy6 = 1      |  sky130_fd_sc_hvl__nor2_1/proxyVPWR = 1   
                                           |                                           
Net: EF_AMUX0201_ARRAY1:x3/EF_AMUX21x:x9/d |Net: EF_AMUX0201_ARRAY1:3/EF_AMUX21x:9/dum 
  sky130_fd_sc_hvl__nor2_1/proxy6 = 1      |  sky130_fd_sc_hvl__nor2_1/proxyVPWR = 1   
                                           |                                           
Net: EF_AMUX0201_ARRAY1:x3/EF_AMUX21x:x8/d |Net: EF_AMUX0201_ARRAY1:3/EF_AMUX21x:8/dum 
  sky130_fd_sc_hvl__nor2_1/proxy6 = 1      |  sky130_fd_sc_hvl__nor2_1/proxyVPWR = 1   
                                           |                                           
Net: EF_AMUX0201_ARRAY1:x3/EF_AMUX21x:x5/d |Net: EF_AMUX0201_ARRAY1:3/EF_AMUX21x:5/dum 
  sky130_fd_sc_hvl__nor2_1/proxy6 = 1      |  sky130_fd_sc_hvl__nor2_1/proxyVPWR = 1   
                                           |                                           
Net: EF_AMUX0201_ARRAY1:x3/EF_AMUX21x:x4/d |Net: EF_AMUX0201_ARRAY1:3/EF_AMUX21x:4/dum 
  sky130_fd_sc_hvl__nor2_1/proxy6 = 1      |  sky130_fd_sc_hvl__nor2_1/proxyVPWR = 1   
                                           |                                           
Net: EF_AMUX0201_ARRAY1:x3/EF_AMUX21x:x2/d |Net: EF_AMUX0201_ARRAY1:3/EF_AMUX21x:3/dum 
  sky130_fd_sc_hvl__nor2_1/proxy6 = 1      |  sky130_fd_sc_hvl__nor2_1/proxyVPWR = 1   
                                           |                                           
Net: EF_AMUX0201_ARRAY1:x3/EF_AMUX21x:x3/d |Net: EF_AMUX0201_ARRAY1:3/EF_AMUX21x:1/dum 
  sky130_fd_sc_hvl__nor2_1/proxy6 = 1      |  sky130_fd_sc_hvl__nor2_1/proxyVPWR = 1   
                                           |                                           
Net: EF_AMUX0201_ARRAY1:x3/EF_AMUX21x:x1/d |Net: EF_AMUX0201_ARRAY1:3/EF_AMUX21x:2/dum 
  sky130_fd_sc_hvl__nor2_1/proxy6 = 1      |  sky130_fd_sc_hvl__nor2_1/proxyVPWR = 1   
                                           |                                           
Net: EF_AMUX0201_ARRAY1:x3//EF_AMUX21x_1/d |Net: EF_AMUX0201_ARRAY1:3/EF_AMUX21x:7/dum 
  sky130_fd_sc_hvl__nor2_1/proxy5 = 1      |  sky130_fd_sc_hvl__nor2_1/proxyVPB = 1    
                                           |                                           
Net: EF_AMUX0201_ARRAY1:x3//EF_AMUX21x_0/d |Net: EF_AMUX0201_ARRAY1:3/EF_AMUX21x:6/dum 
  sky130_fd_sc_hvl__nor2_1/proxy5 = 1      |  sky130_fd_sc_hvl__nor2_1/proxyVPB = 1    
                                           |                                           
Net: EF_AMUX0201_ARRAY1:x3/EF_AMUX21x:x12/ |Net: EF_AMUX0201_ARRAY1:3/EF_AMUX21x:12/du 
  sky130_fd_sc_hvl__nor2_1/proxy5 = 1      |  sky130_fd_sc_hvl__nor2_1/proxyVPB = 1    
                                           |                                           
Net: EF_AMUX0201_ARRAY1:x3/EF_AMUX21x:x11/ |Net: EF_AMUX0201_ARRAY1:3/EF_AMUX21x:11/du 
  sky130_fd_sc_hvl__nor2_1/proxy5 = 1      |  sky130_fd_sc_hvl__nor2_1/proxyVPB = 1    
                                           |                                           
Net: EF_AMUX0201_ARRAY1:x3/EF_AMUX21x:x10/ |Net: EF_AMUX0201_ARRAY1:3/EF_AMUX21x:10/du 
  sky130_fd_sc_hvl__nor2_1/proxy5 = 1      |  sky130_fd_sc_hvl__nor2_1/proxyVPB = 1    
                                           |                                           
Net: EF_AMUX0201_ARRAY1:x3/EF_AMUX21x:x9/d |Net: EF_AMUX0201_ARRAY1:3/EF_AMUX21x:9/dum 
  sky130_fd_sc_hvl__nor2_1/proxy5 = 1      |  sky130_fd_sc_hvl__nor2_1/proxyVPB = 1    
                                           |                                           
Net: EF_AMUX0201_ARRAY1:x3/EF_AMUX21x:x8/d |Net: EF_AMUX0201_ARRAY1:3/EF_AMUX21x:8/dum 
  sky130_fd_sc_hvl__nor2_1/proxy5 = 1      |  sky130_fd_sc_hvl__nor2_1/proxyVPB = 1    
                                           |                                           
Net: EF_AMUX0201_ARRAY1:x3/EF_AMUX21x:x5/d |Net: EF_AMUX0201_ARRAY1:3/EF_AMUX21x:5/dum 
  sky130_fd_sc_hvl__nor2_1/proxy5 = 1      |  sky130_fd_sc_hvl__nor2_1/proxyVPB = 1    
                                           |                                           
Net: EF_AMUX0201_ARRAY1:x3/EF_AMUX21x:x4/d |Net: EF_AMUX0201_ARRAY1:3/EF_AMUX21x:4/dum 
  sky130_fd_sc_hvl__nor2_1/proxy5 = 1      |  sky130_fd_sc_hvl__nor2_1/proxyVPB = 1    
                                           |                                           
Net: EF_AMUX0201_ARRAY1:x3/EF_AMUX21x:x2/d |Net: EF_AMUX0201_ARRAY1:3/EF_AMUX21x:3/dum 
  sky130_fd_sc_hvl__nor2_1/proxy5 = 1      |  sky130_fd_sc_hvl__nor2_1/proxyVPB = 1    
                                           |                                           
Net: EF_AMUX0201_ARRAY1:x3/EF_AMUX21x:x3/d |Net: EF_AMUX0201_ARRAY1:3/EF_AMUX21x:1/dum 
  sky130_fd_sc_hvl__nor2_1/proxy5 = 1      |  sky130_fd_sc_hvl__nor2_1/proxyVPB = 1    
                                           |                                           
Net: EF_AMUX0201_ARRAY1:x3/EF_AMUX21x:x1/d |Net: EF_AMUX0201_ARRAY1:3/EF_AMUX21x:2/dum 
  sky130_fd_sc_hvl__nor2_1/proxy5 = 1      |  sky130_fd_sc_hvl__nor2_1/proxyVPB = 1    
                                           |                                           
Net: EF_AMUX0201_ARRAY1:x3//EF_AMUX21x_1/d |Net: EF_AMUX0201_ARRAY1:3/EF_AMUX21x:7/dum 
  sky130_fd_sc_hvl__nor2_1/proxy4 = 1      |  sky130_fd_sc_hvl__nor2_1/proxyVNB = 1    
                                           |                                           
Net: EF_AMUX0201_ARRAY1:x3//EF_AMUX21x_0/d |Net: EF_AMUX0201_ARRAY1:3/EF_AMUX21x:6/dum 
  sky130_fd_sc_hvl__nor2_1/proxy4 = 1      |  sky130_fd_sc_hvl__nor2_1/proxyVNB = 1    
                                           |                                           
Net: EF_AMUX0201_ARRAY1:x3/EF_AMUX21x:x12/ |Net: EF_AMUX0201_ARRAY1:3/EF_AMUX21x:12/du 
  sky130_fd_sc_hvl__nor2_1/proxy4 = 1      |  sky130_fd_sc_hvl__nor2_1/proxyVNB = 1    
                                           |                                           
Net: EF_AMUX0201_ARRAY1:x3/EF_AMUX21x:x11/ |Net: EF_AMUX0201_ARRAY1:3/EF_AMUX21x:11/du 
  sky130_fd_sc_hvl__nor2_1/proxy4 = 1      |  sky130_fd_sc_hvl__nor2_1/proxyVNB = 1    
                                           |                                           
Net: EF_AMUX0201_ARRAY1:x3/EF_AMUX21x:x10/ |Net: EF_AMUX0201_ARRAY1:3/EF_AMUX21x:10/du 
  sky130_fd_sc_hvl__nor2_1/proxy4 = 1      |  sky130_fd_sc_hvl__nor2_1/proxyVNB = 1    
                                           |                                           
Net: EF_AMUX0201_ARRAY1:x3/EF_AMUX21x:x9/d |Net: EF_AMUX0201_ARRAY1:3/EF_AMUX21x:9/dum 
  sky130_fd_sc_hvl__nor2_1/proxy4 = 1      |  sky130_fd_sc_hvl__nor2_1/proxyVNB = 1    
                                           |                                           
Net: EF_AMUX0201_ARRAY1:x3/EF_AMUX21x:x8/d |Net: EF_AMUX0201_ARRAY1:3/EF_AMUX21x:8/dum 
  sky130_fd_sc_hvl__nor2_1/proxy4 = 1      |  sky130_fd_sc_hvl__nor2_1/proxyVNB = 1    
                                           |                                           
Net: EF_AMUX0201_ARRAY1:x3/EF_AMUX21x:x5/d |Net: EF_AMUX0201_ARRAY1:3/EF_AMUX21x:5/dum 
  sky130_fd_sc_hvl__nor2_1/proxy4 = 1      |  sky130_fd_sc_hvl__nor2_1/proxyVNB = 1    
                                           |                                           
Net: EF_AMUX0201_ARRAY1:x3/EF_AMUX21x:x4/d |Net: EF_AMUX0201_ARRAY1:3/EF_AMUX21x:4/dum 
  sky130_fd_sc_hvl__nor2_1/proxy4 = 1      |  sky130_fd_sc_hvl__nor2_1/proxyVNB = 1    
                                           |                                           
Net: EF_AMUX0201_ARRAY1:x3/EF_AMUX21x:x2/d |Net: EF_AMUX0201_ARRAY1:3/EF_AMUX21x:3/dum 
  sky130_fd_sc_hvl__nor2_1/proxy4 = 1      |  sky130_fd_sc_hvl__nor2_1/proxyVNB = 1    
                                           |                                           
Net: EF_AMUX0201_ARRAY1:x3/EF_AMUX21x:x3/d |Net: EF_AMUX0201_ARRAY1:3/EF_AMUX21x:1/dum 
  sky130_fd_sc_hvl__nor2_1/proxy4 = 1      |  sky130_fd_sc_hvl__nor2_1/proxyVNB = 1    
                                           |                                           
Net: EF_AMUX0201_ARRAY1:x3/EF_AMUX21x:x1/d |Net: EF_AMUX0201_ARRAY1:3/EF_AMUX21x:2/dum 
  sky130_fd_sc_hvl__nor2_1/proxy4 = 1      |  sky130_fd_sc_hvl__nor2_1/proxyVNB = 1    
                                           |                                           
Net: EF_AMUX0201_ARRAY1:x3//EF_AMUX21x_1/d |Net: EF_AMUX0201_ARRAY1:3/EF_AMUX21x:7/dum 
  sky130_fd_sc_hvl__nor2_1/proxy3 = 1      |  sky130_fd_sc_hvl__nor2_1/proxyVGND = 1   
                                           |                                           
Net: EF_AMUX0201_ARRAY1:x3//EF_AMUX21x_0/d |Net: EF_AMUX0201_ARRAY1:3/EF_AMUX21x:6/dum 
  sky130_fd_sc_hvl__nor2_1/proxy3 = 1      |  sky130_fd_sc_hvl__nor2_1/proxyVGND = 1   
                                           |                                           
Net: EF_AMUX0201_ARRAY1:x3/EF_AMUX21x:x12/ |Net: EF_AMUX0201_ARRAY1:3/EF_AMUX21x:12/du 
  sky130_fd_sc_hvl__nor2_1/proxy3 = 1      |  sky130_fd_sc_hvl__nor2_1/proxyVGND = 1   
                                           |                                           
Net: EF_AMUX0201_ARRAY1:x3/EF_AMUX21x:x11/ |Net: EF_AMUX0201_ARRAY1:3/EF_AMUX21x:11/du 
  sky130_fd_sc_hvl__nor2_1/proxy3 = 1      |  sky130_fd_sc_hvl__nor2_1/proxyVGND = 1   
                                           |                                           
Net: EF_AMUX0201_ARRAY1:x3/EF_AMUX21x:x10/ |Net: EF_AMUX0201_ARRAY1:3/EF_AMUX21x:10/du 
  sky130_fd_sc_hvl__nor2_1/proxy3 = 1      |  sky130_fd_sc_hvl__nor2_1/proxyVGND = 1   
                                           |                                           
Net: EF_AMUX0201_ARRAY1:x3/EF_AMUX21x:x9/d |Net: EF_AMUX0201_ARRAY1:3/EF_AMUX21x:9/dum 
  sky130_fd_sc_hvl__nor2_1/proxy3 = 1      |  sky130_fd_sc_hvl__nor2_1/proxyVGND = 1   
                                           |                                           
Net: EF_AMUX0201_ARRAY1:x3/EF_AMUX21x:x8/d |Net: EF_AMUX0201_ARRAY1:3/EF_AMUX21x:8/dum 
  sky130_fd_sc_hvl__nor2_1/proxy3 = 1      |  sky130_fd_sc_hvl__nor2_1/proxyVGND = 1   
                                           |                                           
Net: EF_AMUX0201_ARRAY1:x3/EF_AMUX21x:x5/d |Net: EF_AMUX0201_ARRAY1:3/EF_AMUX21x:5/dum 
  sky130_fd_sc_hvl__nor2_1/proxy3 = 1      |  sky130_fd_sc_hvl__nor2_1/proxyVGND = 1   
                                           |                                           
Net: EF_AMUX0201_ARRAY1:x3/EF_AMUX21x:x4/d |Net: EF_AMUX0201_ARRAY1:3/EF_AMUX21x:4/dum 
  sky130_fd_sc_hvl__nor2_1/proxy3 = 1      |  sky130_fd_sc_hvl__nor2_1/proxyVGND = 1   
                                           |                                           
Net: EF_AMUX0201_ARRAY1:x3/EF_AMUX21x:x2/d |Net: EF_AMUX0201_ARRAY1:3/EF_AMUX21x:3/dum 
  sky130_fd_sc_hvl__nor2_1/proxy3 = 1      |  sky130_fd_sc_hvl__nor2_1/proxyVGND = 1   
                                           |                                           
Net: EF_AMUX0201_ARRAY1:x3/EF_AMUX21x:x3/d |Net: EF_AMUX0201_ARRAY1:3/EF_AMUX21x:1/dum 
  sky130_fd_sc_hvl__nor2_1/proxy3 = 1      |  sky130_fd_sc_hvl__nor2_1/proxyVGND = 1   
                                           |                                           
Net: EF_AMUX0201_ARRAY1:x3/EF_AMUX21x:x1/d |Net: EF_AMUX0201_ARRAY1:3/EF_AMUX21x:2/dum 
  sky130_fd_sc_hvl__nor2_1/proxy3 = 1      |  sky130_fd_sc_hvl__nor2_1/proxyVGND = 1   
                                           |                                           
Net: EF_AMUX0201_ARRAY1:x3//EF_AMUX21x_1/d |Net: EF_AMUX0201_ARRAY1:3/EF_AMUX21x:7/dum 
  sky130_fd_sc_hvl__nor2_1/proxy2 = 1      |  sky130_fd_sc_hvl__nor2_1/proxyB = 1      
                                           |                                           
Net: EF_AMUX0201_ARRAY1:x3//EF_AMUX21x_0/d |Net: EF_AMUX0201_ARRAY1:3/EF_AMUX21x:6/dum 
  sky130_fd_sc_hvl__nor2_1/proxy2 = 1      |  sky130_fd_sc_hvl__nor2_1/proxyB = 1      
                                           |                                           
Net: EF_AMUX0201_ARRAY1:x3/EF_AMUX21x:x12/ |Net: EF_AMUX0201_ARRAY1:3/EF_AMUX21x:12/du 
  sky130_fd_sc_hvl__nor2_1/proxy2 = 1      |  sky130_fd_sc_hvl__nor2_1/proxyB = 1      
                                           |                                           
Net: EF_AMUX0201_ARRAY1:x3/EF_AMUX21x:x11/ |Net: EF_AMUX0201_ARRAY1:3/EF_AMUX21x:11/du 
  sky130_fd_sc_hvl__nor2_1/proxy2 = 1      |  sky130_fd_sc_hvl__nor2_1/proxyB = 1      
                                           |                                           
Net: EF_AMUX0201_ARRAY1:x3/EF_AMUX21x:x10/ |Net: EF_AMUX0201_ARRAY1:3/EF_AMUX21x:10/du 
  sky130_fd_sc_hvl__nor2_1/proxy2 = 1      |  sky130_fd_sc_hvl__nor2_1/proxyB = 1      
                                           |                                           
Net: EF_AMUX0201_ARRAY1:x3/EF_AMUX21x:x9/d |Net: EF_AMUX0201_ARRAY1:3/EF_AMUX21x:9/dum 
  sky130_fd_sc_hvl__nor2_1/proxy2 = 1      |  sky130_fd_sc_hvl__nor2_1/proxyB = 1      
                                           |                                           
Net: EF_AMUX0201_ARRAY1:x3/EF_AMUX21x:x8/d |Net: EF_AMUX0201_ARRAY1:3/EF_AMUX21x:8/dum 
  sky130_fd_sc_hvl__nor2_1/proxy2 = 1      |  sky130_fd_sc_hvl__nor2_1/proxyB = 1      
                                           |                                           
Net: EF_AMUX0201_ARRAY1:x3/EF_AMUX21x:x5/d |Net: EF_AMUX0201_ARRAY1:3/EF_AMUX21x:5/dum 
  sky130_fd_sc_hvl__nor2_1/proxy2 = 1      |  sky130_fd_sc_hvl__nor2_1/proxyB = 1      
                                           |                                           
Net: EF_AMUX0201_ARRAY1:x3/EF_AMUX21x:x4/d |Net: EF_AMUX0201_ARRAY1:3/EF_AMUX21x:4/dum 
  sky130_fd_sc_hvl__nor2_1/proxy2 = 1      |  sky130_fd_sc_hvl__nor2_1/proxyB = 1      
                                           |                                           
Net: EF_AMUX0201_ARRAY1:x3/EF_AMUX21x:x2/d |Net: EF_AMUX0201_ARRAY1:3/EF_AMUX21x:3/dum 
  sky130_fd_sc_hvl__nor2_1/proxy2 = 1      |  sky130_fd_sc_hvl__nor2_1/proxyB = 1      
                                           |                                           
Net: EF_AMUX0201_ARRAY1:x3/EF_AMUX21x:x3/d |Net: EF_AMUX0201_ARRAY1:3/EF_AMUX21x:1/dum 
  sky130_fd_sc_hvl__nor2_1/proxy2 = 1      |  sky130_fd_sc_hvl__nor2_1/proxyB = 1      
                                           |                                           
Net: EF_AMUX0201_ARRAY1:x3/EF_AMUX21x:x1/d |Net: EF_AMUX0201_ARRAY1:3/EF_AMUX21x:2/dum 
  sky130_fd_sc_hvl__nor2_1/proxy2 = 1      |  sky130_fd_sc_hvl__nor2_1/proxyB = 1      
                                           |                                           
Net: EF_AMUX0201_ARRAY1:x3//EF_AMUX21x_1/d |Net: EF_AMUX0201_ARRAY1:3/EF_AMUX21x:7/dum 
  sky130_fd_sc_hvl__nor2_1/proxy1 = 1      |  sky130_fd_sc_hvl__nor2_1/proxyA = 1      
                                           |                                           
Net: EF_AMUX0201_ARRAY1:x3//EF_AMUX21x_0/d |Net: EF_AMUX0201_ARRAY1:3/EF_AMUX21x:6/dum 
  sky130_fd_sc_hvl__nor2_1/proxy1 = 1      |  sky130_fd_sc_hvl__nor2_1/proxyA = 1      
                                           |                                           
Net: EF_AMUX0201_ARRAY1:x3/EF_AMUX21x:x12/ |Net: EF_AMUX0201_ARRAY1:3/EF_AMUX21x:12/du 
  sky130_fd_sc_hvl__nor2_1/proxy1 = 1      |  sky130_fd_sc_hvl__nor2_1/proxyA = 1      
                                           |                                           
Net: EF_AMUX0201_ARRAY1:x3/EF_AMUX21x:x11/ |Net: EF_AMUX0201_ARRAY1:3/EF_AMUX21x:11/du 
  sky130_fd_sc_hvl__nor2_1/proxy1 = 1      |  sky130_fd_sc_hvl__nor2_1/proxyA = 1      
                                           |                                           
Net: EF_AMUX0201_ARRAY1:x3/EF_AMUX21x:x10/ |Net: EF_AMUX0201_ARRAY1:3/EF_AMUX21x:10/du 
  sky130_fd_sc_hvl__nor2_1/proxy1 = 1      |  sky130_fd_sc_hvl__nor2_1/proxyA = 1      
                                           |                                           
Net: EF_AMUX0201_ARRAY1:x3/EF_AMUX21x:x9/d |Net: EF_AMUX0201_ARRAY1:3/EF_AMUX21x:9/dum 
  sky130_fd_sc_hvl__nor2_1/proxy1 = 1      |  sky130_fd_sc_hvl__nor2_1/proxyA = 1      
                                           |                                           
Net: EF_AMUX0201_ARRAY1:x3/EF_AMUX21x:x8/d |Net: EF_AMUX0201_ARRAY1:3/EF_AMUX21x:8/dum 
  sky130_fd_sc_hvl__nor2_1/proxy1 = 1      |  sky130_fd_sc_hvl__nor2_1/proxyA = 1      
                                           |                                           
Net: EF_AMUX0201_ARRAY1:x3/EF_AMUX21x:x5/d |Net: EF_AMUX0201_ARRAY1:3/EF_AMUX21x:5/dum 
  sky130_fd_sc_hvl__nor2_1/proxy1 = 1      |  sky130_fd_sc_hvl__nor2_1/proxyA = 1      
                                           |                                           
Net: EF_AMUX0201_ARRAY1:x3/EF_AMUX21x:x4/d |Net: EF_AMUX0201_ARRAY1:3/EF_AMUX21x:4/dum 
  sky130_fd_sc_hvl__nor2_1/proxy1 = 1      |  sky130_fd_sc_hvl__nor2_1/proxyA = 1      
                                           |                                           
Net: EF_AMUX0201_ARRAY1:x3/EF_AMUX21x:x2/d |Net: EF_AMUX0201_ARRAY1:3/EF_AMUX21x:3/dum 
  sky130_fd_sc_hvl__nor2_1/proxy1 = 1      |  sky130_fd_sc_hvl__nor2_1/proxyA = 1      
                                           |                                           
Net: EF_AMUX0201_ARRAY1:x3/EF_AMUX21x:x3/d |Net: EF_AMUX0201_ARRAY1:3/EF_AMUX21x:1/dum 
  sky130_fd_sc_hvl__nor2_1/proxy1 = 1      |  sky130_fd_sc_hvl__nor2_1/proxyA = 1      
                                           |                                           
Net: EF_AMUX0201_ARRAY1:x3/EF_AMUX21x:x1/d |Net: EF_AMUX0201_ARRAY1:3/EF_AMUX21x:2/dum 
  sky130_fd_sc_hvl__nor2_1/proxy1 = 1      |  sky130_fd_sc_hvl__nor2_1/proxyA = 1      
                                           |                                           
Net: EF_AMUX0201_ARRAY1:x3//EF_AMUX21x_1/d |Net: EF_AMUX0201_ARRAY1:3/EF_AMUX21x:7/dum 
  sky130_fd_sc_hvl__inv_2/proxy6 = 1       |  sky130_fd_sc_hvl__inv_2/proxyY = 1       
                                           |                                           
Net: EF_AMUX0201_ARRAY1:x3//EF_AMUX21x_1/d |Net: EF_AMUX0201_ARRAY1:3/EF_AMUX21x:7/dum 
  sky130_fd_sc_hvl__inv_2/proxy6 = 1       |  sky130_fd_sc_hvl__inv_2/proxyY = 1       
                                           |                                           
Net: EF_AMUX0201_ARRAY1:x3//EF_AMUX21x_1/d |Net: EF_AMUX0201_ARRAY1:3/EF_AMUX21x:7/dum 
  sky130_fd_sc_hvl__inv_2/proxy6 = 1       |  sky130_fd_sc_hvl__inv_2/proxyY = 1       
                                           |                                           
Net: EF_AMUX0201_ARRAY1:x3//EF_AMUX21x_1/d |Net: EF_AMUX0201_ARRAY1:3/EF_AMUX21x:7/dum 
  sky130_fd_sc_hvl__inv_2/proxy6 = 1       |  sky130_fd_sc_hvl__inv_2/proxyY = 1       
                                           |                                           
Net: EF_AMUX0201_ARRAY1:x3//EF_AMUX21x_0/d |Net: EF_AMUX0201_ARRAY1:3/EF_AMUX21x:6/dum 
  sky130_fd_sc_hvl__inv_2/proxy6 = 1       |  sky130_fd_sc_hvl__inv_2/proxyY = 1       
                                           |                                           
Net: EF_AMUX0201_ARRAY1:x3//EF_AMUX21x_0/d |Net: EF_AMUX0201_ARRAY1:3/EF_AMUX21x:6/dum 
  sky130_fd_sc_hvl__inv_2/proxy6 = 1       |  sky130_fd_sc_hvl__inv_2/proxyY = 1       
                                           |                                           
Net: EF_AMUX0201_ARRAY1:x3//EF_AMUX21x_0/d |Net: EF_AMUX0201_ARRAY1:3/EF_AMUX21x:6/dum 
  sky130_fd_sc_hvl__inv_2/proxy6 = 1       |  sky130_fd_sc_hvl__inv_2/proxyY = 1       
                                           |                                           
Net: EF_AMUX0201_ARRAY1:x3//EF_AMUX21x_0/d |Net: EF_AMUX0201_ARRAY1:3/EF_AMUX21x:6/dum 
  sky130_fd_sc_hvl__inv_2/proxy6 = 1       |  sky130_fd_sc_hvl__inv_2/proxyY = 1       
                                           |                                           
Net: EF_AMUX0201_ARRAY1:x3/EF_AMUX21x:x12/ |Net: EF_AMUX0201_ARRAY1:3/EF_AMUX21x:12/du 
  sky130_fd_sc_hvl__inv_2/proxy6 = 1       |  sky130_fd_sc_hvl__inv_2/proxyY = 1       
                                           |                                           
Net: EF_AMUX0201_ARRAY1:x3/EF_AMUX21x:x12/ |Net: EF_AMUX0201_ARRAY1:3/EF_AMUX21x:12/du 
  sky130_fd_sc_hvl__inv_2/proxy6 = 1       |  sky130_fd_sc_hvl__inv_2/proxyY = 1       
                                           |                                           
Net: EF_AMUX0201_ARRAY1:x3/EF_AMUX21x:x12/ |Net: EF_AMUX0201_ARRAY1:3/EF_AMUX21x:12/du 
  sky130_fd_sc_hvl__inv_2/proxy6 = 1       |  sky130_fd_sc_hvl__inv_2/proxyY = 1       
                                           |                                           
Net: EF_AMUX0201_ARRAY1:x3/EF_AMUX21x:x12/ |Net: EF_AMUX0201_ARRAY1:3/EF_AMUX21x:12/du 
  sky130_fd_sc_hvl__inv_2/proxy6 = 1       |  sky130_fd_sc_hvl__inv_2/proxyY = 1       
                                           |                                           
Net: EF_AMUX0201_ARRAY1:x3/EF_AMUX21x:x11/ |Net: EF_AMUX0201_ARRAY1:3/EF_AMUX21x:11/du 
  sky130_fd_sc_hvl__inv_2/proxy6 = 1       |  sky130_fd_sc_hvl__inv_2/proxyY = 1       
                                           |                                           
Net: EF_AMUX0201_ARRAY1:x3/EF_AMUX21x:x11/ |Net: EF_AMUX0201_ARRAY1:3/EF_AMUX21x:11/du 
  sky130_fd_sc_hvl__inv_2/proxy6 = 1       |  sky130_fd_sc_hvl__inv_2/proxyY = 1       
                                           |                                           
Net: EF_AMUX0201_ARRAY1:x3/EF_AMUX21x:x11/ |Net: EF_AMUX0201_ARRAY1:3/EF_AMUX21x:11/du 
  sky130_fd_sc_hvl__inv_2/proxy6 = 1       |  sky130_fd_sc_hvl__inv_2/proxyY = 1       
                                           |                                           
Net: EF_AMUX0201_ARRAY1:x3/EF_AMUX21x:x11/ |Net: EF_AMUX0201_ARRAY1:3/EF_AMUX21x:11/du 
  sky130_fd_sc_hvl__inv_2/proxy6 = 1       |  sky130_fd_sc_hvl__inv_2/proxyY = 1       
                                           |                                           
Net: EF_AMUX0201_ARRAY1:x3/EF_AMUX21x:x10/ |Net: EF_AMUX0201_ARRAY1:3/EF_AMUX21x:10/du 
  sky130_fd_sc_hvl__inv_2/proxy6 = 1       |  sky130_fd_sc_hvl__inv_2/proxyY = 1       
                                           |                                           
Net: EF_AMUX0201_ARRAY1:x3/EF_AMUX21x:x10/ |Net: EF_AMUX0201_ARRAY1:3/EF_AMUX21x:10/du 
  sky130_fd_sc_hvl__inv_2/proxy6 = 1       |  sky130_fd_sc_hvl__inv_2/proxyY = 1       
                                           |                                           
Net: EF_AMUX0201_ARRAY1:x3/EF_AMUX21x:x10/ |Net: EF_AMUX0201_ARRAY1:3/EF_AMUX21x:10/du 
  sky130_fd_sc_hvl__inv_2/proxy6 = 1       |  sky130_fd_sc_hvl__inv_2/proxyY = 1       
                                           |                                           
Net: EF_AMUX0201_ARRAY1:x3/EF_AMUX21x:x10/ |Net: EF_AMUX0201_ARRAY1:3/EF_AMUX21x:10/du 
  sky130_fd_sc_hvl__inv_2/proxy6 = 1       |  sky130_fd_sc_hvl__inv_2/proxyY = 1       
                                           |                                           
Net: EF_AMUX0201_ARRAY1:x3/EF_AMUX21x:x9/d |Net: EF_AMUX0201_ARRAY1:3/EF_AMUX21x:9/dum 
  sky130_fd_sc_hvl__inv_2/proxy6 = 1       |  sky130_fd_sc_hvl__inv_2/proxyY = 1       
                                           |                                           
Net: EF_AMUX0201_ARRAY1:x3/EF_AMUX21x:x9/d |Net: EF_AMUX0201_ARRAY1:3/EF_AMUX21x:9/dum 
  sky130_fd_sc_hvl__inv_2/proxy6 = 1       |  sky130_fd_sc_hvl__inv_2/proxyY = 1       
                                           |                                           
Net: EF_AMUX0201_ARRAY1:x3/EF_AMUX21x:x9/d |Net: EF_AMUX0201_ARRAY1:3/EF_AMUX21x:9/dum 
  sky130_fd_sc_hvl__inv_2/proxy6 = 1       |  sky130_fd_sc_hvl__inv_2/proxyY = 1       
                                           |                                           
Net: EF_AMUX0201_ARRAY1:x3/EF_AMUX21x:x9/d |Net: EF_AMUX0201_ARRAY1:3/EF_AMUX21x:9/dum 
  sky130_fd_sc_hvl__inv_2/proxy6 = 1       |  sky130_fd_sc_hvl__inv_2/proxyY = 1       
                                           |                                           
Net: EF_AMUX0201_ARRAY1:x3/EF_AMUX21x:x8/d |Net: EF_AMUX0201_ARRAY1:3/EF_AMUX21x:8/dum 
  sky130_fd_sc_hvl__inv_2/proxy6 = 1       |  sky130_fd_sc_hvl__inv_2/proxyY = 1       
                                           |                                           
Net: EF_AMUX0201_ARRAY1:x3/EF_AMUX21x:x8/d |Net: EF_AMUX0201_ARRAY1:3/EF_AMUX21x:8/dum 
  sky130_fd_sc_hvl__inv_2/proxy6 = 1       |  sky130_fd_sc_hvl__inv_2/proxyY = 1       
                                           |                                           
Net: EF_AMUX0201_ARRAY1:x3/EF_AMUX21x:x8/d |Net: EF_AMUX0201_ARRAY1:3/EF_AMUX21x:8/dum 
  sky130_fd_sc_hvl__inv_2/proxy6 = 1       |  sky130_fd_sc_hvl__inv_2/proxyY = 1       
                                           |                                           
Net: EF_AMUX0201_ARRAY1:x3/EF_AMUX21x:x8/d |Net: EF_AMUX0201_ARRAY1:3/EF_AMUX21x:8/dum 
  sky130_fd_sc_hvl__inv_2/proxy6 = 1       |  sky130_fd_sc_hvl__inv_2/proxyY = 1       
                                           |                                           
Net: EF_AMUX0201_ARRAY1:x3/EF_AMUX21x:x5/d |Net: EF_AMUX0201_ARRAY1:3/EF_AMUX21x:5/dum 
  sky130_fd_sc_hvl__inv_2/proxy6 = 1       |  sky130_fd_sc_hvl__inv_2/proxyY = 1       
                                           |                                           
Net: EF_AMUX0201_ARRAY1:x3/EF_AMUX21x:x5/d |Net: EF_AMUX0201_ARRAY1:3/EF_AMUX21x:5/dum 
  sky130_fd_sc_hvl__inv_2/proxy6 = 1       |  sky130_fd_sc_hvl__inv_2/proxyY = 1       
                                           |                                           
Net: EF_AMUX0201_ARRAY1:x3/EF_AMUX21x:x5/d |Net: EF_AMUX0201_ARRAY1:3/EF_AMUX21x:5/dum 
  sky130_fd_sc_hvl__inv_2/proxy6 = 1       |  sky130_fd_sc_hvl__inv_2/proxyY = 1       
                                           |                                           
Net: EF_AMUX0201_ARRAY1:x3/EF_AMUX21x:x5/d |Net: EF_AMUX0201_ARRAY1:3/EF_AMUX21x:5/dum 
  sky130_fd_sc_hvl__inv_2/proxy6 = 1       |  sky130_fd_sc_hvl__inv_2/proxyY = 1       
                                           |                                           
Net: EF_AMUX0201_ARRAY1:x3/EF_AMUX21x:x4/d |Net: EF_AMUX0201_ARRAY1:3/EF_AMUX21x:4/dum 
  sky130_fd_sc_hvl__inv_2/proxy6 = 1       |  sky130_fd_sc_hvl__inv_2/proxyY = 1       
                                           |                                           
Net: EF_AMUX0201_ARRAY1:x3/EF_AMUX21x:x4/d |Net: EF_AMUX0201_ARRAY1:3/EF_AMUX21x:4/dum 
  sky130_fd_sc_hvl__inv_2/proxy6 = 1       |  sky130_fd_sc_hvl__inv_2/proxyY = 1       
                                           |                                           
Net: EF_AMUX0201_ARRAY1:x3/EF_AMUX21x:x4/d |Net: EF_AMUX0201_ARRAY1:3/EF_AMUX21x:4/dum 
  sky130_fd_sc_hvl__inv_2/proxy6 = 1       |  sky130_fd_sc_hvl__inv_2/proxyY = 1       
                                           |                                           
Net: EF_AMUX0201_ARRAY1:x3/EF_AMUX21x:x4/d |Net: EF_AMUX0201_ARRAY1:3/EF_AMUX21x:4/dum 
  sky130_fd_sc_hvl__inv_2/proxy6 = 1       |  sky130_fd_sc_hvl__inv_2/proxyY = 1       
                                           |                                           
Net: EF_AMUX0201_ARRAY1:x3/EF_AMUX21x:x2/d |Net: EF_AMUX0201_ARRAY1:3/EF_AMUX21x:3/dum 
  sky130_fd_sc_hvl__inv_2/proxy6 = 1       |  sky130_fd_sc_hvl__inv_2/proxyY = 1       
                                           |                                           
Net: EF_AMUX0201_ARRAY1:x3/EF_AMUX21x:x2/d |Net: EF_AMUX0201_ARRAY1:3/EF_AMUX21x:3/dum 
  sky130_fd_sc_hvl__inv_2/proxy6 = 1       |  sky130_fd_sc_hvl__inv_2/proxyY = 1       
                                           |                                           
Net: EF_AMUX0201_ARRAY1:x3/EF_AMUX21x:x2/d |Net: EF_AMUX0201_ARRAY1:3/EF_AMUX21x:3/dum 
  sky130_fd_sc_hvl__inv_2/proxy6 = 1       |  sky130_fd_sc_hvl__inv_2/proxyY = 1       
                                           |                                           
Net: EF_AMUX0201_ARRAY1:x3/EF_AMUX21x:x2/d |Net: EF_AMUX0201_ARRAY1:3/EF_AMUX21x:3/dum 
  sky130_fd_sc_hvl__inv_2/proxy6 = 1       |  sky130_fd_sc_hvl__inv_2/proxyY = 1       
                                           |                                           
Net: EF_AMUX0201_ARRAY1:x3/EF_AMUX21x:x3/d |Net: EF_AMUX0201_ARRAY1:3/EF_AMUX21x:1/dum 
  sky130_fd_sc_hvl__inv_2/proxy6 = 1       |  sky130_fd_sc_hvl__inv_2/proxyY = 1       
                                           |                                           
Net: EF_AMUX0201_ARRAY1:x3/EF_AMUX21x:x3/d |Net: EF_AMUX0201_ARRAY1:3/EF_AMUX21x:1/dum 
  sky130_fd_sc_hvl__inv_2/proxy6 = 1       |  sky130_fd_sc_hvl__inv_2/proxyY = 1       
                                           |                                           
Net: EF_AMUX0201_ARRAY1:x3/EF_AMUX21x:x3/d |Net: EF_AMUX0201_ARRAY1:3/EF_AMUX21x:1/dum 
  sky130_fd_sc_hvl__inv_2/proxy6 = 1       |  sky130_fd_sc_hvl__inv_2/proxyY = 1       
                                           |                                           
Net: EF_AMUX0201_ARRAY1:x3/EF_AMUX21x:x3/d |Net: EF_AMUX0201_ARRAY1:3/EF_AMUX21x:1/dum 
  sky130_fd_sc_hvl__inv_2/proxy6 = 1       |  sky130_fd_sc_hvl__inv_2/proxyY = 1       
                                           |                                           
Net: EF_AMUX0201_ARRAY1:x3/EF_AMUX21x:x1/d |Net: EF_AMUX0201_ARRAY1:3/EF_AMUX21x:2/dum 
  sky130_fd_sc_hvl__inv_2/proxy6 = 1       |  sky130_fd_sc_hvl__inv_2/proxyY = 1       
                                           |                                           
Net: EF_AMUX0201_ARRAY1:x3/EF_AMUX21x:x1/d |Net: EF_AMUX0201_ARRAY1:3/EF_AMUX21x:2/dum 
  sky130_fd_sc_hvl__inv_2/proxy6 = 1       |  sky130_fd_sc_hvl__inv_2/proxyY = 1       
                                           |                                           
Net: EF_AMUX0201_ARRAY1:x3/EF_AMUX21x:x1/d |Net: EF_AMUX0201_ARRAY1:3/EF_AMUX21x:2/dum 
  sky130_fd_sc_hvl__inv_2/proxy6 = 1       |  sky130_fd_sc_hvl__inv_2/proxyY = 1       
                                           |                                           
Net: EF_AMUX0201_ARRAY1:x3/EF_AMUX21x:x1/d |Net: EF_AMUX0201_ARRAY1:3/EF_AMUX21x:2/dum 
  sky130_fd_sc_hvl__inv_2/proxy6 = 1       |  sky130_fd_sc_hvl__inv_2/proxyY = 1       
                                           |                                           
Net: EF_AMUX0201_ARRAY1:x3//EF_AMUX21x_1/d |Net: EF_AMUX0201_ARRAY1:3/EF_AMUX21x:7/dum 
  sky130_fd_sc_hvl__inv_2/proxy5 = 1       |  sky130_fd_sc_hvl__inv_2/proxyVPWR = 1    
                                           |                                           
Net: EF_AMUX0201_ARRAY1:x3//EF_AMUX21x_1/d |Net: EF_AMUX0201_ARRAY1:3/EF_AMUX21x:7/dum 
  sky130_fd_sc_hvl__inv_2/proxy5 = 1       |  sky130_fd_sc_hvl__inv_2/proxyVPWR = 1    
                                           |                                           
Net: EF_AMUX0201_ARRAY1:x3//EF_AMUX21x_1/d |Net: EF_AMUX0201_ARRAY1:3/EF_AMUX21x:7/dum 
  sky130_fd_sc_hvl__inv_2/proxy5 = 1       |  sky130_fd_sc_hvl__inv_2/proxyVPWR = 1    
                                           |                                           
Net: EF_AMUX0201_ARRAY1:x3//EF_AMUX21x_1/d |Net: EF_AMUX0201_ARRAY1:3/EF_AMUX21x:7/dum 
  sky130_fd_sc_hvl__inv_2/proxy5 = 1       |  sky130_fd_sc_hvl__inv_2/proxyVPWR = 1    
                                           |                                           
Net: EF_AMUX0201_ARRAY1:x3//EF_AMUX21x_0/d |Net: EF_AMUX0201_ARRAY1:3/EF_AMUX21x:6/dum 
  sky130_fd_sc_hvl__inv_2/proxy5 = 1       |  sky130_fd_sc_hvl__inv_2/proxyVPWR = 1    
                                           |                                           
Net: EF_AMUX0201_ARRAY1:x3//EF_AMUX21x_0/d |Net: EF_AMUX0201_ARRAY1:3/EF_AMUX21x:6/dum 
  sky130_fd_sc_hvl__inv_2/proxy5 = 1       |  sky130_fd_sc_hvl__inv_2/proxyVPWR = 1    
                                           |                                           
Net: EF_AMUX0201_ARRAY1:x3//EF_AMUX21x_0/d |Net: EF_AMUX0201_ARRAY1:3/EF_AMUX21x:6/dum 
  sky130_fd_sc_hvl__inv_2/proxy5 = 1       |  sky130_fd_sc_hvl__inv_2/proxyVPWR = 1    
                                           |                                           
Net: EF_AMUX0201_ARRAY1:x3//EF_AMUX21x_0/d |Net: EF_AMUX0201_ARRAY1:3/EF_AMUX21x:6/dum 
  sky130_fd_sc_hvl__inv_2/proxy5 = 1       |  sky130_fd_sc_hvl__inv_2/proxyVPWR = 1    
                                           |                                           
Net: EF_AMUX0201_ARRAY1:x3/EF_AMUX21x:x12/ |Net: EF_AMUX0201_ARRAY1:3/EF_AMUX21x:12/du 
  sky130_fd_sc_hvl__inv_2/proxy5 = 1       |  sky130_fd_sc_hvl__inv_2/proxyVPWR = 1    
                                           |                                           
Net: EF_AMUX0201_ARRAY1:x3/EF_AMUX21x:x12/ |Net: EF_AMUX0201_ARRAY1:3/EF_AMUX21x:12/du 
  sky130_fd_sc_hvl__inv_2/proxy5 = 1       |  sky130_fd_sc_hvl__inv_2/proxyVPWR = 1    
                                           |                                           
Net: EF_AMUX0201_ARRAY1:x3/EF_AMUX21x:x12/ |Net: EF_AMUX0201_ARRAY1:3/EF_AMUX21x:12/du 
  sky130_fd_sc_hvl__inv_2/proxy5 = 1       |  sky130_fd_sc_hvl__inv_2/proxyVPWR = 1    
                                           |                                           
Net: EF_AMUX0201_ARRAY1:x3/EF_AMUX21x:x12/ |Net: EF_AMUX0201_ARRAY1:3/EF_AMUX21x:12/du 
  sky130_fd_sc_hvl__inv_2/proxy5 = 1       |  sky130_fd_sc_hvl__inv_2/proxyVPWR = 1    
                                           |                                           
Net: EF_AMUX0201_ARRAY1:x3/EF_AMUX21x:x11/ |Net: EF_AMUX0201_ARRAY1:3/EF_AMUX21x:11/du 
  sky130_fd_sc_hvl__inv_2/proxy5 = 1       |  sky130_fd_sc_hvl__inv_2/proxyVPWR = 1    
                                           |                                           
Net: EF_AMUX0201_ARRAY1:x3/EF_AMUX21x:x11/ |Net: EF_AMUX0201_ARRAY1:3/EF_AMUX21x:11/du 
  sky130_fd_sc_hvl__inv_2/proxy5 = 1       |  sky130_fd_sc_hvl__inv_2/proxyVPWR = 1    
                                           |                                           
Net: EF_AMUX0201_ARRAY1:x3/EF_AMUX21x:x11/ |Net: EF_AMUX0201_ARRAY1:3/EF_AMUX21x:11/du 
  sky130_fd_sc_hvl__inv_2/proxy5 = 1       |  sky130_fd_sc_hvl__inv_2/proxyVPWR = 1    
                                           |                                           
Net: EF_AMUX0201_ARRAY1:x3/EF_AMUX21x:x11/ |Net: EF_AMUX0201_ARRAY1:3/EF_AMUX21x:11/du 
  sky130_fd_sc_hvl__inv_2/proxy5 = 1       |  sky130_fd_sc_hvl__inv_2/proxyVPWR = 1    
                                           |                                           
Net: EF_AMUX0201_ARRAY1:x3/EF_AMUX21x:x10/ |Net: EF_AMUX0201_ARRAY1:3/EF_AMUX21x:10/du 
  sky130_fd_sc_hvl__inv_2/proxy5 = 1       |  sky130_fd_sc_hvl__inv_2/proxyVPWR = 1    
                                           |                                           
Net: EF_AMUX0201_ARRAY1:x3/EF_AMUX21x:x10/ |Net: EF_AMUX0201_ARRAY1:3/EF_AMUX21x:10/du 
  sky130_fd_sc_hvl__inv_2/proxy5 = 1       |  sky130_fd_sc_hvl__inv_2/proxyVPWR = 1    
                                           |                                           
Net: EF_AMUX0201_ARRAY1:x3/EF_AMUX21x:x10/ |Net: EF_AMUX0201_ARRAY1:3/EF_AMUX21x:10/du 
  sky130_fd_sc_hvl__inv_2/proxy5 = 1       |  sky130_fd_sc_hvl__inv_2/proxyVPWR = 1    
                                           |                                           
Net: EF_AMUX0201_ARRAY1:x3/EF_AMUX21x:x10/ |Net: EF_AMUX0201_ARRAY1:3/EF_AMUX21x:10/du 
  sky130_fd_sc_hvl__inv_2/proxy5 = 1       |  sky130_fd_sc_hvl__inv_2/proxyVPWR = 1    
                                           |                                           
Net: EF_AMUX0201_ARRAY1:x3/EF_AMUX21x:x9/d |Net: EF_AMUX0201_ARRAY1:3/EF_AMUX21x:9/dum 
  sky130_fd_sc_hvl__inv_2/proxy5 = 1       |  sky130_fd_sc_hvl__inv_2/proxyVPWR = 1    
                                           |                                           
Net: EF_AMUX0201_ARRAY1:x3/EF_AMUX21x:x9/d |Net: EF_AMUX0201_ARRAY1:3/EF_AMUX21x:9/dum 
  sky130_fd_sc_hvl__inv_2/proxy5 = 1       |  sky130_fd_sc_hvl__inv_2/proxyVPWR = 1    
                                           |                                           
Net: EF_AMUX0201_ARRAY1:x3/EF_AMUX21x:x9/d |Net: EF_AMUX0201_ARRAY1:3/EF_AMUX21x:9/dum 
  sky130_fd_sc_hvl__inv_2/proxy5 = 1       |  sky130_fd_sc_hvl__inv_2/proxyVPWR = 1    
                                           |                                           
Net: EF_AMUX0201_ARRAY1:x3/EF_AMUX21x:x9/d |Net: EF_AMUX0201_ARRAY1:3/EF_AMUX21x:9/dum 
  sky130_fd_sc_hvl__inv_2/proxy5 = 1       |  sky130_fd_sc_hvl__inv_2/proxyVPWR = 1    
                                           |                                           
Net: EF_AMUX0201_ARRAY1:x3/EF_AMUX21x:x8/d |Net: EF_AMUX0201_ARRAY1:3/EF_AMUX21x:8/dum 
  sky130_fd_sc_hvl__inv_2/proxy5 = 1       |  sky130_fd_sc_hvl__inv_2/proxyVPWR = 1    
                                           |                                           
Net: EF_AMUX0201_ARRAY1:x3/EF_AMUX21x:x8/d |Net: EF_AMUX0201_ARRAY1:3/EF_AMUX21x:8/dum 
  sky130_fd_sc_hvl__inv_2/proxy5 = 1       |  sky130_fd_sc_hvl__inv_2/proxyVPWR = 1    
                                           |                                           
Net: EF_AMUX0201_ARRAY1:x3/EF_AMUX21x:x8/d |Net: EF_AMUX0201_ARRAY1:3/EF_AMUX21x:8/dum 
  sky130_fd_sc_hvl__inv_2/proxy5 = 1       |  sky130_fd_sc_hvl__inv_2/proxyVPWR = 1    
                                           |                                           
Net: EF_AMUX0201_ARRAY1:x3/EF_AMUX21x:x8/d |Net: EF_AMUX0201_ARRAY1:3/EF_AMUX21x:8/dum 
  sky130_fd_sc_hvl__inv_2/proxy5 = 1       |  sky130_fd_sc_hvl__inv_2/proxyVPWR = 1    
                                           |                                           
Net: EF_AMUX0201_ARRAY1:x3/EF_AMUX21x:x5/d |Net: EF_AMUX0201_ARRAY1:3/EF_AMUX21x:5/dum 
  sky130_fd_sc_hvl__inv_2/proxy5 = 1       |  sky130_fd_sc_hvl__inv_2/proxyVPWR = 1    
                                           |                                           
Net: EF_AMUX0201_ARRAY1:x3/EF_AMUX21x:x5/d |Net: EF_AMUX0201_ARRAY1:3/EF_AMUX21x:5/dum 
  sky130_fd_sc_hvl__inv_2/proxy5 = 1       |  sky130_fd_sc_hvl__inv_2/proxyVPWR = 1    
                                           |                                           
Net: EF_AMUX0201_ARRAY1:x3/EF_AMUX21x:x5/d |Net: EF_AMUX0201_ARRAY1:3/EF_AMUX21x:5/dum 
  sky130_fd_sc_hvl__inv_2/proxy5 = 1       |  sky130_fd_sc_hvl__inv_2/proxyVPWR = 1    
                                           |                                           
Net: EF_AMUX0201_ARRAY1:x3/EF_AMUX21x:x5/d |Net: EF_AMUX0201_ARRAY1:3/EF_AMUX21x:5/dum 
  sky130_fd_sc_hvl__inv_2/proxy5 = 1       |  sky130_fd_sc_hvl__inv_2/proxyVPWR = 1    
                                           |                                           
Net: EF_AMUX0201_ARRAY1:x3/EF_AMUX21x:x4/d |Net: EF_AMUX0201_ARRAY1:3/EF_AMUX21x:4/dum 
  sky130_fd_sc_hvl__inv_2/proxy5 = 1       |  sky130_fd_sc_hvl__inv_2/proxyVPWR = 1    
                                           |                                           
Net: EF_AMUX0201_ARRAY1:x3/EF_AMUX21x:x4/d |Net: EF_AMUX0201_ARRAY1:3/EF_AMUX21x:4/dum 
  sky130_fd_sc_hvl__inv_2/proxy5 = 1       |  sky130_fd_sc_hvl__inv_2/proxyVPWR = 1    
                                           |                                           
Net: EF_AMUX0201_ARRAY1:x3/EF_AMUX21x:x4/d |Net: EF_AMUX0201_ARRAY1:3/EF_AMUX21x:4/dum 
  sky130_fd_sc_hvl__inv_2/proxy5 = 1       |  sky130_fd_sc_hvl__inv_2/proxyVPWR = 1    
                                           |                                           
Net: EF_AMUX0201_ARRAY1:x3/EF_AMUX21x:x4/d |Net: EF_AMUX0201_ARRAY1:3/EF_AMUX21x:4/dum 
  sky130_fd_sc_hvl__inv_2/proxy5 = 1       |  sky130_fd_sc_hvl__inv_2/proxyVPWR = 1    
                                           |                                           
Net: EF_AMUX0201_ARRAY1:x3/EF_AMUX21x:x2/d |Net: EF_AMUX0201_ARRAY1:3/EF_AMUX21x:3/dum 
  sky130_fd_sc_hvl__inv_2/proxy5 = 1       |  sky130_fd_sc_hvl__inv_2/proxyVPWR = 1    
                                           |                                           
Net: EF_AMUX0201_ARRAY1:x3/EF_AMUX21x:x2/d |Net: EF_AMUX0201_ARRAY1:3/EF_AMUX21x:3/dum 
  sky130_fd_sc_hvl__inv_2/proxy5 = 1       |  sky130_fd_sc_hvl__inv_2/proxyVPWR = 1    
                                           |                                           
Net: EF_AMUX0201_ARRAY1:x3/EF_AMUX21x:x2/d |Net: EF_AMUX0201_ARRAY1:3/EF_AMUX21x:3/dum 
  sky130_fd_sc_hvl__inv_2/proxy5 = 1       |  sky130_fd_sc_hvl__inv_2/proxyVPWR = 1    
                                           |                                           
Net: EF_AMUX0201_ARRAY1:x3/EF_AMUX21x:x2/d |Net: EF_AMUX0201_ARRAY1:3/EF_AMUX21x:3/dum 
  sky130_fd_sc_hvl__inv_2/proxy5 = 1       |  sky130_fd_sc_hvl__inv_2/proxyVPWR = 1    
                                           |                                           
Net: EF_AMUX0201_ARRAY1:x3/EF_AMUX21x:x3/d |Net: EF_AMUX0201_ARRAY1:3/EF_AMUX21x:1/dum 
  sky130_fd_sc_hvl__inv_2/proxy5 = 1       |  sky130_fd_sc_hvl__inv_2/proxyVPWR = 1    
                                           |                                           
Net: EF_AMUX0201_ARRAY1:x3/EF_AMUX21x:x3/d |Net: EF_AMUX0201_ARRAY1:3/EF_AMUX21x:1/dum 
  sky130_fd_sc_hvl__inv_2/proxy5 = 1       |  sky130_fd_sc_hvl__inv_2/proxyVPWR = 1    
                                           |                                           
Net: EF_AMUX0201_ARRAY1:x3/EF_AMUX21x:x3/d |Net: EF_AMUX0201_ARRAY1:3/EF_AMUX21x:1/dum 
  sky130_fd_sc_hvl__inv_2/proxy5 = 1       |  sky130_fd_sc_hvl__inv_2/proxyVPWR = 1    
                                           |                                           
Net: EF_AMUX0201_ARRAY1:x3/EF_AMUX21x:x3/d |Net: EF_AMUX0201_ARRAY1:3/EF_AMUX21x:1/dum 
  sky130_fd_sc_hvl__inv_2/proxy5 = 1       |  sky130_fd_sc_hvl__inv_2/proxyVPWR = 1    
                                           |                                           
Net: EF_AMUX0201_ARRAY1:x3/EF_AMUX21x:x1/d |Net: EF_AMUX0201_ARRAY1:3/EF_AMUX21x:2/dum 
  sky130_fd_sc_hvl__inv_2/proxy5 = 1       |  sky130_fd_sc_hvl__inv_2/proxyVPWR = 1    
                                           |                                           
Net: EF_AMUX0201_ARRAY1:x3/EF_AMUX21x:x1/d |Net: EF_AMUX0201_ARRAY1:3/EF_AMUX21x:2/dum 
  sky130_fd_sc_hvl__inv_2/proxy5 = 1       |  sky130_fd_sc_hvl__inv_2/proxyVPWR = 1    
                                           |                                           
Net: EF_AMUX0201_ARRAY1:x3/EF_AMUX21x:x1/d |Net: EF_AMUX0201_ARRAY1:3/EF_AMUX21x:2/dum 
  sky130_fd_sc_hvl__inv_2/proxy5 = 1       |  sky130_fd_sc_hvl__inv_2/proxyVPWR = 1    
                                           |                                           
Net: EF_AMUX0201_ARRAY1:x3/EF_AMUX21x:x1/d |Net: EF_AMUX0201_ARRAY1:3/EF_AMUX21x:2/dum 
  sky130_fd_sc_hvl__inv_2/proxy5 = 1       |  sky130_fd_sc_hvl__inv_2/proxyVPWR = 1    
                                           |                                           
Net: EF_AMUX0201_ARRAY1:x3//EF_AMUX21x_1/d |Net: EF_AMUX0201_ARRAY1:3/EF_AMUX21x:7/dum 
  sky130_fd_sc_hvl__inv_2/proxy4 = 1       |  sky130_fd_sc_hvl__inv_2/proxyVPB = 1     
                                           |                                           
Net: EF_AMUX0201_ARRAY1:x3//EF_AMUX21x_1/d |Net: EF_AMUX0201_ARRAY1:3/EF_AMUX21x:7/dum 
  sky130_fd_sc_hvl__inv_2/proxy4 = 1       |  sky130_fd_sc_hvl__inv_2/proxyVPB = 1     
                                           |                                           
Net: EF_AMUX0201_ARRAY1:x3//EF_AMUX21x_1/d |Net: EF_AMUX0201_ARRAY1:3/EF_AMUX21x:7/dum 
  sky130_fd_sc_hvl__inv_2/proxy4 = 1       |  sky130_fd_sc_hvl__inv_2/proxyVPB = 1     
                                           |                                           
Net: EF_AMUX0201_ARRAY1:x3//EF_AMUX21x_1/d |Net: EF_AMUX0201_ARRAY1:3/EF_AMUX21x:7/dum 
  sky130_fd_sc_hvl__inv_2/proxy4 = 1       |  sky130_fd_sc_hvl__inv_2/proxyVPB = 1     
                                           |                                           
Net: EF_AMUX0201_ARRAY1:x3//EF_AMUX21x_0/d |Net: EF_AMUX0201_ARRAY1:3/EF_AMUX21x:6/dum 
  sky130_fd_sc_hvl__inv_2/proxy4 = 1       |  sky130_fd_sc_hvl__inv_2/proxyVPB = 1     
                                           |                                           
Net: EF_AMUX0201_ARRAY1:x3//EF_AMUX21x_0/d |Net: EF_AMUX0201_ARRAY1:3/EF_AMUX21x:6/dum 
  sky130_fd_sc_hvl__inv_2/proxy4 = 1       |  sky130_fd_sc_hvl__inv_2/proxyVPB = 1     
                                           |                                           
Net: EF_AMUX0201_ARRAY1:x3//EF_AMUX21x_0/d |Net: EF_AMUX0201_ARRAY1:3/EF_AMUX21x:6/dum 
  sky130_fd_sc_hvl__inv_2/proxy4 = 1       |  sky130_fd_sc_hvl__inv_2/proxyVPB = 1     
                                           |                                           
Net: EF_AMUX0201_ARRAY1:x3//EF_AMUX21x_0/d |Net: EF_AMUX0201_ARRAY1:3/EF_AMUX21x:6/dum 
  sky130_fd_sc_hvl__inv_2/proxy4 = 1       |  sky130_fd_sc_hvl__inv_2/proxyVPB = 1     
                                           |                                           
Net: EF_AMUX0201_ARRAY1:x3/EF_AMUX21x:x12/ |Net: EF_AMUX0201_ARRAY1:3/EF_AMUX21x:12/du 
  sky130_fd_sc_hvl__inv_2/proxy4 = 1       |  sky130_fd_sc_hvl__inv_2/proxyVPB = 1     
                                           |                                           
Net: EF_AMUX0201_ARRAY1:x3/EF_AMUX21x:x12/ |Net: EF_AMUX0201_ARRAY1:3/EF_AMUX21x:12/du 
  sky130_fd_sc_hvl__inv_2/proxy4 = 1       |  sky130_fd_sc_hvl__inv_2/proxyVPB = 1     
                                           |                                           
Net: EF_AMUX0201_ARRAY1:x3/EF_AMUX21x:x12/ |Net: EF_AMUX0201_ARRAY1:3/EF_AMUX21x:12/du 
  sky130_fd_sc_hvl__inv_2/proxy4 = 1       |  sky130_fd_sc_hvl__inv_2/proxyVPB = 1     
                                           |                                           
Net: EF_AMUX0201_ARRAY1:x3/EF_AMUX21x:x12/ |Net: EF_AMUX0201_ARRAY1:3/EF_AMUX21x:12/du 
  sky130_fd_sc_hvl__inv_2/proxy4 = 1       |  sky130_fd_sc_hvl__inv_2/proxyVPB = 1     
                                           |                                           
Net: EF_AMUX0201_ARRAY1:x3/EF_AMUX21x:x11/ |Net: EF_AMUX0201_ARRAY1:3/EF_AMUX21x:11/du 
  sky130_fd_sc_hvl__inv_2/proxy4 = 1       |  sky130_fd_sc_hvl__inv_2/proxyVPB = 1     
                                           |                                           
Net: EF_AMUX0201_ARRAY1:x3/EF_AMUX21x:x11/ |Net: EF_AMUX0201_ARRAY1:3/EF_AMUX21x:11/du 
  sky130_fd_sc_hvl__inv_2/proxy4 = 1       |  sky130_fd_sc_hvl__inv_2/proxyVPB = 1     
                                           |                                           
Net: EF_AMUX0201_ARRAY1:x3/EF_AMUX21x:x11/ |Net: EF_AMUX0201_ARRAY1:3/EF_AMUX21x:11/du 
  sky130_fd_sc_hvl__inv_2/proxy4 = 1       |  sky130_fd_sc_hvl__inv_2/proxyVPB = 1     
                                           |                                           
Net: EF_AMUX0201_ARRAY1:x3/EF_AMUX21x:x11/ |Net: EF_AMUX0201_ARRAY1:3/EF_AMUX21x:11/du 
  sky130_fd_sc_hvl__inv_2/proxy4 = 1       |  sky130_fd_sc_hvl__inv_2/proxyVPB = 1     
                                           |                                           
Net: EF_AMUX0201_ARRAY1:x3/EF_AMUX21x:x10/ |Net: EF_AMUX0201_ARRAY1:3/EF_AMUX21x:10/du 
  sky130_fd_sc_hvl__inv_2/proxy4 = 1       |  sky130_fd_sc_hvl__inv_2/proxyVPB = 1     
                                           |                                           
Net: EF_AMUX0201_ARRAY1:x3/EF_AMUX21x:x10/ |Net: EF_AMUX0201_ARRAY1:3/EF_AMUX21x:10/du 
  sky130_fd_sc_hvl__inv_2/proxy4 = 1       |  sky130_fd_sc_hvl__inv_2/proxyVPB = 1     
                                           |                                           
Net: EF_AMUX0201_ARRAY1:x3/EF_AMUX21x:x10/ |Net: EF_AMUX0201_ARRAY1:3/EF_AMUX21x:10/du 
  sky130_fd_sc_hvl__inv_2/proxy4 = 1       |  sky130_fd_sc_hvl__inv_2/proxyVPB = 1     
                                           |                                           
Net: EF_AMUX0201_ARRAY1:x3/EF_AMUX21x:x10/ |Net: EF_AMUX0201_ARRAY1:3/EF_AMUX21x:10/du 
  sky130_fd_sc_hvl__inv_2/proxy4 = 1       |  sky130_fd_sc_hvl__inv_2/proxyVPB = 1     
                                           |                                           
Net: EF_AMUX0201_ARRAY1:x3/EF_AMUX21x:x9/d |Net: EF_AMUX0201_ARRAY1:3/EF_AMUX21x:9/dum 
  sky130_fd_sc_hvl__inv_2/proxy4 = 1       |  sky130_fd_sc_hvl__inv_2/proxyVPB = 1     
                                           |                                           
Net: EF_AMUX0201_ARRAY1:x3/EF_AMUX21x:x9/d |Net: EF_AMUX0201_ARRAY1:3/EF_AMUX21x:9/dum 
  sky130_fd_sc_hvl__inv_2/proxy4 = 1       |  sky130_fd_sc_hvl__inv_2/proxyVPB = 1     
                                           |                                           
Net: EF_AMUX0201_ARRAY1:x3/EF_AMUX21x:x9/d |Net: EF_AMUX0201_ARRAY1:3/EF_AMUX21x:9/dum 
  sky130_fd_sc_hvl__inv_2/proxy4 = 1       |  sky130_fd_sc_hvl__inv_2/proxyVPB = 1     
                                           |                                           
Net: EF_AMUX0201_ARRAY1:x3/EF_AMUX21x:x9/d |Net: EF_AMUX0201_ARRAY1:3/EF_AMUX21x:9/dum 
  sky130_fd_sc_hvl__inv_2/proxy4 = 1       |  sky130_fd_sc_hvl__inv_2/proxyVPB = 1     
                                           |                                           
Net: EF_AMUX0201_ARRAY1:x3/EF_AMUX21x:x8/d |Net: EF_AMUX0201_ARRAY1:3/EF_AMUX21x:8/dum 
  sky130_fd_sc_hvl__inv_2/proxy4 = 1       |  sky130_fd_sc_hvl__inv_2/proxyVPB = 1     
                                           |                                           
Net: EF_AMUX0201_ARRAY1:x3/EF_AMUX21x:x8/d |Net: EF_AMUX0201_ARRAY1:3/EF_AMUX21x:8/dum 
  sky130_fd_sc_hvl__inv_2/proxy4 = 1       |  sky130_fd_sc_hvl__inv_2/proxyVPB = 1     
                                           |                                           
Net: EF_AMUX0201_ARRAY1:x3/EF_AMUX21x:x8/d |Net: EF_AMUX0201_ARRAY1:3/EF_AMUX21x:8/dum 
  sky130_fd_sc_hvl__inv_2/proxy4 = 1       |  sky130_fd_sc_hvl__inv_2/proxyVPB = 1     
                                           |                                           
Net: EF_AMUX0201_ARRAY1:x3/EF_AMUX21x:x8/d |Net: EF_AMUX0201_ARRAY1:3/EF_AMUX21x:8/dum 
  sky130_fd_sc_hvl__inv_2/proxy4 = 1       |  sky130_fd_sc_hvl__inv_2/proxyVPB = 1     
                                           |                                           
Net: EF_AMUX0201_ARRAY1:x3/EF_AMUX21x:x5/d |Net: EF_AMUX0201_ARRAY1:3/EF_AMUX21x:5/dum 
  sky130_fd_sc_hvl__inv_2/proxy4 = 1       |  sky130_fd_sc_hvl__inv_2/proxyVPB = 1     
                                           |                                           
Net: EF_AMUX0201_ARRAY1:x3/EF_AMUX21x:x5/d |Net: EF_AMUX0201_ARRAY1:3/EF_AMUX21x:5/dum 
  sky130_fd_sc_hvl__inv_2/proxy4 = 1       |  sky130_fd_sc_hvl__inv_2/proxyVPB = 1     
                                           |                                           
Net: EF_AMUX0201_ARRAY1:x3/EF_AMUX21x:x5/d |Net: EF_AMUX0201_ARRAY1:3/EF_AMUX21x:5/dum 
  sky130_fd_sc_hvl__inv_2/proxy4 = 1       |  sky130_fd_sc_hvl__inv_2/proxyVPB = 1     
                                           |                                           
Net: EF_AMUX0201_ARRAY1:x3/EF_AMUX21x:x5/d |Net: EF_AMUX0201_ARRAY1:3/EF_AMUX21x:5/dum 
  sky130_fd_sc_hvl__inv_2/proxy4 = 1       |  sky130_fd_sc_hvl__inv_2/proxyVPB = 1     
                                           |                                           
Net: EF_AMUX0201_ARRAY1:x3/EF_AMUX21x:x4/d |Net: EF_AMUX0201_ARRAY1:3/EF_AMUX21x:4/dum 
  sky130_fd_sc_hvl__inv_2/proxy4 = 1       |  sky130_fd_sc_hvl__inv_2/proxyVPB = 1     
                                           |                                           
Net: EF_AMUX0201_ARRAY1:x3/EF_AMUX21x:x4/d |Net: EF_AMUX0201_ARRAY1:3/EF_AMUX21x:4/dum 
  sky130_fd_sc_hvl__inv_2/proxy4 = 1       |  sky130_fd_sc_hvl__inv_2/proxyVPB = 1     
                                           |                                           
Net: EF_AMUX0201_ARRAY1:x3/EF_AMUX21x:x4/d |Net: EF_AMUX0201_ARRAY1:3/EF_AMUX21x:4/dum 
  sky130_fd_sc_hvl__inv_2/proxy4 = 1       |  sky130_fd_sc_hvl__inv_2/proxyVPB = 1     
                                           |                                           
Net: EF_AMUX0201_ARRAY1:x3/EF_AMUX21x:x4/d |Net: EF_AMUX0201_ARRAY1:3/EF_AMUX21x:4/dum 
  sky130_fd_sc_hvl__inv_2/proxy4 = 1       |  sky130_fd_sc_hvl__inv_2/proxyVPB = 1     
                                           |                                           
Net: EF_AMUX0201_ARRAY1:x3/EF_AMUX21x:x2/d |Net: EF_AMUX0201_ARRAY1:3/EF_AMUX21x:3/dum 
  sky130_fd_sc_hvl__inv_2/proxy4 = 1       |  sky130_fd_sc_hvl__inv_2/proxyVPB = 1     
                                           |                                           
Net: EF_AMUX0201_ARRAY1:x3/EF_AMUX21x:x2/d |Net: EF_AMUX0201_ARRAY1:3/EF_AMUX21x:3/dum 
  sky130_fd_sc_hvl__inv_2/proxy4 = 1       |  sky130_fd_sc_hvl__inv_2/proxyVPB = 1     
                                           |                                           
Net: EF_AMUX0201_ARRAY1:x3/EF_AMUX21x:x2/d |Net: EF_AMUX0201_ARRAY1:3/EF_AMUX21x:3/dum 
  sky130_fd_sc_hvl__inv_2/proxy4 = 1       |  sky130_fd_sc_hvl__inv_2/proxyVPB = 1     
                                           |                                           
Net: EF_AMUX0201_ARRAY1:x3/EF_AMUX21x:x2/d |Net: EF_AMUX0201_ARRAY1:3/EF_AMUX21x:3/dum 
  sky130_fd_sc_hvl__inv_2/proxy4 = 1       |  sky130_fd_sc_hvl__inv_2/proxyVPB = 1     
                                           |                                           
Net: EF_AMUX0201_ARRAY1:x3/EF_AMUX21x:x3/d |Net: EF_AMUX0201_ARRAY1:3/EF_AMUX21x:1/dum 
  sky130_fd_sc_hvl__inv_2/proxy4 = 1       |  sky130_fd_sc_hvl__inv_2/proxyVPB = 1     
                                           |                                           
Net: EF_AMUX0201_ARRAY1:x3/EF_AMUX21x:x3/d |Net: EF_AMUX0201_ARRAY1:3/EF_AMUX21x:1/dum 
  sky130_fd_sc_hvl__inv_2/proxy4 = 1       |  sky130_fd_sc_hvl__inv_2/proxyVPB = 1     
                                           |                                           
Net: EF_AMUX0201_ARRAY1:x3/EF_AMUX21x:x3/d |Net: EF_AMUX0201_ARRAY1:3/EF_AMUX21x:1/dum 
  sky130_fd_sc_hvl__inv_2/proxy4 = 1       |  sky130_fd_sc_hvl__inv_2/proxyVPB = 1     
                                           |                                           
Net: EF_AMUX0201_ARRAY1:x3/EF_AMUX21x:x3/d |Net: EF_AMUX0201_ARRAY1:3/EF_AMUX21x:1/dum 
  sky130_fd_sc_hvl__inv_2/proxy4 = 1       |  sky130_fd_sc_hvl__inv_2/proxyVPB = 1     
                                           |                                           
Net: EF_AMUX0201_ARRAY1:x3/EF_AMUX21x:x1/d |Net: EF_AMUX0201_ARRAY1:3/EF_AMUX21x:2/dum 
  sky130_fd_sc_hvl__inv_2/proxy4 = 1       |  sky130_fd_sc_hvl__inv_2/proxyVPB = 1     
                                           |                                           
Net: EF_AMUX0201_ARRAY1:x3/EF_AMUX21x:x1/d |Net: EF_AMUX0201_ARRAY1:3/EF_AMUX21x:2/dum 
  sky130_fd_sc_hvl__inv_2/proxy4 = 1       |  sky130_fd_sc_hvl__inv_2/proxyVPB = 1     
                                           |                                           
Net: EF_AMUX0201_ARRAY1:x3/EF_AMUX21x:x1/d |Net: EF_AMUX0201_ARRAY1:3/EF_AMUX21x:2/dum 
  sky130_fd_sc_hvl__inv_2/proxy4 = 1       |  sky130_fd_sc_hvl__inv_2/proxyVPB = 1     
                                           |                                           
Net: EF_AMUX0201_ARRAY1:x3/EF_AMUX21x:x1/d |Net: EF_AMUX0201_ARRAY1:3/EF_AMUX21x:2/dum 
  sky130_fd_sc_hvl__inv_2/proxy4 = 1       |  sky130_fd_sc_hvl__inv_2/proxyVPB = 1     
                                           |                                           
Net: EF_AMUX0201_ARRAY1:x3//EF_AMUX21x_1/d |Net: EF_AMUX0201_ARRAY1:3/EF_AMUX21x:7/dum 
  sky130_fd_sc_hvl__inv_2/proxy3 = 1       |  sky130_fd_sc_hvl__inv_2/proxyVNB = 1     
                                           |                                           
Net: EF_AMUX0201_ARRAY1:x3//EF_AMUX21x_1/d |Net: EF_AMUX0201_ARRAY1:3/EF_AMUX21x:7/dum 
  sky130_fd_sc_hvl__inv_2/proxy3 = 1       |  sky130_fd_sc_hvl__inv_2/proxyVNB = 1     
                                           |                                           
Net: EF_AMUX0201_ARRAY1:x3//EF_AMUX21x_1/d |Net: EF_AMUX0201_ARRAY1:3/EF_AMUX21x:7/dum 
  sky130_fd_sc_hvl__inv_2/proxy3 = 1       |  sky130_fd_sc_hvl__inv_2/proxyVNB = 1     
                                           |                                           
Net: EF_AMUX0201_ARRAY1:x3//EF_AMUX21x_1/d |Net: EF_AMUX0201_ARRAY1:3/EF_AMUX21x:7/dum 
  sky130_fd_sc_hvl__inv_2/proxy3 = 1       |  sky130_fd_sc_hvl__inv_2/proxyVNB = 1     
                                           |                                           
Net: EF_AMUX0201_ARRAY1:x3//EF_AMUX21x_0/d |Net: EF_AMUX0201_ARRAY1:3/EF_AMUX21x:6/dum 
  sky130_fd_sc_hvl__inv_2/proxy3 = 1       |  sky130_fd_sc_hvl__inv_2/proxyVNB = 1     
                                           |                                           
Net: EF_AMUX0201_ARRAY1:x3//EF_AMUX21x_0/d |Net: EF_AMUX0201_ARRAY1:3/EF_AMUX21x:6/dum 
  sky130_fd_sc_hvl__inv_2/proxy3 = 1       |  sky130_fd_sc_hvl__inv_2/proxyVNB = 1     
                                           |                                           
Net: EF_AMUX0201_ARRAY1:x3//EF_AMUX21x_0/d |Net: EF_AMUX0201_ARRAY1:3/EF_AMUX21x:6/dum 
  sky130_fd_sc_hvl__inv_2/proxy3 = 1       |  sky130_fd_sc_hvl__inv_2/proxyVNB = 1     
                                           |                                           
Net: EF_AMUX0201_ARRAY1:x3//EF_AMUX21x_0/d |Net: EF_AMUX0201_ARRAY1:3/EF_AMUX21x:6/dum 
  sky130_fd_sc_hvl__inv_2/proxy3 = 1       |  sky130_fd_sc_hvl__inv_2/proxyVNB = 1     
                                           |                                           
Net: EF_AMUX0201_ARRAY1:x3/EF_AMUX21x:x12/ |Net: EF_AMUX0201_ARRAY1:3/EF_AMUX21x:12/du 
  sky130_fd_sc_hvl__inv_2/proxy3 = 1       |  sky130_fd_sc_hvl__inv_2/proxyVNB = 1     
                                           |                                           
Net: EF_AMUX0201_ARRAY1:x3/EF_AMUX21x:x12/ |Net: EF_AMUX0201_ARRAY1:3/EF_AMUX21x:12/du 
  sky130_fd_sc_hvl__inv_2/proxy3 = 1       |  sky130_fd_sc_hvl__inv_2/proxyVNB = 1     
                                           |                                           
Net: EF_AMUX0201_ARRAY1:x3/EF_AMUX21x:x12/ |Net: EF_AMUX0201_ARRAY1:3/EF_AMUX21x:12/du 
  sky130_fd_sc_hvl__inv_2/proxy3 = 1       |  sky130_fd_sc_hvl__inv_2/proxyVNB = 1     
                                           |                                           
Net: EF_AMUX0201_ARRAY1:x3/EF_AMUX21x:x12/ |Net: EF_AMUX0201_ARRAY1:3/EF_AMUX21x:12/du 
  sky130_fd_sc_hvl__inv_2/proxy3 = 1       |  sky130_fd_sc_hvl__inv_2/proxyVNB = 1     
                                           |                                           
Net: EF_AMUX0201_ARRAY1:x3/EF_AMUX21x:x11/ |Net: EF_AMUX0201_ARRAY1:3/EF_AMUX21x:11/du 
  sky130_fd_sc_hvl__inv_2/proxy3 = 1       |  sky130_fd_sc_hvl__inv_2/proxyVNB = 1     
                                           |                                           
Net: EF_AMUX0201_ARRAY1:x3/EF_AMUX21x:x11/ |Net: EF_AMUX0201_ARRAY1:3/EF_AMUX21x:11/du 
  sky130_fd_sc_hvl__inv_2/proxy3 = 1       |  sky130_fd_sc_hvl__inv_2/proxyVNB = 1     
                                           |                                           
Net: EF_AMUX0201_ARRAY1:x3/EF_AMUX21x:x11/ |Net: EF_AMUX0201_ARRAY1:3/EF_AMUX21x:11/du 
  sky130_fd_sc_hvl__inv_2/proxy3 = 1       |  sky130_fd_sc_hvl__inv_2/proxyVNB = 1     
                                           |                                           
Net: EF_AMUX0201_ARRAY1:x3/EF_AMUX21x:x11/ |Net: EF_AMUX0201_ARRAY1:3/EF_AMUX21x:11/du 
  sky130_fd_sc_hvl__inv_2/proxy3 = 1       |  sky130_fd_sc_hvl__inv_2/proxyVNB = 1     
                                           |                                           
Net: EF_AMUX0201_ARRAY1:x3/EF_AMUX21x:x10/ |Net: EF_AMUX0201_ARRAY1:3/EF_AMUX21x:10/du 
  sky130_fd_sc_hvl__inv_2/proxy3 = 1       |  sky130_fd_sc_hvl__inv_2/proxyVNB = 1     
                                           |                                           
Net: EF_AMUX0201_ARRAY1:x3/EF_AMUX21x:x10/ |Net: EF_AMUX0201_ARRAY1:3/EF_AMUX21x:10/du 
  sky130_fd_sc_hvl__inv_2/proxy3 = 1       |  sky130_fd_sc_hvl__inv_2/proxyVNB = 1     
                                           |                                           
Net: EF_AMUX0201_ARRAY1:x3/EF_AMUX21x:x10/ |Net: EF_AMUX0201_ARRAY1:3/EF_AMUX21x:10/du 
  sky130_fd_sc_hvl__inv_2/proxy3 = 1       |  sky130_fd_sc_hvl__inv_2/proxyVNB = 1     
                                           |                                           
Net: EF_AMUX0201_ARRAY1:x3/EF_AMUX21x:x10/ |Net: EF_AMUX0201_ARRAY1:3/EF_AMUX21x:10/du 
  sky130_fd_sc_hvl__inv_2/proxy3 = 1       |  sky130_fd_sc_hvl__inv_2/proxyVNB = 1     
                                           |                                           
Net: EF_AMUX0201_ARRAY1:x3/EF_AMUX21x:x9/d |Net: EF_AMUX0201_ARRAY1:3/EF_AMUX21x:9/dum 
  sky130_fd_sc_hvl__inv_2/proxy3 = 1       |  sky130_fd_sc_hvl__inv_2/proxyVNB = 1     
                                           |                                           
Net: EF_AMUX0201_ARRAY1:x3/EF_AMUX21x:x9/d |Net: EF_AMUX0201_ARRAY1:3/EF_AMUX21x:9/dum 
  sky130_fd_sc_hvl__inv_2/proxy3 = 1       |  sky130_fd_sc_hvl__inv_2/proxyVNB = 1     
                                           |                                           
Net: EF_AMUX0201_ARRAY1:x3/EF_AMUX21x:x9/d |Net: EF_AMUX0201_ARRAY1:3/EF_AMUX21x:9/dum 
  sky130_fd_sc_hvl__inv_2/proxy3 = 1       |  sky130_fd_sc_hvl__inv_2/proxyVNB = 1     
                                           |                                           
Net: EF_AMUX0201_ARRAY1:x3/EF_AMUX21x:x9/d |Net: EF_AMUX0201_ARRAY1:3/EF_AMUX21x:9/dum 
  sky130_fd_sc_hvl__inv_2/proxy3 = 1       |  sky130_fd_sc_hvl__inv_2/proxyVNB = 1     
                                           |                                           
Net: EF_AMUX0201_ARRAY1:x3/EF_AMUX21x:x8/d |Net: EF_AMUX0201_ARRAY1:3/EF_AMUX21x:8/dum 
  sky130_fd_sc_hvl__inv_2/proxy3 = 1       |  sky130_fd_sc_hvl__inv_2/proxyVNB = 1     
                                           |                                           
Net: EF_AMUX0201_ARRAY1:x3/EF_AMUX21x:x8/d |Net: EF_AMUX0201_ARRAY1:3/EF_AMUX21x:8/dum 
  sky130_fd_sc_hvl__inv_2/proxy3 = 1       |  sky130_fd_sc_hvl__inv_2/proxyVNB = 1     
                                           |                                           
Net: EF_AMUX0201_ARRAY1:x3/EF_AMUX21x:x8/d |Net: EF_AMUX0201_ARRAY1:3/EF_AMUX21x:8/dum 
  sky130_fd_sc_hvl__inv_2/proxy3 = 1       |  sky130_fd_sc_hvl__inv_2/proxyVNB = 1     
                                           |                                           
Net: EF_AMUX0201_ARRAY1:x3/EF_AMUX21x:x8/d |Net: EF_AMUX0201_ARRAY1:3/EF_AMUX21x:8/dum 
  sky130_fd_sc_hvl__inv_2/proxy3 = 1       |  sky130_fd_sc_hvl__inv_2/proxyVNB = 1     
                                           |                                           
Net: EF_AMUX0201_ARRAY1:x3/EF_AMUX21x:x5/d |Net: EF_AMUX0201_ARRAY1:3/EF_AMUX21x:5/dum 
  sky130_fd_sc_hvl__inv_2/proxy3 = 1       |  sky130_fd_sc_hvl__inv_2/proxyVNB = 1     
                                           |                                           
Net: EF_AMUX0201_ARRAY1:x3/EF_AMUX21x:x5/d |Net: EF_AMUX0201_ARRAY1:3/EF_AMUX21x:5/dum 
  sky130_fd_sc_hvl__inv_2/proxy3 = 1       |  sky130_fd_sc_hvl__inv_2/proxyVNB = 1     
                                           |                                           
Net: EF_AMUX0201_ARRAY1:x3/EF_AMUX21x:x5/d |Net: EF_AMUX0201_ARRAY1:3/EF_AMUX21x:5/dum 
  sky130_fd_sc_hvl__inv_2/proxy3 = 1       |  sky130_fd_sc_hvl__inv_2/proxyVNB = 1     
                                           |                                           
Net: EF_AMUX0201_ARRAY1:x3/EF_AMUX21x:x5/d |Net: EF_AMUX0201_ARRAY1:3/EF_AMUX21x:5/dum 
  sky130_fd_sc_hvl__inv_2/proxy3 = 1       |  sky130_fd_sc_hvl__inv_2/proxyVNB = 1     
                                           |                                           
Net: EF_AMUX0201_ARRAY1:x3/EF_AMUX21x:x4/d |Net: EF_AMUX0201_ARRAY1:3/EF_AMUX21x:4/dum 
  sky130_fd_sc_hvl__inv_2/proxy3 = 1       |  sky130_fd_sc_hvl__inv_2/proxyVNB = 1     
                                           |                                           
Net: EF_AMUX0201_ARRAY1:x3/EF_AMUX21x:x4/d |Net: EF_AMUX0201_ARRAY1:3/EF_AMUX21x:4/dum 
  sky130_fd_sc_hvl__inv_2/proxy3 = 1       |  sky130_fd_sc_hvl__inv_2/proxyVNB = 1     
                                           |                                           
Net: EF_AMUX0201_ARRAY1:x3/EF_AMUX21x:x4/d |Net: EF_AMUX0201_ARRAY1:3/EF_AMUX21x:4/dum 
  sky130_fd_sc_hvl__inv_2/proxy3 = 1       |  sky130_fd_sc_hvl__inv_2/proxyVNB = 1     
                                           |                                           
Net: EF_AMUX0201_ARRAY1:x3/EF_AMUX21x:x4/d |Net: EF_AMUX0201_ARRAY1:3/EF_AMUX21x:4/dum 
  sky130_fd_sc_hvl__inv_2/proxy3 = 1       |  sky130_fd_sc_hvl__inv_2/proxyVNB = 1     
                                           |                                           
Net: EF_AMUX0201_ARRAY1:x3/EF_AMUX21x:x2/d |Net: EF_AMUX0201_ARRAY1:3/EF_AMUX21x:3/dum 
  sky130_fd_sc_hvl__inv_2/proxy3 = 1       |  sky130_fd_sc_hvl__inv_2/proxyVNB = 1     
                                           |                                           
Net: EF_AMUX0201_ARRAY1:x3/EF_AMUX21x:x2/d |Net: EF_AMUX0201_ARRAY1:3/EF_AMUX21x:3/dum 
  sky130_fd_sc_hvl__inv_2/proxy3 = 1       |  sky130_fd_sc_hvl__inv_2/proxyVNB = 1     
                                           |                                           
Net: EF_AMUX0201_ARRAY1:x3/EF_AMUX21x:x2/d |Net: EF_AMUX0201_ARRAY1:3/EF_AMUX21x:3/dum 
  sky130_fd_sc_hvl__inv_2/proxy3 = 1       |  sky130_fd_sc_hvl__inv_2/proxyVNB = 1     
                                           |                                           
Net: EF_AMUX0201_ARRAY1:x3/EF_AMUX21x:x2/d |Net: EF_AMUX0201_ARRAY1:3/EF_AMUX21x:3/dum 
  sky130_fd_sc_hvl__inv_2/proxy3 = 1       |  sky130_fd_sc_hvl__inv_2/proxyVNB = 1     
                                           |                                           
Net: EF_AMUX0201_ARRAY1:x3/EF_AMUX21x:x3/d |Net: EF_AMUX0201_ARRAY1:3/EF_AMUX21x:1/dum 
  sky130_fd_sc_hvl__inv_2/proxy3 = 1       |  sky130_fd_sc_hvl__inv_2/proxyVNB = 1     
                                           |                                           
Net: EF_AMUX0201_ARRAY1:x3/EF_AMUX21x:x3/d |Net: EF_AMUX0201_ARRAY1:3/EF_AMUX21x:1/dum 
  sky130_fd_sc_hvl__inv_2/proxy3 = 1       |  sky130_fd_sc_hvl__inv_2/proxyVNB = 1     
                                           |                                           
Net: EF_AMUX0201_ARRAY1:x3/EF_AMUX21x:x3/d |Net: EF_AMUX0201_ARRAY1:3/EF_AMUX21x:1/dum 
  sky130_fd_sc_hvl__inv_2/proxy3 = 1       |  sky130_fd_sc_hvl__inv_2/proxyVNB = 1     
                                           |                                           
Net: EF_AMUX0201_ARRAY1:x3/EF_AMUX21x:x3/d |Net: EF_AMUX0201_ARRAY1:3/EF_AMUX21x:1/dum 
  sky130_fd_sc_hvl__inv_2/proxy3 = 1       |  sky130_fd_sc_hvl__inv_2/proxyVNB = 1     
                                           |                                           
Net: EF_AMUX0201_ARRAY1:x3/EF_AMUX21x:x1/d |Net: EF_AMUX0201_ARRAY1:3/EF_AMUX21x:2/dum 
  sky130_fd_sc_hvl__inv_2/proxy3 = 1       |  sky130_fd_sc_hvl__inv_2/proxyVNB = 1     
                                           |                                           
Net: EF_AMUX0201_ARRAY1:x3/EF_AMUX21x:x1/d |Net: EF_AMUX0201_ARRAY1:3/EF_AMUX21x:2/dum 
  sky130_fd_sc_hvl__inv_2/proxy3 = 1       |  sky130_fd_sc_hvl__inv_2/proxyVNB = 1     
                                           |                                           
Net: EF_AMUX0201_ARRAY1:x3/EF_AMUX21x:x1/d |Net: EF_AMUX0201_ARRAY1:3/EF_AMUX21x:2/dum 
  sky130_fd_sc_hvl__inv_2/proxy3 = 1       |  sky130_fd_sc_hvl__inv_2/proxyVNB = 1     
                                           |                                           
Net: EF_AMUX0201_ARRAY1:x3/EF_AMUX21x:x1/d |Net: EF_AMUX0201_ARRAY1:3/EF_AMUX21x:2/dum 
  sky130_fd_sc_hvl__inv_2/proxy3 = 1       |  sky130_fd_sc_hvl__inv_2/proxyVNB = 1     
                                           |                                           
Net: EF_AMUX0201_ARRAY1:x3//EF_AMUX21x_1/d |Net: EF_AMUX0201_ARRAY1:3/EF_AMUX21x:7/dum 
  sky130_fd_sc_hvl__inv_2/proxy2 = 1       |  sky130_fd_sc_hvl__inv_2/proxyVGND = 1    
                                           |                                           
Net: EF_AMUX0201_ARRAY1:x3//EF_AMUX21x_1/d |Net: EF_AMUX0201_ARRAY1:3/EF_AMUX21x:7/dum 
  sky130_fd_sc_hvl__inv_2/proxy2 = 1       |  sky130_fd_sc_hvl__inv_2/proxyVGND = 1    
                                           |                                           
Net: EF_AMUX0201_ARRAY1:x3//EF_AMUX21x_1/d |Net: EF_AMUX0201_ARRAY1:3/EF_AMUX21x:7/dum 
  sky130_fd_sc_hvl__inv_2/proxy2 = 1       |  sky130_fd_sc_hvl__inv_2/proxyVGND = 1    
                                           |                                           
Net: EF_AMUX0201_ARRAY1:x3//EF_AMUX21x_1/d |Net: EF_AMUX0201_ARRAY1:3/EF_AMUX21x:7/dum 
  sky130_fd_sc_hvl__inv_2/proxy2 = 1       |  sky130_fd_sc_hvl__inv_2/proxyVGND = 1    
                                           |                                           
Net: EF_AMUX0201_ARRAY1:x3//EF_AMUX21x_0/d |Net: EF_AMUX0201_ARRAY1:3/EF_AMUX21x:6/dum 
  sky130_fd_sc_hvl__inv_2/proxy2 = 1       |  sky130_fd_sc_hvl__inv_2/proxyVGND = 1    
                                           |                                           
Net: EF_AMUX0201_ARRAY1:x3//EF_AMUX21x_0/d |Net: EF_AMUX0201_ARRAY1:3/EF_AMUX21x:6/dum 
  sky130_fd_sc_hvl__inv_2/proxy2 = 1       |  sky130_fd_sc_hvl__inv_2/proxyVGND = 1    
                                           |                                           
Net: EF_AMUX0201_ARRAY1:x3//EF_AMUX21x_0/d |Net: EF_AMUX0201_ARRAY1:3/EF_AMUX21x:6/dum 
  sky130_fd_sc_hvl__inv_2/proxy2 = 1       |  sky130_fd_sc_hvl__inv_2/proxyVGND = 1    
                                           |                                           
Net: EF_AMUX0201_ARRAY1:x3//EF_AMUX21x_0/d |Net: EF_AMUX0201_ARRAY1:3/EF_AMUX21x:6/dum 
  sky130_fd_sc_hvl__inv_2/proxy2 = 1       |  sky130_fd_sc_hvl__inv_2/proxyVGND = 1    
                                           |                                           
Net: EF_AMUX0201_ARRAY1:x3/EF_AMUX21x:x12/ |Net: EF_AMUX0201_ARRAY1:3/EF_AMUX21x:12/du 
  sky130_fd_sc_hvl__inv_2/proxy2 = 1       |  sky130_fd_sc_hvl__inv_2/proxyVGND = 1    
                                           |                                           
Net: EF_AMUX0201_ARRAY1:x3/EF_AMUX21x:x12/ |Net: EF_AMUX0201_ARRAY1:3/EF_AMUX21x:12/du 
  sky130_fd_sc_hvl__inv_2/proxy2 = 1       |  sky130_fd_sc_hvl__inv_2/proxyVGND = 1    
                                           |                                           
Net: EF_AMUX0201_ARRAY1:x3/EF_AMUX21x:x12/ |Net: EF_AMUX0201_ARRAY1:3/EF_AMUX21x:12/du 
  sky130_fd_sc_hvl__inv_2/proxy2 = 1       |  sky130_fd_sc_hvl__inv_2/proxyVGND = 1    
                                           |                                           
Net: EF_AMUX0201_ARRAY1:x3/EF_AMUX21x:x12/ |Net: EF_AMUX0201_ARRAY1:3/EF_AMUX21x:12/du 
  sky130_fd_sc_hvl__inv_2/proxy2 = 1       |  sky130_fd_sc_hvl__inv_2/proxyVGND = 1    
                                           |                                           
Net: EF_AMUX0201_ARRAY1:x3/EF_AMUX21x:x11/ |Net: EF_AMUX0201_ARRAY1:3/EF_AMUX21x:11/du 
  sky130_fd_sc_hvl__inv_2/proxy2 = 1       |  sky130_fd_sc_hvl__inv_2/proxyVGND = 1    
                                           |                                           
Net: EF_AMUX0201_ARRAY1:x3/EF_AMUX21x:x11/ |Net: EF_AMUX0201_ARRAY1:3/EF_AMUX21x:11/du 
  sky130_fd_sc_hvl__inv_2/proxy2 = 1       |  sky130_fd_sc_hvl__inv_2/proxyVGND = 1    
                                           |                                           
Net: EF_AMUX0201_ARRAY1:x3/EF_AMUX21x:x11/ |Net: EF_AMUX0201_ARRAY1:3/EF_AMUX21x:11/du 
  sky130_fd_sc_hvl__inv_2/proxy2 = 1       |  sky130_fd_sc_hvl__inv_2/proxyVGND = 1    
                                           |                                           
Net: EF_AMUX0201_ARRAY1:x3/EF_AMUX21x:x11/ |Net: EF_AMUX0201_ARRAY1:3/EF_AMUX21x:11/du 
  sky130_fd_sc_hvl__inv_2/proxy2 = 1       |  sky130_fd_sc_hvl__inv_2/proxyVGND = 1    
                                           |                                           
Net: EF_AMUX0201_ARRAY1:x3/EF_AMUX21x:x10/ |Net: EF_AMUX0201_ARRAY1:3/EF_AMUX21x:10/du 
  sky130_fd_sc_hvl__inv_2/proxy2 = 1       |  sky130_fd_sc_hvl__inv_2/proxyVGND = 1    
                                           |                                           
Net: EF_AMUX0201_ARRAY1:x3/EF_AMUX21x:x10/ |Net: EF_AMUX0201_ARRAY1:3/EF_AMUX21x:10/du 
  sky130_fd_sc_hvl__inv_2/proxy2 = 1       |  sky130_fd_sc_hvl__inv_2/proxyVGND = 1    
                                           |                                           
Net: EF_AMUX0201_ARRAY1:x3/EF_AMUX21x:x10/ |Net: EF_AMUX0201_ARRAY1:3/EF_AMUX21x:10/du 
  sky130_fd_sc_hvl__inv_2/proxy2 = 1       |  sky130_fd_sc_hvl__inv_2/proxyVGND = 1    
                                           |                                           
Net: EF_AMUX0201_ARRAY1:x3/EF_AMUX21x:x10/ |Net: EF_AMUX0201_ARRAY1:3/EF_AMUX21x:10/du 
  sky130_fd_sc_hvl__inv_2/proxy2 = 1       |  sky130_fd_sc_hvl__inv_2/proxyVGND = 1    
                                           |                                           
Net: EF_AMUX0201_ARRAY1:x3/EF_AMUX21x:x9/d |Net: EF_AMUX0201_ARRAY1:3/EF_AMUX21x:9/dum 
  sky130_fd_sc_hvl__inv_2/proxy2 = 1       |  sky130_fd_sc_hvl__inv_2/proxyVGND = 1    
                                           |                                           
Net: EF_AMUX0201_ARRAY1:x3/EF_AMUX21x:x9/d |Net: EF_AMUX0201_ARRAY1:3/EF_AMUX21x:9/dum 
  sky130_fd_sc_hvl__inv_2/proxy2 = 1       |  sky130_fd_sc_hvl__inv_2/proxyVGND = 1    
                                           |                                           
Net: EF_AMUX0201_ARRAY1:x3/EF_AMUX21x:x9/d |Net: EF_AMUX0201_ARRAY1:3/EF_AMUX21x:9/dum 
  sky130_fd_sc_hvl__inv_2/proxy2 = 1       |  sky130_fd_sc_hvl__inv_2/proxyVGND = 1    
                                           |                                           
Net: EF_AMUX0201_ARRAY1:x3/EF_AMUX21x:x9/d |Net: EF_AMUX0201_ARRAY1:3/EF_AMUX21x:9/dum 
  sky130_fd_sc_hvl__inv_2/proxy2 = 1       |  sky130_fd_sc_hvl__inv_2/proxyVGND = 1    
                                           |                                           
Net: EF_AMUX0201_ARRAY1:x3/EF_AMUX21x:x8/d |Net: EF_AMUX0201_ARRAY1:3/EF_AMUX21x:8/dum 
  sky130_fd_sc_hvl__inv_2/proxy2 = 1       |  sky130_fd_sc_hvl__inv_2/proxyVGND = 1    
                                           |                                           
Net: EF_AMUX0201_ARRAY1:x3/EF_AMUX21x:x8/d |Net: EF_AMUX0201_ARRAY1:3/EF_AMUX21x:8/dum 
  sky130_fd_sc_hvl__inv_2/proxy2 = 1       |  sky130_fd_sc_hvl__inv_2/proxyVGND = 1    
                                           |                                           
Net: EF_AMUX0201_ARRAY1:x3/EF_AMUX21x:x8/d |Net: EF_AMUX0201_ARRAY1:3/EF_AMUX21x:8/dum 
  sky130_fd_sc_hvl__inv_2/proxy2 = 1       |  sky130_fd_sc_hvl__inv_2/proxyVGND = 1    
                                           |                                           
Net: EF_AMUX0201_ARRAY1:x3/EF_AMUX21x:x8/d |Net: EF_AMUX0201_ARRAY1:3/EF_AMUX21x:8/dum 
  sky130_fd_sc_hvl__inv_2/proxy2 = 1       |  sky130_fd_sc_hvl__inv_2/proxyVGND = 1    
                                           |                                           
Net: EF_AMUX0201_ARRAY1:x3/EF_AMUX21x:x5/d |Net: EF_AMUX0201_ARRAY1:3/EF_AMUX21x:5/dum 
  sky130_fd_sc_hvl__inv_2/proxy2 = 1       |  sky130_fd_sc_hvl__inv_2/proxyVGND = 1    
                                           |                                           
Net: EF_AMUX0201_ARRAY1:x3/EF_AMUX21x:x5/d |Net: EF_AMUX0201_ARRAY1:3/EF_AMUX21x:5/dum 
  sky130_fd_sc_hvl__inv_2/proxy2 = 1       |  sky130_fd_sc_hvl__inv_2/proxyVGND = 1    
                                           |                                           
Net: EF_AMUX0201_ARRAY1:x3/EF_AMUX21x:x5/d |Net: EF_AMUX0201_ARRAY1:3/EF_AMUX21x:5/dum 
  sky130_fd_sc_hvl__inv_2/proxy2 = 1       |  sky130_fd_sc_hvl__inv_2/proxyVGND = 1    
                                           |                                           
Net: EF_AMUX0201_ARRAY1:x3/EF_AMUX21x:x5/d |Net: EF_AMUX0201_ARRAY1:3/EF_AMUX21x:5/dum 
  sky130_fd_sc_hvl__inv_2/proxy2 = 1       |  sky130_fd_sc_hvl__inv_2/proxyVGND = 1    
                                           |                                           
Net: EF_AMUX0201_ARRAY1:x3/EF_AMUX21x:x4/d |Net: EF_AMUX0201_ARRAY1:3/EF_AMUX21x:4/dum 
  sky130_fd_sc_hvl__inv_2/proxy2 = 1       |  sky130_fd_sc_hvl__inv_2/proxyVGND = 1    
                                           |                                           
Net: EF_AMUX0201_ARRAY1:x3/EF_AMUX21x:x4/d |Net: EF_AMUX0201_ARRAY1:3/EF_AMUX21x:4/dum 
  sky130_fd_sc_hvl__inv_2/proxy2 = 1       |  sky130_fd_sc_hvl__inv_2/proxyVGND = 1    
                                           |                                           
Net: EF_AMUX0201_ARRAY1:x3/EF_AMUX21x:x4/d |Net: EF_AMUX0201_ARRAY1:3/EF_AMUX21x:4/dum 
  sky130_fd_sc_hvl__inv_2/proxy2 = 1       |  sky130_fd_sc_hvl__inv_2/proxyVGND = 1    
                                           |                                           
Net: EF_AMUX0201_ARRAY1:x3/EF_AMUX21x:x4/d |Net: EF_AMUX0201_ARRAY1:3/EF_AMUX21x:4/dum 
  sky130_fd_sc_hvl__inv_2/proxy2 = 1       |  sky130_fd_sc_hvl__inv_2/proxyVGND = 1    
                                           |                                           
Net: EF_AMUX0201_ARRAY1:x3/EF_AMUX21x:x2/d |Net: EF_AMUX0201_ARRAY1:3/EF_AMUX21x:3/dum 
  sky130_fd_sc_hvl__inv_2/proxy2 = 1       |  sky130_fd_sc_hvl__inv_2/proxyVGND = 1    
                                           |                                           
Net: EF_AMUX0201_ARRAY1:x3/EF_AMUX21x:x2/d |Net: EF_AMUX0201_ARRAY1:3/EF_AMUX21x:3/dum 
  sky130_fd_sc_hvl__inv_2/proxy2 = 1       |  sky130_fd_sc_hvl__inv_2/proxyVGND = 1    
                                           |                                           
Net: EF_AMUX0201_ARRAY1:x3/EF_AMUX21x:x2/d |Net: EF_AMUX0201_ARRAY1:3/EF_AMUX21x:3/dum 
  sky130_fd_sc_hvl__inv_2/proxy2 = 1       |  sky130_fd_sc_hvl__inv_2/proxyVGND = 1    
                                           |                                           
Net: EF_AMUX0201_ARRAY1:x3/EF_AMUX21x:x2/d |Net: EF_AMUX0201_ARRAY1:3/EF_AMUX21x:3/dum 
  sky130_fd_sc_hvl__inv_2/proxy2 = 1       |  sky130_fd_sc_hvl__inv_2/proxyVGND = 1    
                                           |                                           
Net: EF_AMUX0201_ARRAY1:x3/EF_AMUX21x:x3/d |Net: EF_AMUX0201_ARRAY1:3/EF_AMUX21x:1/dum 
  sky130_fd_sc_hvl__inv_2/proxy2 = 1       |  sky130_fd_sc_hvl__inv_2/proxyVGND = 1    
                                           |                                           
Net: EF_AMUX0201_ARRAY1:x3/EF_AMUX21x:x3/d |Net: EF_AMUX0201_ARRAY1:3/EF_AMUX21x:1/dum 
  sky130_fd_sc_hvl__inv_2/proxy2 = 1       |  sky130_fd_sc_hvl__inv_2/proxyVGND = 1    
                                           |                                           
Net: EF_AMUX0201_ARRAY1:x3/EF_AMUX21x:x3/d |Net: EF_AMUX0201_ARRAY1:3/EF_AMUX21x:1/dum 
  sky130_fd_sc_hvl__inv_2/proxy2 = 1       |  sky130_fd_sc_hvl__inv_2/proxyVGND = 1    
                                           |                                           
Net: EF_AMUX0201_ARRAY1:x3/EF_AMUX21x:x3/d |Net: EF_AMUX0201_ARRAY1:3/EF_AMUX21x:1/dum 
  sky130_fd_sc_hvl__inv_2/proxy2 = 1       |  sky130_fd_sc_hvl__inv_2/proxyVGND = 1    
                                           |                                           
Net: EF_AMUX0201_ARRAY1:x3/EF_AMUX21x:x1/d |Net: EF_AMUX0201_ARRAY1:3/EF_AMUX21x:2/dum 
  sky130_fd_sc_hvl__inv_2/proxy2 = 1       |  sky130_fd_sc_hvl__inv_2/proxyVGND = 1    
                                           |                                           
Net: EF_AMUX0201_ARRAY1:x3/EF_AMUX21x:x1/d |Net: EF_AMUX0201_ARRAY1:3/EF_AMUX21x:2/dum 
  sky130_fd_sc_hvl__inv_2/proxy2 = 1       |  sky130_fd_sc_hvl__inv_2/proxyVGND = 1    
                                           |                                           
Net: EF_AMUX0201_ARRAY1:x3/EF_AMUX21x:x1/d |Net: EF_AMUX0201_ARRAY1:3/EF_AMUX21x:2/dum 
  sky130_fd_sc_hvl__inv_2/proxy2 = 1       |  sky130_fd_sc_hvl__inv_2/proxyVGND = 1    
                                           |                                           
Net: EF_AMUX0201_ARRAY1:x3/EF_AMUX21x:x1/d |Net: EF_AMUX0201_ARRAY1:3/EF_AMUX21x:2/dum 
  sky130_fd_sc_hvl__inv_2/proxy2 = 1       |  sky130_fd_sc_hvl__inv_2/proxyVGND = 1    
                                           |                                           
Net: EF_AMUX0201_ARRAY1:x3//EF_AMUX21x_1/d |Net: EF_AMUX0201_ARRAY1:3/EF_AMUX21x:7/dum 
  sky130_fd_sc_hvl__inv_2/proxy1 = 1       |  sky130_fd_sc_hvl__inv_2/proxyA = 1       
                                           |                                           
Net: EF_AMUX0201_ARRAY1:x3//EF_AMUX21x_1/d |Net: EF_AMUX0201_ARRAY1:3/EF_AMUX21x:7/dum 
  sky130_fd_sc_hvl__inv_2/proxy1 = 1       |  sky130_fd_sc_hvl__inv_2/proxyA = 1       
                                           |                                           
Net: EF_AMUX0201_ARRAY1:x3//EF_AMUX21x_1/d |Net: EF_AMUX0201_ARRAY1:3/EF_AMUX21x:7/dum 
  sky130_fd_sc_hvl__inv_2/proxy1 = 1       |  sky130_fd_sc_hvl__inv_2/proxyA = 1       
                                           |                                           
Net: EF_AMUX0201_ARRAY1:x3//EF_AMUX21x_1/d |Net: EF_AMUX0201_ARRAY1:3/EF_AMUX21x:7/dum 
  sky130_fd_sc_hvl__inv_2/proxy1 = 1       |  sky130_fd_sc_hvl__inv_2/proxyA = 1       
                                           |                                           
Net: EF_AMUX0201_ARRAY1:x3//EF_AMUX21x_0/d |Net: EF_AMUX0201_ARRAY1:3/EF_AMUX21x:6/dum 
  sky130_fd_sc_hvl__inv_2/proxy1 = 1       |  sky130_fd_sc_hvl__inv_2/proxyA = 1       
                                           |                                           
Net: EF_AMUX0201_ARRAY1:x3//EF_AMUX21x_0/d |Net: EF_AMUX0201_ARRAY1:3/EF_AMUX21x:6/dum 
  sky130_fd_sc_hvl__inv_2/proxy1 = 1       |  sky130_fd_sc_hvl__inv_2/proxyA = 1       
                                           |                                           
Net: EF_AMUX0201_ARRAY1:x3//EF_AMUX21x_0/d |Net: EF_AMUX0201_ARRAY1:3/EF_AMUX21x:6/dum 
  sky130_fd_sc_hvl__inv_2/proxy1 = 1       |  sky130_fd_sc_hvl__inv_2/proxyA = 1       
                                           |                                           
Net: EF_AMUX0201_ARRAY1:x3//EF_AMUX21x_0/d |Net: EF_AMUX0201_ARRAY1:3/EF_AMUX21x:6/dum 
  sky130_fd_sc_hvl__inv_2/proxy1 = 1       |  sky130_fd_sc_hvl__inv_2/proxyA = 1       
                                           |                                           
Net: EF_AMUX0201_ARRAY1:x3/EF_AMUX21x:x12/ |Net: EF_AMUX0201_ARRAY1:3/EF_AMUX21x:12/du 
  sky130_fd_sc_hvl__inv_2/proxy1 = 1       |  sky130_fd_sc_hvl__inv_2/proxyA = 1       
                                           |                                           
Net: EF_AMUX0201_ARRAY1:x3/EF_AMUX21x:x12/ |Net: EF_AMUX0201_ARRAY1:3/EF_AMUX21x:12/du 
  sky130_fd_sc_hvl__inv_2/proxy1 = 1       |  sky130_fd_sc_hvl__inv_2/proxyA = 1       
                                           |                                           
Net: EF_AMUX0201_ARRAY1:x3/EF_AMUX21x:x12/ |Net: EF_AMUX0201_ARRAY1:3/EF_AMUX21x:12/du 
  sky130_fd_sc_hvl__inv_2/proxy1 = 1       |  sky130_fd_sc_hvl__inv_2/proxyA = 1       
                                           |                                           
Net: EF_AMUX0201_ARRAY1:x3/EF_AMUX21x:x12/ |Net: EF_AMUX0201_ARRAY1:3/EF_AMUX21x:12/du 
  sky130_fd_sc_hvl__inv_2/proxy1 = 1       |  sky130_fd_sc_hvl__inv_2/proxyA = 1       
                                           |                                           
Net: EF_AMUX0201_ARRAY1:x3/EF_AMUX21x:x11/ |Net: EF_AMUX0201_ARRAY1:3/EF_AMUX21x:11/du 
  sky130_fd_sc_hvl__inv_2/proxy1 = 1       |  sky130_fd_sc_hvl__inv_2/proxyA = 1       
                                           |                                           
Net: EF_AMUX0201_ARRAY1:x3/EF_AMUX21x:x11/ |Net: EF_AMUX0201_ARRAY1:3/EF_AMUX21x:11/du 
  sky130_fd_sc_hvl__inv_2/proxy1 = 1       |  sky130_fd_sc_hvl__inv_2/proxyA = 1       
                                           |                                           
Net: EF_AMUX0201_ARRAY1:x3/EF_AMUX21x:x11/ |Net: EF_AMUX0201_ARRAY1:3/EF_AMUX21x:11/du 
  sky130_fd_sc_hvl__inv_2/proxy1 = 1       |  sky130_fd_sc_hvl__inv_2/proxyA = 1       
                                           |                                           
Net: EF_AMUX0201_ARRAY1:x3/EF_AMUX21x:x11/ |Net: EF_AMUX0201_ARRAY1:3/EF_AMUX21x:11/du 
  sky130_fd_sc_hvl__inv_2/proxy1 = 1       |  sky130_fd_sc_hvl__inv_2/proxyA = 1       
                                           |                                           
Net: EF_AMUX0201_ARRAY1:x3/EF_AMUX21x:x10/ |Net: EF_AMUX0201_ARRAY1:3/EF_AMUX21x:10/du 
  sky130_fd_sc_hvl__inv_2/proxy1 = 1       |  sky130_fd_sc_hvl__inv_2/proxyA = 1       
                                           |                                           
Net: EF_AMUX0201_ARRAY1:x3/EF_AMUX21x:x10/ |Net: EF_AMUX0201_ARRAY1:3/EF_AMUX21x:10/du 
  sky130_fd_sc_hvl__inv_2/proxy1 = 1       |  sky130_fd_sc_hvl__inv_2/proxyA = 1       
                                           |                                           
Net: EF_AMUX0201_ARRAY1:x3/EF_AMUX21x:x10/ |Net: EF_AMUX0201_ARRAY1:3/EF_AMUX21x:10/du 
  sky130_fd_sc_hvl__inv_2/proxy1 = 1       |  sky130_fd_sc_hvl__inv_2/proxyA = 1       
                                           |                                           
Net: EF_AMUX0201_ARRAY1:x3/EF_AMUX21x:x10/ |Net: EF_AMUX0201_ARRAY1:3/EF_AMUX21x:10/du 
  sky130_fd_sc_hvl__inv_2/proxy1 = 1       |  sky130_fd_sc_hvl__inv_2/proxyA = 1       
                                           |                                           
Net: EF_AMUX0201_ARRAY1:x3/EF_AMUX21x:x9/d |Net: EF_AMUX0201_ARRAY1:3/EF_AMUX21x:9/dum 
  sky130_fd_sc_hvl__inv_2/proxy1 = 1       |  sky130_fd_sc_hvl__inv_2/proxyA = 1       
                                           |                                           
Net: EF_AMUX0201_ARRAY1:x3/EF_AMUX21x:x9/d |Net: EF_AMUX0201_ARRAY1:3/EF_AMUX21x:9/dum 
  sky130_fd_sc_hvl__inv_2/proxy1 = 1       |  sky130_fd_sc_hvl__inv_2/proxyA = 1       
                                           |                                           
Net: EF_AMUX0201_ARRAY1:x3/EF_AMUX21x:x9/d |Net: EF_AMUX0201_ARRAY1:3/EF_AMUX21x:9/dum 
  sky130_fd_sc_hvl__inv_2/proxy1 = 1       |  sky130_fd_sc_hvl__inv_2/proxyA = 1       
                                           |                                           
Net: EF_AMUX0201_ARRAY1:x3/EF_AMUX21x:x9/d |Net: EF_AMUX0201_ARRAY1:3/EF_AMUX21x:9/dum 
  sky130_fd_sc_hvl__inv_2/proxy1 = 1       |  sky130_fd_sc_hvl__inv_2/proxyA = 1       
                                           |                                           
Net: EF_AMUX0201_ARRAY1:x3/EF_AMUX21x:x8/d |Net: EF_AMUX0201_ARRAY1:3/EF_AMUX21x:8/dum 
  sky130_fd_sc_hvl__inv_2/proxy1 = 1       |  sky130_fd_sc_hvl__inv_2/proxyA = 1       
                                           |                                           
Net: EF_AMUX0201_ARRAY1:x3/EF_AMUX21x:x8/d |Net: EF_AMUX0201_ARRAY1:3/EF_AMUX21x:8/dum 
  sky130_fd_sc_hvl__inv_2/proxy1 = 1       |  sky130_fd_sc_hvl__inv_2/proxyA = 1       
                                           |                                           
Net: EF_AMUX0201_ARRAY1:x3/EF_AMUX21x:x8/d |Net: EF_AMUX0201_ARRAY1:3/EF_AMUX21x:8/dum 
  sky130_fd_sc_hvl__inv_2/proxy1 = 1       |  sky130_fd_sc_hvl__inv_2/proxyA = 1       
                                           |                                           
Net: EF_AMUX0201_ARRAY1:x3/EF_AMUX21x:x8/d |Net: EF_AMUX0201_ARRAY1:3/EF_AMUX21x:8/dum 
  sky130_fd_sc_hvl__inv_2/proxy1 = 1       |  sky130_fd_sc_hvl__inv_2/proxyA = 1       
                                           |                                           
Net: EF_AMUX0201_ARRAY1:x3/EF_AMUX21x:x5/d |Net: EF_AMUX0201_ARRAY1:3/EF_AMUX21x:5/dum 
  sky130_fd_sc_hvl__inv_2/proxy1 = 1       |  sky130_fd_sc_hvl__inv_2/proxyA = 1       
                                           |                                           
Net: EF_AMUX0201_ARRAY1:x3/EF_AMUX21x:x5/d |Net: EF_AMUX0201_ARRAY1:3/EF_AMUX21x:5/dum 
  sky130_fd_sc_hvl__inv_2/proxy1 = 1       |  sky130_fd_sc_hvl__inv_2/proxyA = 1       
                                           |                                           
Net: EF_AMUX0201_ARRAY1:x3/EF_AMUX21x:x5/d |Net: EF_AMUX0201_ARRAY1:3/EF_AMUX21x:5/dum 
  sky130_fd_sc_hvl__inv_2/proxy1 = 1       |  sky130_fd_sc_hvl__inv_2/proxyA = 1       
                                           |                                           
Net: EF_AMUX0201_ARRAY1:x3/EF_AMUX21x:x5/d |Net: EF_AMUX0201_ARRAY1:3/EF_AMUX21x:5/dum 
  sky130_fd_sc_hvl__inv_2/proxy1 = 1       |  sky130_fd_sc_hvl__inv_2/proxyA = 1       
                                           |                                           
Net: EF_AMUX0201_ARRAY1:x3/EF_AMUX21x:x4/d |Net: EF_AMUX0201_ARRAY1:3/EF_AMUX21x:4/dum 
  sky130_fd_sc_hvl__inv_2/proxy1 = 1       |  sky130_fd_sc_hvl__inv_2/proxyA = 1       
                                           |                                           
Net: EF_AMUX0201_ARRAY1:x3/EF_AMUX21x:x4/d |Net: EF_AMUX0201_ARRAY1:3/EF_AMUX21x:4/dum 
  sky130_fd_sc_hvl__inv_2/proxy1 = 1       |  sky130_fd_sc_hvl__inv_2/proxyA = 1       
                                           |                                           
Net: EF_AMUX0201_ARRAY1:x3/EF_AMUX21x:x4/d |Net: EF_AMUX0201_ARRAY1:3/EF_AMUX21x:4/dum 
  sky130_fd_sc_hvl__inv_2/proxy1 = 1       |  sky130_fd_sc_hvl__inv_2/proxyA = 1       
                                           |                                           
Net: EF_AMUX0201_ARRAY1:x3/EF_AMUX21x:x4/d |Net: EF_AMUX0201_ARRAY1:3/EF_AMUX21x:4/dum 
  sky130_fd_sc_hvl__inv_2/proxy1 = 1       |  sky130_fd_sc_hvl__inv_2/proxyA = 1       
                                           |                                           
Net: EF_AMUX0201_ARRAY1:x3/EF_AMUX21x:x2/d |Net: EF_AMUX0201_ARRAY1:3/EF_AMUX21x:3/dum 
  sky130_fd_sc_hvl__inv_2/proxy1 = 1       |  sky130_fd_sc_hvl__inv_2/proxyA = 1       
                                           |                                           
Net: EF_AMUX0201_ARRAY1:x3/EF_AMUX21x:x2/d |Net: EF_AMUX0201_ARRAY1:3/EF_AMUX21x:3/dum 
  sky130_fd_sc_hvl__inv_2/proxy1 = 1       |  sky130_fd_sc_hvl__inv_2/proxyA = 1       
                                           |                                           
Net: EF_AMUX0201_ARRAY1:x3/EF_AMUX21x:x2/d |Net: EF_AMUX0201_ARRAY1:3/EF_AMUX21x:3/dum 
  sky130_fd_sc_hvl__inv_2/proxy1 = 1       |  sky130_fd_sc_hvl__inv_2/proxyA = 1       
                                           |                                           
Net: EF_AMUX0201_ARRAY1:x3/EF_AMUX21x:x2/d |Net: EF_AMUX0201_ARRAY1:3/EF_AMUX21x:3/dum 
  sky130_fd_sc_hvl__inv_2/proxy1 = 1       |  sky130_fd_sc_hvl__inv_2/proxyA = 1       
                                           |                                           
Net: EF_AMUX0201_ARRAY1:x3/EF_AMUX21x:x3/d |Net: EF_AMUX0201_ARRAY1:3/EF_AMUX21x:1/dum 
  sky130_fd_sc_hvl__inv_2/proxy1 = 1       |  sky130_fd_sc_hvl__inv_2/proxyA = 1       
                                           |                                           
Net: EF_AMUX0201_ARRAY1:x3/EF_AMUX21x:x3/d |Net: EF_AMUX0201_ARRAY1:3/EF_AMUX21x:1/dum 
  sky130_fd_sc_hvl__inv_2/proxy1 = 1       |  sky130_fd_sc_hvl__inv_2/proxyA = 1       
                                           |                                           
Net: EF_AMUX0201_ARRAY1:x3/EF_AMUX21x:x3/d |Net: EF_AMUX0201_ARRAY1:3/EF_AMUX21x:1/dum 
  sky130_fd_sc_hvl__inv_2/proxy1 = 1       |  sky130_fd_sc_hvl__inv_2/proxyA = 1       
                                           |                                           
Net: EF_AMUX0201_ARRAY1:x3/EF_AMUX21x:x3/d |Net: EF_AMUX0201_ARRAY1:3/EF_AMUX21x:1/dum 
  sky130_fd_sc_hvl__inv_2/proxy1 = 1       |  sky130_fd_sc_hvl__inv_2/proxyA = 1       
                                           |                                           
Net: EF_AMUX0201_ARRAY1:x3/EF_AMUX21x:x1/d |Net: EF_AMUX0201_ARRAY1:3/EF_AMUX21x:2/dum 
  sky130_fd_sc_hvl__inv_2/proxy1 = 1       |  sky130_fd_sc_hvl__inv_2/proxyA = 1       
                                           |                                           
Net: EF_AMUX0201_ARRAY1:x3/EF_AMUX21x:x1/d |Net: EF_AMUX0201_ARRAY1:3/EF_AMUX21x:2/dum 
  sky130_fd_sc_hvl__inv_2/proxy1 = 1       |  sky130_fd_sc_hvl__inv_2/proxyA = 1       
                                           |                                           
Net: EF_AMUX0201_ARRAY1:x3/EF_AMUX21x:x1/d |Net: EF_AMUX0201_ARRAY1:3/EF_AMUX21x:2/dum 
  sky130_fd_sc_hvl__inv_2/proxy1 = 1       |  sky130_fd_sc_hvl__inv_2/proxyA = 1       
                                           |                                           
Net: EF_AMUX0201_ARRAY1:x3/EF_AMUX21x:x1/d |Net: EF_AMUX0201_ARRAY1:3/EF_AMUX21x:2/dum 
  sky130_fd_sc_hvl__inv_2/proxy1 = 1       |  sky130_fd_sc_hvl__inv_2/proxyA = 1       
                                           |                                           
Net: EF_AMUX0201_ARRAY1:x3//EF_AMUX21x_1/d |Net: EF_AMUX0201_ARRAY1:3/EF_AMUX21x:7/dum 
  sky130_fd_sc_hvl__inv_2/proxy6 = 1       |  sky130_fd_sc_hvl__inv_2/proxyY = 1       
                                           |                                           
Net: EF_AMUX0201_ARRAY1:x3//EF_AMUX21x_0/d |Net: EF_AMUX0201_ARRAY1:3/EF_AMUX21x:6/dum 
  sky130_fd_sc_hvl__inv_2/proxy6 = 1       |  sky130_fd_sc_hvl__inv_2/proxyY = 1       
                                           |                                           
Net: EF_AMUX0201_ARRAY1:x3/EF_AMUX21x:x12/ |Net: EF_AMUX0201_ARRAY1:3/EF_AMUX21x:12/du 
  sky130_fd_sc_hvl__inv_2/proxy6 = 1       |  sky130_fd_sc_hvl__inv_2/proxyY = 1       
                                           |                                           
Net: EF_AMUX0201_ARRAY1:x3/EF_AMUX21x:x11/ |Net: EF_AMUX0201_ARRAY1:3/EF_AMUX21x:11/du 
  sky130_fd_sc_hvl__inv_2/proxy6 = 1       |  sky130_fd_sc_hvl__inv_2/proxyY = 1       
                                           |                                           
Net: EF_AMUX0201_ARRAY1:x3/EF_AMUX21x:x10/ |Net: EF_AMUX0201_ARRAY1:3/EF_AMUX21x:10/du 
  sky130_fd_sc_hvl__inv_2/proxy6 = 1       |  sky130_fd_sc_hvl__inv_2/proxyY = 1       
                                           |                                           
Net: EF_AMUX0201_ARRAY1:x3/EF_AMUX21x:x9/d |Net: EF_AMUX0201_ARRAY1:3/EF_AMUX21x:9/dum 
  sky130_fd_sc_hvl__inv_2/proxy6 = 1       |  sky130_fd_sc_hvl__inv_2/proxyY = 1       
                                           |                                           
Net: EF_AMUX0201_ARRAY1:x3/EF_AMUX21x:x8/d |Net: EF_AMUX0201_ARRAY1:3/EF_AMUX21x:8/dum 
  sky130_fd_sc_hvl__inv_2/proxy6 = 1       |  sky130_fd_sc_hvl__inv_2/proxyY = 1       
                                           |                                           
Net: EF_AMUX0201_ARRAY1:x3/EF_AMUX21x:x5/d |Net: EF_AMUX0201_ARRAY1:3/EF_AMUX21x:5/dum 
  sky130_fd_sc_hvl__inv_2/proxy6 = 1       |  sky130_fd_sc_hvl__inv_2/proxyY = 1       
                                           |                                           
Net: EF_AMUX0201_ARRAY1:x3/EF_AMUX21x:x4/d |Net: EF_AMUX0201_ARRAY1:3/EF_AMUX21x:4/dum 
  sky130_fd_sc_hvl__inv_2/proxy6 = 1       |  sky130_fd_sc_hvl__inv_2/proxyY = 1       
                                           |                                           
Net: EF_AMUX0201_ARRAY1:x3/EF_AMUX21x:x2/d |Net: EF_AMUX0201_ARRAY1:3/EF_AMUX21x:3/dum 
  sky130_fd_sc_hvl__inv_2/proxy6 = 1       |  sky130_fd_sc_hvl__inv_2/proxyY = 1       
                                           |                                           
Net: EF_AMUX0201_ARRAY1:x3/EF_AMUX21x:x3/d |Net: EF_AMUX0201_ARRAY1:3/EF_AMUX21x:1/dum 
  sky130_fd_sc_hvl__inv_2/proxy6 = 1       |  sky130_fd_sc_hvl__inv_2/proxyY = 1       
                                           |                                           
Net: EF_AMUX0201_ARRAY1:x3/EF_AMUX21x:x1/d |Net: EF_AMUX0201_ARRAY1:3/EF_AMUX21x:2/dum 
  sky130_fd_sc_hvl__inv_2/proxy6 = 1       |  sky130_fd_sc_hvl__inv_2/proxyY = 1       
                                           |                                           
Net: EF_AMUX0201_ARRAY1:x3//EF_AMUX21x_1/d |Net: EF_AMUX0201_ARRAY1:3/EF_AMUX21x:7/dum 
  sky130_fd_sc_hvl__inv_2/proxy5 = 1       |  sky130_fd_sc_hvl__inv_2/proxyVPWR = 1    
                                           |                                           
Net: EF_AMUX0201_ARRAY1:x3//EF_AMUX21x_0/d |Net: EF_AMUX0201_ARRAY1:3/EF_AMUX21x:6/dum 
  sky130_fd_sc_hvl__inv_2/proxy5 = 1       |  sky130_fd_sc_hvl__inv_2/proxyVPWR = 1    
                                           |                                           
Net: EF_AMUX0201_ARRAY1:x3/EF_AMUX21x:x12/ |Net: EF_AMUX0201_ARRAY1:3/EF_AMUX21x:12/du 
  sky130_fd_sc_hvl__inv_2/proxy5 = 1       |  sky130_fd_sc_hvl__inv_2/proxyVPWR = 1    
                                           |                                           
Net: EF_AMUX0201_ARRAY1:x3/EF_AMUX21x:x11/ |Net: EF_AMUX0201_ARRAY1:3/EF_AMUX21x:11/du 
  sky130_fd_sc_hvl__inv_2/proxy5 = 1       |  sky130_fd_sc_hvl__inv_2/proxyVPWR = 1    
                                           |                                           
Net: EF_AMUX0201_ARRAY1:x3/EF_AMUX21x:x10/ |Net: EF_AMUX0201_ARRAY1:3/EF_AMUX21x:10/du 
  sky130_fd_sc_hvl__inv_2/proxy5 = 1       |  sky130_fd_sc_hvl__inv_2/proxyVPWR = 1    
                                           |                                           
Net: EF_AMUX0201_ARRAY1:x3/EF_AMUX21x:x9/d |Net: EF_AMUX0201_ARRAY1:3/EF_AMUX21x:9/dum 
  sky130_fd_sc_hvl__inv_2/proxy5 = 1       |  sky130_fd_sc_hvl__inv_2/proxyVPWR = 1    
                                           |                                           
Net: EF_AMUX0201_ARRAY1:x3/EF_AMUX21x:x8/d |Net: EF_AMUX0201_ARRAY1:3/EF_AMUX21x:8/dum 
  sky130_fd_sc_hvl__inv_2/proxy5 = 1       |  sky130_fd_sc_hvl__inv_2/proxyVPWR = 1    
                                           |                                           
Net: EF_AMUX0201_ARRAY1:x3/EF_AMUX21x:x5/d |Net: EF_AMUX0201_ARRAY1:3/EF_AMUX21x:5/dum 
  sky130_fd_sc_hvl__inv_2/proxy5 = 1       |  sky130_fd_sc_hvl__inv_2/proxyVPWR = 1    
                                           |                                           
Net: EF_AMUX0201_ARRAY1:x3/EF_AMUX21x:x4/d |Net: EF_AMUX0201_ARRAY1:3/EF_AMUX21x:4/dum 
  sky130_fd_sc_hvl__inv_2/proxy5 = 1       |  sky130_fd_sc_hvl__inv_2/proxyVPWR = 1    
                                           |                                           
Net: EF_AMUX0201_ARRAY1:x3/EF_AMUX21x:x2/d |Net: EF_AMUX0201_ARRAY1:3/EF_AMUX21x:3/dum 
  sky130_fd_sc_hvl__inv_2/proxy5 = 1       |  sky130_fd_sc_hvl__inv_2/proxyVPWR = 1    
                                           |                                           
Net: EF_AMUX0201_ARRAY1:x3/EF_AMUX21x:x3/d |Net: EF_AMUX0201_ARRAY1:3/EF_AMUX21x:1/dum 
  sky130_fd_sc_hvl__inv_2/proxy5 = 1       |  sky130_fd_sc_hvl__inv_2/proxyVPWR = 1    
                                           |                                           
Net: EF_AMUX0201_ARRAY1:x3/EF_AMUX21x:x1/d |Net: EF_AMUX0201_ARRAY1:3/EF_AMUX21x:2/dum 
  sky130_fd_sc_hvl__inv_2/proxy5 = 1       |  sky130_fd_sc_hvl__inv_2/proxyVPWR = 1    
                                           |                                           
Net: EF_AMUX0201_ARRAY1:x3//EF_AMUX21x_1/d |Net: EF_AMUX0201_ARRAY1:3/EF_AMUX21x:7/dum 
  sky130_fd_sc_hvl__inv_2/proxy4 = 1       |  sky130_fd_sc_hvl__inv_2/proxyVPB = 1     
                                           |                                           
Net: EF_AMUX0201_ARRAY1:x3//EF_AMUX21x_0/d |Net: EF_AMUX0201_ARRAY1:3/EF_AMUX21x:6/dum 
  sky130_fd_sc_hvl__inv_2/proxy4 = 1       |  sky130_fd_sc_hvl__inv_2/proxyVPB = 1     
                                           |                                           
Net: EF_AMUX0201_ARRAY1:x3/EF_AMUX21x:x12/ |Net: EF_AMUX0201_ARRAY1:3/EF_AMUX21x:12/du 
  sky130_fd_sc_hvl__inv_2/proxy4 = 1       |  sky130_fd_sc_hvl__inv_2/proxyVPB = 1     
                                           |                                           
Net: EF_AMUX0201_ARRAY1:x3/EF_AMUX21x:x11/ |Net: EF_AMUX0201_ARRAY1:3/EF_AMUX21x:11/du 
  sky130_fd_sc_hvl__inv_2/proxy4 = 1       |  sky130_fd_sc_hvl__inv_2/proxyVPB = 1     
                                           |                                           
Net: EF_AMUX0201_ARRAY1:x3/EF_AMUX21x:x10/ |Net: EF_AMUX0201_ARRAY1:3/EF_AMUX21x:10/du 
  sky130_fd_sc_hvl__inv_2/proxy4 = 1       |  sky130_fd_sc_hvl__inv_2/proxyVPB = 1     
                                           |                                           
Net: EF_AMUX0201_ARRAY1:x3/EF_AMUX21x:x9/d |Net: EF_AMUX0201_ARRAY1:3/EF_AMUX21x:9/dum 
  sky130_fd_sc_hvl__inv_2/proxy4 = 1       |  sky130_fd_sc_hvl__inv_2/proxyVPB = 1     
                                           |                                           
Net: EF_AMUX0201_ARRAY1:x3/EF_AMUX21x:x8/d |Net: EF_AMUX0201_ARRAY1:3/EF_AMUX21x:8/dum 
  sky130_fd_sc_hvl__inv_2/proxy4 = 1       |  sky130_fd_sc_hvl__inv_2/proxyVPB = 1     
                                           |                                           
Net: EF_AMUX0201_ARRAY1:x3/EF_AMUX21x:x5/d |Net: EF_AMUX0201_ARRAY1:3/EF_AMUX21x:5/dum 
  sky130_fd_sc_hvl__inv_2/proxy4 = 1       |  sky130_fd_sc_hvl__inv_2/proxyVPB = 1     
                                           |                                           
Net: EF_AMUX0201_ARRAY1:x3/EF_AMUX21x:x4/d |Net: EF_AMUX0201_ARRAY1:3/EF_AMUX21x:4/dum 
  sky130_fd_sc_hvl__inv_2/proxy4 = 1       |  sky130_fd_sc_hvl__inv_2/proxyVPB = 1     
                                           |                                           
Net: EF_AMUX0201_ARRAY1:x3/EF_AMUX21x:x2/d |Net: EF_AMUX0201_ARRAY1:3/EF_AMUX21x:3/dum 
  sky130_fd_sc_hvl__inv_2/proxy4 = 1       |  sky130_fd_sc_hvl__inv_2/proxyVPB = 1     
                                           |                                           
Net: EF_AMUX0201_ARRAY1:x3/EF_AMUX21x:x3/d |Net: EF_AMUX0201_ARRAY1:3/EF_AMUX21x:1/dum 
  sky130_fd_sc_hvl__inv_2/proxy4 = 1       |  sky130_fd_sc_hvl__inv_2/proxyVPB = 1     
                                           |                                           
Net: EF_AMUX0201_ARRAY1:x3/EF_AMUX21x:x1/d |Net: EF_AMUX0201_ARRAY1:3/EF_AMUX21x:2/dum 
  sky130_fd_sc_hvl__inv_2/proxy4 = 1       |  sky130_fd_sc_hvl__inv_2/proxyVPB = 1     
                                           |                                           
Net: EF_AMUX0201_ARRAY1:x3//EF_AMUX21x_1/d |Net: EF_AMUX0201_ARRAY1:3/EF_AMUX21x:7/dum 
  sky130_fd_sc_hvl__inv_2/proxy3 = 1       |  sky130_fd_sc_hvl__inv_2/proxyVNB = 1     
                                           |                                           
Net: EF_AMUX0201_ARRAY1:x3//EF_AMUX21x_0/d |Net: EF_AMUX0201_ARRAY1:3/EF_AMUX21x:6/dum 
  sky130_fd_sc_hvl__inv_2/proxy3 = 1       |  sky130_fd_sc_hvl__inv_2/proxyVNB = 1     
                                           |                                           
Net: EF_AMUX0201_ARRAY1:x3/EF_AMUX21x:x12/ |Net: EF_AMUX0201_ARRAY1:3/EF_AMUX21x:12/du 
  sky130_fd_sc_hvl__inv_2/proxy3 = 1       |  sky130_fd_sc_hvl__inv_2/proxyVNB = 1     
                                           |                                           
Net: EF_AMUX0201_ARRAY1:x3/EF_AMUX21x:x11/ |Net: EF_AMUX0201_ARRAY1:3/EF_AMUX21x:11/du 
  sky130_fd_sc_hvl__inv_2/proxy3 = 1       |  sky130_fd_sc_hvl__inv_2/proxyVNB = 1     
                                           |                                           
Net: EF_AMUX0201_ARRAY1:x3/EF_AMUX21x:x10/ |Net: EF_AMUX0201_ARRAY1:3/EF_AMUX21x:10/du 
  sky130_fd_sc_hvl__inv_2/proxy3 = 1       |  sky130_fd_sc_hvl__inv_2/proxyVNB = 1     
                                           |                                           
Net: EF_AMUX0201_ARRAY1:x3/EF_AMUX21x:x9/d |Net: EF_AMUX0201_ARRAY1:3/EF_AMUX21x:9/dum 
  sky130_fd_sc_hvl__inv_2/proxy3 = 1       |  sky130_fd_sc_hvl__inv_2/proxyVNB = 1     
                                           |                                           
Net: EF_AMUX0201_ARRAY1:x3/EF_AMUX21x:x8/d |Net: EF_AMUX0201_ARRAY1:3/EF_AMUX21x:8/dum 
  sky130_fd_sc_hvl__inv_2/proxy3 = 1       |  sky130_fd_sc_hvl__inv_2/proxyVNB = 1     
                                           |                                           
Net: EF_AMUX0201_ARRAY1:x3/EF_AMUX21x:x5/d |Net: EF_AMUX0201_ARRAY1:3/EF_AMUX21x:5/dum 
  sky130_fd_sc_hvl__inv_2/proxy3 = 1       |  sky130_fd_sc_hvl__inv_2/proxyVNB = 1     
                                           |                                           
Net: EF_AMUX0201_ARRAY1:x3/EF_AMUX21x:x4/d |Net: EF_AMUX0201_ARRAY1:3/EF_AMUX21x:4/dum 
  sky130_fd_sc_hvl__inv_2/proxy3 = 1       |  sky130_fd_sc_hvl__inv_2/proxyVNB = 1     
                                           |                                           
Net: EF_AMUX0201_ARRAY1:x3/EF_AMUX21x:x2/d |Net: EF_AMUX0201_ARRAY1:3/EF_AMUX21x:3/dum 
  sky130_fd_sc_hvl__inv_2/proxy3 = 1       |  sky130_fd_sc_hvl__inv_2/proxyVNB = 1     
                                           |                                           
Net: EF_AMUX0201_ARRAY1:x3/EF_AMUX21x:x3/d |Net: EF_AMUX0201_ARRAY1:3/EF_AMUX21x:1/dum 
  sky130_fd_sc_hvl__inv_2/proxy3 = 1       |  sky130_fd_sc_hvl__inv_2/proxyVNB = 1     
                                           |                                           
Net: EF_AMUX0201_ARRAY1:x3/EF_AMUX21x:x1/d |Net: EF_AMUX0201_ARRAY1:3/EF_AMUX21x:2/dum 
  sky130_fd_sc_hvl__inv_2/proxy3 = 1       |  sky130_fd_sc_hvl__inv_2/proxyVNB = 1     
                                           |                                           
Net: EF_AMUX0201_ARRAY1:x3//EF_AMUX21x_1/d |Net: EF_AMUX0201_ARRAY1:3/EF_AMUX21x:7/dum 
  sky130_fd_sc_hvl__inv_2/proxy2 = 1       |  sky130_fd_sc_hvl__inv_2/proxyVGND = 1    
                                           |                                           
Net: EF_AMUX0201_ARRAY1:x3//EF_AMUX21x_0/d |Net: EF_AMUX0201_ARRAY1:3/EF_AMUX21x:6/dum 
  sky130_fd_sc_hvl__inv_2/proxy2 = 1       |  sky130_fd_sc_hvl__inv_2/proxyVGND = 1    
                                           |                                           
Net: EF_AMUX0201_ARRAY1:x3/EF_AMUX21x:x12/ |Net: EF_AMUX0201_ARRAY1:3/EF_AMUX21x:12/du 
  sky130_fd_sc_hvl__inv_2/proxy2 = 1       |  sky130_fd_sc_hvl__inv_2/proxyVGND = 1    
                                           |                                           
Net: EF_AMUX0201_ARRAY1:x3/EF_AMUX21x:x11/ |Net: EF_AMUX0201_ARRAY1:3/EF_AMUX21x:11/du 
  sky130_fd_sc_hvl__inv_2/proxy2 = 1       |  sky130_fd_sc_hvl__inv_2/proxyVGND = 1    
                                           |                                           
Net: EF_AMUX0201_ARRAY1:x3/EF_AMUX21x:x10/ |Net: EF_AMUX0201_ARRAY1:3/EF_AMUX21x:10/du 
  sky130_fd_sc_hvl__inv_2/proxy2 = 1       |  sky130_fd_sc_hvl__inv_2/proxyVGND = 1    
                                           |                                           
Net: EF_AMUX0201_ARRAY1:x3/EF_AMUX21x:x9/d |Net: EF_AMUX0201_ARRAY1:3/EF_AMUX21x:9/dum 
  sky130_fd_sc_hvl__inv_2/proxy2 = 1       |  sky130_fd_sc_hvl__inv_2/proxyVGND = 1    
                                           |                                           
Net: EF_AMUX0201_ARRAY1:x3/EF_AMUX21x:x8/d |Net: EF_AMUX0201_ARRAY1:3/EF_AMUX21x:8/dum 
  sky130_fd_sc_hvl__inv_2/proxy2 = 1       |  sky130_fd_sc_hvl__inv_2/proxyVGND = 1    
                                           |                                           
Net: EF_AMUX0201_ARRAY1:x3/EF_AMUX21x:x5/d |Net: EF_AMUX0201_ARRAY1:3/EF_AMUX21x:5/dum 
  sky130_fd_sc_hvl__inv_2/proxy2 = 1       |  sky130_fd_sc_hvl__inv_2/proxyVGND = 1    
                                           |                                           
Net: EF_AMUX0201_ARRAY1:x3/EF_AMUX21x:x4/d |Net: EF_AMUX0201_ARRAY1:3/EF_AMUX21x:4/dum 
  sky130_fd_sc_hvl__inv_2/proxy2 = 1       |  sky130_fd_sc_hvl__inv_2/proxyVGND = 1    
                                           |                                           
Net: EF_AMUX0201_ARRAY1:x3/EF_AMUX21x:x2/d |Net: EF_AMUX0201_ARRAY1:3/EF_AMUX21x:3/dum 
  sky130_fd_sc_hvl__inv_2/proxy2 = 1       |  sky130_fd_sc_hvl__inv_2/proxyVGND = 1    
                                           |                                           
Net: EF_AMUX0201_ARRAY1:x3/EF_AMUX21x:x3/d |Net: EF_AMUX0201_ARRAY1:3/EF_AMUX21x:1/dum 
  sky130_fd_sc_hvl__inv_2/proxy2 = 1       |  sky130_fd_sc_hvl__inv_2/proxyVGND = 1    
                                           |                                           
Net: EF_AMUX0201_ARRAY1:x3/EF_AMUX21x:x1/d |Net: EF_AMUX0201_ARRAY1:3/EF_AMUX21x:2/dum 
  sky130_fd_sc_hvl__inv_2/proxy2 = 1       |  sky130_fd_sc_hvl__inv_2/proxyVGND = 1    
                                           |                                           
Net: EF_AMUX0201_ARRAY1:x3//EF_AMUX21x_1/d |Net: EF_AMUX0201_ARRAY1:3/EF_AMUX21x:7/dum 
  sky130_fd_sc_hvl__inv_2/proxy1 = 1       |  sky130_fd_sc_hvl__inv_2/proxyA = 1       
                                           |                                           
Net: EF_AMUX0201_ARRAY1:x3//EF_AMUX21x_0/d |Net: EF_AMUX0201_ARRAY1:3/EF_AMUX21x:6/dum 
  sky130_fd_sc_hvl__inv_2/proxy1 = 1       |  sky130_fd_sc_hvl__inv_2/proxyA = 1       
                                           |                                           
Net: EF_AMUX0201_ARRAY1:x3/EF_AMUX21x:x12/ |Net: EF_AMUX0201_ARRAY1:3/EF_AMUX21x:12/du 
  sky130_fd_sc_hvl__inv_2/proxy1 = 1       |  sky130_fd_sc_hvl__inv_2/proxyA = 1       
                                           |                                           
Net: EF_AMUX0201_ARRAY1:x3/EF_AMUX21x:x11/ |Net: EF_AMUX0201_ARRAY1:3/EF_AMUX21x:11/du 
  sky130_fd_sc_hvl__inv_2/proxy1 = 1       |  sky130_fd_sc_hvl__inv_2/proxyA = 1       
                                           |                                           
Net: EF_AMUX0201_ARRAY1:x3/EF_AMUX21x:x10/ |Net: EF_AMUX0201_ARRAY1:3/EF_AMUX21x:10/du 
  sky130_fd_sc_hvl__inv_2/proxy1 = 1       |  sky130_fd_sc_hvl__inv_2/proxyA = 1       
                                           |                                           
Net: EF_AMUX0201_ARRAY1:x3/EF_AMUX21x:x9/d |Net: EF_AMUX0201_ARRAY1:3/EF_AMUX21x:9/dum 
  sky130_fd_sc_hvl__inv_2/proxy1 = 1       |  sky130_fd_sc_hvl__inv_2/proxyA = 1       
                                           |                                           
Net: EF_AMUX0201_ARRAY1:x3/EF_AMUX21x:x8/d |Net: EF_AMUX0201_ARRAY1:3/EF_AMUX21x:8/dum 
  sky130_fd_sc_hvl__inv_2/proxy1 = 1       |  sky130_fd_sc_hvl__inv_2/proxyA = 1       
                                           |                                           
Net: EF_AMUX0201_ARRAY1:x3/EF_AMUX21x:x5/d |Net: EF_AMUX0201_ARRAY1:3/EF_AMUX21x:5/dum 
  sky130_fd_sc_hvl__inv_2/proxy1 = 1       |  sky130_fd_sc_hvl__inv_2/proxyA = 1       
                                           |                                           
Net: EF_AMUX0201_ARRAY1:x3/EF_AMUX21x:x4/d |Net: EF_AMUX0201_ARRAY1:3/EF_AMUX21x:4/dum 
  sky130_fd_sc_hvl__inv_2/proxy1 = 1       |  sky130_fd_sc_hvl__inv_2/proxyA = 1       
                                           |                                           
Net: EF_AMUX0201_ARRAY1:x3/EF_AMUX21x:x2/d |Net: EF_AMUX0201_ARRAY1:3/EF_AMUX21x:3/dum 
  sky130_fd_sc_hvl__inv_2/proxy1 = 1       |  sky130_fd_sc_hvl__inv_2/proxyA = 1       
                                           |                                           
Net: EF_AMUX0201_ARRAY1:x3/EF_AMUX21x:x3/d |Net: EF_AMUX0201_ARRAY1:3/EF_AMUX21x:1/dum 
  sky130_fd_sc_hvl__inv_2/proxy1 = 1       |  sky130_fd_sc_hvl__inv_2/proxyA = 1       
                                           |                                           
Net: EF_AMUX0201_ARRAY1:x3/EF_AMUX21x:x1/d |Net: EF_AMUX0201_ARRAY1:3/EF_AMUX21x:2/dum 
  sky130_fd_sc_hvl__inv_2/proxy1 = 1       |  sky130_fd_sc_hvl__inv_2/proxyA = 1       
                                           |                                           
Net: EF_AMUX0201_ARRAY1:x3/EF_AMUX21x:x1/d |Net: EF_AMUX0201_ARRAY1:3/EF_AMUX21x:2/dum 
  sky130_fd_sc_hvl__decap_8/proxy4 = 1     |  sky130_fd_sc_hvl__decap_8/proxyVPWR = 1  
                                           |                                           
Net: EF_AMUX0201_ARRAY1:x3/EF_AMUX21x:x1/d |Net: EF_AMUX0201_ARRAY1:3/EF_AMUX21x:2/dum 
  sky130_fd_sc_hvl__decap_8/proxy3 = 1     |  sky130_fd_sc_hvl__decap_8/proxyVPB = 1   
                                           |                                           
Net: EF_AMUX0201_ARRAY1:x3/EF_AMUX21x:x1/d |Net: EF_AMUX0201_ARRAY1:3/EF_AMUX21x:2/dum 
  sky130_fd_sc_hvl__decap_8/proxy2 = 1     |  sky130_fd_sc_hvl__decap_8/proxyVNB = 1   
                                           |                                           
Net: EF_AMUX0201_ARRAY1:x3/EF_AMUX21x:x1/d |Net: EF_AMUX0201_ARRAY1:3/EF_AMUX21x:2/dum 
  sky130_fd_sc_hvl__decap_8/proxy1 = 1     |  sky130_fd_sc_hvl__decap_8/proxyVGND = 1  
---------------------------------------------------------------------------------------

---------------------------------------------------------------------------------------
Net: cdac_lvlshift_array_0/RST_3P3         |Net: rst_3v3                               
  sky130_fd_sc_hvl__inv_2/A = 12           |  sky130_fd_sc_hvl__inv_2/1 = 12           
  sky130_fd_sc_hvl__nor2_1/A = 12          |  sky130_fd_sc_hvl__nor2_1/1 = 12          
  sky130_fd_sc_hvl__nor2_1/B = 12          |  sky130_fd_sc_hvl__nor2_1/2 = 12          
  sky130_fd_sc_hvl__lsbuflv2hv_1/X = 1     |  sky130_fd_sc_hvl__lsbuflv2hv_1/7 = 1     
---------------------------------------------------------------------------------------

---------------------------------------------------------------------------------------
Net: EF_AMUX0201_ARRAY1:x3//EF_AMUX21x_1/s |Net: EF_AMUX0201_ARRAY1:3/EF_AMUX21x:7/net 
  sky130_fd_sc_hvl__inv_2/Y = 1            |  simple_analog_switch_2/off = 1           
  sky130_fd_sc_hvl__nor2_1/B = 1           |  sky130_fd_sc_hvl__inv_2/6 = 1            
                                           |                                           
Net: EF_AMUX0201_ARRAY1:x3//EF_AMUX21x_0/s |Net: EF_AMUX0201_ARRAY1:3/EF_AMUX21x:7/net 
  sky130_fd_sc_hvl__inv_2/Y = 1            |  simple_analog_switch_2/off = 1           
  sky130_fd_sc_hvl__nor2_1/B = 1           |  sky130_fd_sc_hvl__inv_2/6 = 1            
                                           |                                           
Net: EF_AMUX0201_ARRAY1:x3/EF_AMUX21x:x12/ |Net: EF_AMUX0201_ARRAY1:3/EF_AMUX21x:6/net 
  sky130_fd_sc_hvl__inv_2/Y = 1            |  simple_analog_switch_2/off = 1           
  sky130_fd_sc_hvl__nor2_1/B = 1           |  sky130_fd_sc_hvl__inv_2/6 = 1            
                                           |                                           
Net: EF_AMUX0201_ARRAY1:x3/EF_AMUX21x:x11/ |Net: EF_AMUX0201_ARRAY1:3/EF_AMUX21x:6/net 
  sky130_fd_sc_hvl__inv_2/Y = 1            |  simple_analog_switch_2/off = 1           
  sky130_fd_sc_hvl__nor2_1/B = 1           |  sky130_fd_sc_hvl__inv_2/6 = 1            
                                           |                                           
Net: EF_AMUX0201_ARRAY1:x3/EF_AMUX21x:x10/ |Net: EF_AMUX0201_ARRAY1:3/EF_AMUX21x:12/ne 
  sky130_fd_sc_hvl__inv_2/Y = 1            |  simple_analog_switch_2/off = 1           
  sky130_fd_sc_hvl__nor2_1/B = 1           |  sky130_fd_sc_hvl__inv_2/6 = 1            
                                           |                                           
Net: EF_AMUX0201_ARRAY1:x3/EF_AMUX21x:x9/s |Net: EF_AMUX0201_ARRAY1:3/EF_AMUX21x:12/ne 
  sky130_fd_sc_hvl__inv_2/Y = 1            |  simple_analog_switch_2/off = 1           
  sky130_fd_sc_hvl__nor2_1/B = 1           |  sky130_fd_sc_hvl__inv_2/6 = 1            
                                           |                                           
Net: EF_AMUX0201_ARRAY1:x3/EF_AMUX21x:x8/s |Net: EF_AMUX0201_ARRAY1:3/EF_AMUX21x:11/ne 
  sky130_fd_sc_hvl__inv_2/Y = 1            |  simple_analog_switch_2/off = 1           
  sky130_fd_sc_hvl__nor2_1/B = 1           |  sky130_fd_sc_hvl__inv_2/6 = 1            
                                           |                                           
Net: EF_AMUX0201_ARRAY1:x3/EF_AMUX21x:x5/s |Net: EF_AMUX0201_ARRAY1:3/EF_AMUX21x:11/ne 
  sky130_fd_sc_hvl__inv_2/Y = 1            |  simple_analog_switch_2/off = 1           
  sky130_fd_sc_hvl__nor2_1/B = 1           |  sky130_fd_sc_hvl__inv_2/6 = 1            
                                           |                                           
Net: EF_AMUX0201_ARRAY1:x3/EF_AMUX21x:x4/s |Net: EF_AMUX0201_ARRAY1:3/EF_AMUX21x:10/ne 
  sky130_fd_sc_hvl__inv_2/Y = 1            |  simple_analog_switch_2/off = 1           
  sky130_fd_sc_hvl__nor2_1/B = 1           |  sky130_fd_sc_hvl__inv_2/6 = 1            
                                           |                                           
Net: EF_AMUX0201_ARRAY1:x3/EF_AMUX21x:x2/s |Net: EF_AMUX0201_ARRAY1:3/EF_AMUX21x:10/ne 
  sky130_fd_sc_hvl__inv_2/Y = 1            |  simple_analog_switch_2/off = 1           
  sky130_fd_sc_hvl__nor2_1/B = 1           |  sky130_fd_sc_hvl__inv_2/6 = 1            
                                           |                                           
Net: EF_AMUX0201_ARRAY1:x3/EF_AMUX21x:x3/s |Net: EF_AMUX0201_ARRAY1:3/EF_AMUX21x:9/net 
  sky130_fd_sc_hvl__inv_2/Y = 1            |  simple_analog_switch_2/off = 1           
  sky130_fd_sc_hvl__nor2_1/B = 1           |  sky130_fd_sc_hvl__inv_2/6 = 1            
                                           |                                           
Net: EF_AMUX0201_ARRAY1:x3/EF_AMUX21x:x1/s |Net: EF_AMUX0201_ARRAY1:3/EF_AMUX21x:9/net 
  sky130_fd_sc_hvl__inv_2/Y = 1            |  simple_analog_switch_2/off = 1           
  sky130_fd_sc_hvl__nor2_1/B = 1           |  sky130_fd_sc_hvl__inv_2/6 = 1            
                                           |                                           
Net: EF_AMUX0201_ARRAY1:x3//EF_AMUX21x_1/s |Net: EF_AMUX0201_ARRAY1:3/EF_AMUX21x:8/net 
  simple_analog_switch_2/on = 1            |  simple_analog_switch_2/off = 1           
  sky130_fd_sc_hvl__inv_2/Y = 1            |  sky130_fd_sc_hvl__inv_2/6 = 1            
                                           |                                           
Net: EF_AMUX0201_ARRAY1:x3//EF_AMUX21x_0/s |Net: EF_AMUX0201_ARRAY1:3/EF_AMUX21x:8/net 
  simple_analog_switch_2/on = 1            |  simple_analog_switch_2/off = 1           
  sky130_fd_sc_hvl__inv_2/Y = 1            |  sky130_fd_sc_hvl__inv_2/6 = 1            
                                           |                                           
Net: EF_AMUX0201_ARRAY1:x3/EF_AMUX21x:x12/ |Net: EF_AMUX0201_ARRAY1:3/EF_AMUX21x:5/net 
  simple_analog_switch_2/on = 1            |  simple_analog_switch_2/off = 1           
  sky130_fd_sc_hvl__inv_2/Y = 1            |  sky130_fd_sc_hvl__inv_2/6 = 1            
                                           |                                           
Net: EF_AMUX0201_ARRAY1:x3/EF_AMUX21x:x11/ |Net: EF_AMUX0201_ARRAY1:3/EF_AMUX21x:5/net 
  simple_analog_switch_2/on = 1            |  simple_analog_switch_2/off = 1           
  sky130_fd_sc_hvl__inv_2/Y = 1            |  sky130_fd_sc_hvl__inv_2/6 = 1            
                                           |                                           
Net: EF_AMUX0201_ARRAY1:x3/EF_AMUX21x:x10/ |Net: EF_AMUX0201_ARRAY1:3/EF_AMUX21x:4/net 
  simple_analog_switch_2/on = 1            |  simple_analog_switch_2/off = 1           
  sky130_fd_sc_hvl__inv_2/Y = 1            |  sky130_fd_sc_hvl__inv_2/6 = 1            
                                           |                                           
Net: EF_AMUX0201_ARRAY1:x3/EF_AMUX21x:x9/s |Net: EF_AMUX0201_ARRAY1:3/EF_AMUX21x:4/net 
  simple_analog_switch_2/on = 1            |  simple_analog_switch_2/off = 1           
  sky130_fd_sc_hvl__inv_2/Y = 1            |  sky130_fd_sc_hvl__inv_2/6 = 1            
                                           |                                           
Net: EF_AMUX0201_ARRAY1:x3/EF_AMUX21x:x8/s |Net: EF_AMUX0201_ARRAY1:3/EF_AMUX21x:3/net 
  simple_analog_switch_2/on = 1            |  simple_analog_switch_2/off = 1           
  sky130_fd_sc_hvl__inv_2/Y = 1            |  sky130_fd_sc_hvl__inv_2/6 = 1            
                                           |                                           
Net: EF_AMUX0201_ARRAY1:x3/EF_AMUX21x:x5/s |Net: EF_AMUX0201_ARRAY1:3/EF_AMUX21x:3/net 
  simple_analog_switch_2/on = 1            |  simple_analog_switch_2/off = 1           
  sky130_fd_sc_hvl__inv_2/Y = 1            |  sky130_fd_sc_hvl__inv_2/6 = 1            
                                           |                                           
Net: EF_AMUX0201_ARRAY1:x3/EF_AMUX21x:x4/s |Net: EF_AMUX0201_ARRAY1:3/EF_AMUX21x:1/net 
  simple_analog_switch_2/on = 1            |  simple_analog_switch_2/off = 1           
  sky130_fd_sc_hvl__inv_2/Y = 1            |  sky130_fd_sc_hvl__inv_2/6 = 1            
                                           |                                           
Net: EF_AMUX0201_ARRAY1:x3/EF_AMUX21x:x2/s |Net: EF_AMUX0201_ARRAY1:3/EF_AMUX21x:1/net 
  simple_analog_switch_2/on = 1            |  simple_analog_switch_2/off = 1           
  sky130_fd_sc_hvl__inv_2/Y = 1            |  sky130_fd_sc_hvl__inv_2/6 = 1            
                                           |                                           
Net: EF_AMUX0201_ARRAY1:x3/EF_AMUX21x:x3/s |Net: EF_AMUX0201_ARRAY1:3/EF_AMUX21x:2/net 
  simple_analog_switch_2/on = 1            |  simple_analog_switch_2/off = 1           
  sky130_fd_sc_hvl__inv_2/Y = 1            |  sky130_fd_sc_hvl__inv_2/6 = 1            
                                           |                                           
Net: EF_AMUX0201_ARRAY1:x3/EF_AMUX21x:x1/s |Net: EF_AMUX0201_ARRAY1:3/EF_AMUX21x:2/net 
  simple_analog_switch_2/on = 1            |  simple_analog_switch_2/off = 1           
  sky130_fd_sc_hvl__inv_2/Y = 1            |  sky130_fd_sc_hvl__inv_2/6 = 1            
                                           |                                           
Net: EF_AMUX0201_ARRAY1:x3//EF_AMUX21x_1/s |Net: EF_AMUX0201_ARRAY1:3/EF_AMUX21x:7/net 
  simple_analog_switch_2/off = 1           |  simple_analog_switch_2/on = 1            
  sky130_fd_sc_hvl__inv_2/Y = 1            |  sky130_fd_sc_hvl__inv_2/6 = 1            
                                           |                                           
Net: EF_AMUX0201_ARRAY1:x3//EF_AMUX21x_1/s |Net: EF_AMUX0201_ARRAY1:3/EF_AMUX21x:6/net 
  simple_analog_switch_2/off = 1           |  simple_analog_switch_2/on = 1            
  sky130_fd_sc_hvl__inv_2/Y = 1            |  sky130_fd_sc_hvl__inv_2/6 = 1            
                                           |                                           
Net: EF_AMUX0201_ARRAY1:x3//EF_AMUX21x_0/s |Net: EF_AMUX0201_ARRAY1:3/EF_AMUX21x:12/ne 
  simple_analog_switch_2/off = 1           |  simple_analog_switch_2/on = 1            
  sky130_fd_sc_hvl__inv_2/Y = 1            |  sky130_fd_sc_hvl__inv_2/6 = 1            
                                           |                                           
Net: EF_AMUX0201_ARRAY1:x3//EF_AMUX21x_0/s |Net: EF_AMUX0201_ARRAY1:3/EF_AMUX21x:11/ne 
  simple_analog_switch_2/off = 1           |  simple_analog_switch_2/on = 1            
  sky130_fd_sc_hvl__inv_2/Y = 1            |  sky130_fd_sc_hvl__inv_2/6 = 1            
                                           |                                           
Net: EF_AMUX0201_ARRAY1:x3/EF_AMUX21x:x12/ |Net: EF_AMUX0201_ARRAY1:3/EF_AMUX21x:10/ne 
  simple_analog_switch_2/off = 1           |  simple_analog_switch_2/on = 1            
  sky130_fd_sc_hvl__inv_2/Y = 1            |  sky130_fd_sc_hvl__inv_2/6 = 1            
                                           |                                           
Net: EF_AMUX0201_ARRAY1:x3/EF_AMUX21x:x12/ |Net: EF_AMUX0201_ARRAY1:3/EF_AMUX21x:9/net 
  simple_analog_switch_2/off = 1           |  simple_analog_switch_2/on = 1            
  sky130_fd_sc_hvl__inv_2/Y = 1            |  sky130_fd_sc_hvl__inv_2/6 = 1            
                                           |                                           
Net: EF_AMUX0201_ARRAY1:x3/EF_AMUX21x:x11/ |Net: EF_AMUX0201_ARRAY1:3/EF_AMUX21x:8/net 
  simple_analog_switch_2/off = 1           |  simple_analog_switch_2/on = 1            
  sky130_fd_sc_hvl__inv_2/Y = 1            |  sky130_fd_sc_hvl__inv_2/6 = 1            
                                           |                                           
Net: EF_AMUX0201_ARRAY1:x3/EF_AMUX21x:x11/ |Net: EF_AMUX0201_ARRAY1:3/EF_AMUX21x:5/net 
  simple_analog_switch_2/off = 1           |  simple_analog_switch_2/on = 1            
  sky130_fd_sc_hvl__inv_2/Y = 1            |  sky130_fd_sc_hvl__inv_2/6 = 1            
                                           |                                           
Net: EF_AMUX0201_ARRAY1:x3/EF_AMUX21x:x10/ |Net: EF_AMUX0201_ARRAY1:3/EF_AMUX21x:4/net 
  simple_analog_switch_2/off = 1           |  simple_analog_switch_2/on = 1            
  sky130_fd_sc_hvl__inv_2/Y = 1            |  sky130_fd_sc_hvl__inv_2/6 = 1            
                                           |                                           
Net: EF_AMUX0201_ARRAY1:x3/EF_AMUX21x:x10/ |Net: EF_AMUX0201_ARRAY1:3/EF_AMUX21x:3/net 
  simple_analog_switch_2/off = 1           |  simple_analog_switch_2/on = 1            
  sky130_fd_sc_hvl__inv_2/Y = 1            |  sky130_fd_sc_hvl__inv_2/6 = 1            
                                           |                                           
Net: EF_AMUX0201_ARRAY1:x3/EF_AMUX21x:x9/s |Net: EF_AMUX0201_ARRAY1:3/EF_AMUX21x:1/net 
  simple_analog_switch_2/off = 1           |  simple_analog_switch_2/on = 1            
  sky130_fd_sc_hvl__inv_2/Y = 1            |  sky130_fd_sc_hvl__inv_2/6 = 1            
                                           |                                           
Net: EF_AMUX0201_ARRAY1:x3/EF_AMUX21x:x9/s |Net: EF_AMUX0201_ARRAY1:3/EF_AMUX21x:2/net 
  simple_analog_switch_2/off = 1           |  simple_analog_switch_2/on = 1            
  sky130_fd_sc_hvl__inv_2/Y = 1            |  sky130_fd_sc_hvl__inv_2/6 = 1            
                                           |                                           
Net: EF_AMUX0201_ARRAY1:x3/EF_AMUX21x:x8/s |Net: EF_AMUX0201_ARRAY1:3/EF_AMUX21x:7/net 
  simple_analog_switch_2/off = 1           |  sky130_fd_sc_hvl__inv_2/6 = 1            
  sky130_fd_sc_hvl__inv_2/Y = 1            |  sky130_fd_sc_hvl__nor2_1/2 = 1           
                                           |                                           
Net: EF_AMUX0201_ARRAY1:x3/EF_AMUX21x:x8/s |Net: EF_AMUX0201_ARRAY1:3/EF_AMUX21x:6/net 
  simple_analog_switch_2/off = 1           |  sky130_fd_sc_hvl__inv_2/6 = 1            
  sky130_fd_sc_hvl__inv_2/Y = 1            |  sky130_fd_sc_hvl__nor2_1/2 = 1           
                                           |                                           
Net: EF_AMUX0201_ARRAY1:x3/EF_AMUX21x:x5/s |Net: EF_AMUX0201_ARRAY1:3/EF_AMUX21x:12/ne 
  simple_analog_switch_2/off = 1           |  sky130_fd_sc_hvl__inv_2/6 = 1            
  sky130_fd_sc_hvl__inv_2/Y = 1            |  sky130_fd_sc_hvl__nor2_1/2 = 1           
                                           |                                           
Net: EF_AMUX0201_ARRAY1:x3/EF_AMUX21x:x5/s |Net: EF_AMUX0201_ARRAY1:3/EF_AMUX21x:11/ne 
  simple_analog_switch_2/off = 1           |  sky130_fd_sc_hvl__inv_2/6 = 1            
  sky130_fd_sc_hvl__inv_2/Y = 1            |  sky130_fd_sc_hvl__nor2_1/2 = 1           
                                           |                                           
Net: EF_AMUX0201_ARRAY1:x3/EF_AMUX21x:x4/s |Net: EF_AMUX0201_ARRAY1:3/EF_AMUX21x:10/ne 
  simple_analog_switch_2/off = 1           |  sky130_fd_sc_hvl__inv_2/6 = 1            
  sky130_fd_sc_hvl__inv_2/Y = 1            |  sky130_fd_sc_hvl__nor2_1/2 = 1           
                                           |                                           
Net: EF_AMUX0201_ARRAY1:x3/EF_AMUX21x:x4/s |Net: EF_AMUX0201_ARRAY1:3/EF_AMUX21x:9/net 
  simple_analog_switch_2/off = 1           |  sky130_fd_sc_hvl__inv_2/6 = 1            
  sky130_fd_sc_hvl__inv_2/Y = 1            |  sky130_fd_sc_hvl__nor2_1/2 = 1           
                                           |                                           
Net: EF_AMUX0201_ARRAY1:x3/EF_AMUX21x:x2/s |Net: EF_AMUX0201_ARRAY1:3/EF_AMUX21x:8/net 
  simple_analog_switch_2/off = 1           |  sky130_fd_sc_hvl__inv_2/6 = 1            
  sky130_fd_sc_hvl__inv_2/Y = 1            |  sky130_fd_sc_hvl__nor2_1/2 = 1           
                                           |                                           
Net: EF_AMUX0201_ARRAY1:x3/EF_AMUX21x:x2/s |Net: EF_AMUX0201_ARRAY1:3/EF_AMUX21x:5/net 
  simple_analog_switch_2/off = 1           |  sky130_fd_sc_hvl__inv_2/6 = 1            
  sky130_fd_sc_hvl__inv_2/Y = 1            |  sky130_fd_sc_hvl__nor2_1/2 = 1           
                                           |                                           
Net: EF_AMUX0201_ARRAY1:x3/EF_AMUX21x:x3/s |Net: EF_AMUX0201_ARRAY1:3/EF_AMUX21x:4/net 
  simple_analog_switch_2/off = 1           |  sky130_fd_sc_hvl__inv_2/6 = 1            
  sky130_fd_sc_hvl__inv_2/Y = 1            |  sky130_fd_sc_hvl__nor2_1/2 = 1           
                                           |                                           
Net: EF_AMUX0201_ARRAY1:x3/EF_AMUX21x:x3/s |Net: EF_AMUX0201_ARRAY1:3/EF_AMUX21x:3/net 
  simple_analog_switch_2/off = 1           |  sky130_fd_sc_hvl__inv_2/6 = 1            
  sky130_fd_sc_hvl__inv_2/Y = 1            |  sky130_fd_sc_hvl__nor2_1/2 = 1           
                                           |                                           
Net: EF_AMUX0201_ARRAY1:x3/EF_AMUX21x:x1/s |Net: EF_AMUX0201_ARRAY1:3/EF_AMUX21x:1/net 
  simple_analog_switch_2/off = 1           |  sky130_fd_sc_hvl__inv_2/6 = 1            
  sky130_fd_sc_hvl__inv_2/Y = 1            |  sky130_fd_sc_hvl__nor2_1/2 = 1           
                                           |                                           
Net: EF_AMUX0201_ARRAY1:x3/EF_AMUX21x:x1/s |Net: EF_AMUX0201_ARRAY1:3/EF_AMUX21x:2/net 
  simple_analog_switch_2/off = 1           |  sky130_fd_sc_hvl__inv_2/6 = 1            
  sky130_fd_sc_hvl__inv_2/Y = 1            |  sky130_fd_sc_hvl__nor2_1/2 = 1           
                                           |                                           
Net: RST                                   |Net: RST                                   
  sky130_fd_sc_hvl__lsbuflv2hv_1/A = 1     |  sky130_fd_sc_hvl__diode_2/1 = 1          
  sky130_fd_sc_hvl__diode_2/DIODE = 1      |  sky130_fd_sc_hvl__lsbuflv2hv_1/1 = 1     
                                           |                                           
Net: HOLD                                  |Net: HOLD                                  
  sky130_fd_sc_hvl__lsbuflv2hv_1/A = 1     |  sky130_fd_sc_hvl__diode_2/1 = 1          
  sky130_fd_sc_hvl__diode_2/DIODE = 1      |  sky130_fd_sc_hvl__lsbuflv2hv_1/1 = 1     
                                           |                                           
Net: SELD0                                 |Net: SELD0                                 
  sky130_fd_sc_hvl__lsbuflv2hv_1/A = 1     |  sky130_fd_sc_hvl__diode_2/1 = 1          
  sky130_fd_sc_hvl__diode_2/DIODE = 1      |  sky130_fd_sc_hvl__lsbuflv2hv_1/1 = 1     
                                           |                                           
Net: SELD8                                 |Net: SELD8                                 
  sky130_fd_sc_hvl__diode_2/DIODE = 1      |  sky130_fd_sc_hvl__lsbuflv2hv_1/1 = 1     
  sky130_fd_sc_hvl__lsbuflv2hv_1/A = 1     |  sky130_fd_sc_hvl__diode_2/1 = 1          
                                           |                                           
Net: SELD4                                 |Net: SELD4                                 
  sky130_fd_sc_hvl__lsbuflv2hv_1/A = 1     |  sky130_fd_sc_hvl__lsbuflv2hv_1/1 = 1     
  sky130_fd_sc_hvl__diode_2/DIODE = 1      |  sky130_fd_sc_hvl__diode_2/1 = 1          
                                           |                                           
Net: SELD9                                 |Net: SELD9                                 
  sky130_fd_sc_hvl__diode_2/DIODE = 1      |  sky130_fd_sc_hvl__lsbuflv2hv_1/1 = 1     
  sky130_fd_sc_hvl__lsbuflv2hv_1/A = 1     |  sky130_fd_sc_hvl__diode_2/1 = 1          
                                           |                                           
Net: SELD1                                 |Net: SELD1                                 
  sky130_fd_sc_hvl__lsbuflv2hv_1/A = 1     |  sky130_fd_sc_hvl__lsbuflv2hv_1/1 = 1     
  sky130_fd_sc_hvl__diode_2/DIODE = 1      |  sky130_fd_sc_hvl__diode_2/1 = 1          
                                           |                                           
Net: SELD5                                 |Net: SELD5                                 
  sky130_fd_sc_hvl__lsbuflv2hv_1/A = 1     |  sky130_fd_sc_hvl__lsbuflv2hv_1/1 = 1     
  sky130_fd_sc_hvl__diode_2/DIODE = 1      |  sky130_fd_sc_hvl__diode_2/1 = 1          
                                           |                                           
Net: SELD2                                 |Net: SELD2                                 
  sky130_fd_sc_hvl__lsbuflv2hv_1/A = 1     |  sky130_fd_sc_hvl__lsbuflv2hv_1/1 = 1     
  sky130_fd_sc_hvl__diode_2/DIODE = 1      |  sky130_fd_sc_hvl__diode_2/1 = 1          
                                           |                                           
Net: SELD10                                |Net: SELD10                                
  sky130_fd_sc_hvl__diode_2/DIODE = 1      |  sky130_fd_sc_hvl__lsbuflv2hv_1/1 = 1     
  sky130_fd_sc_hvl__lsbuflv2hv_1/A = 1     |  sky130_fd_sc_hvl__diode_2/1 = 1          
                                           |                                           
Net: SELD6                                 |Net: SELD6                                 
  sky130_fd_sc_hvl__lsbuflv2hv_1/A = 1     |  sky130_fd_sc_hvl__lsbuflv2hv_1/1 = 1     
  sky130_fd_sc_hvl__diode_2/DIODE = 1      |  sky130_fd_sc_hvl__diode_2/1 = 1          
                                           |                                           
Net: SELD11                                |Net: SELD11                                
  sky130_fd_sc_hvl__diode_2/DIODE = 1      |  sky130_fd_sc_hvl__lsbuflv2hv_1/1 = 1     
  sky130_fd_sc_hvl__lsbuflv2hv_1/A = 1     |  sky130_fd_sc_hvl__diode_2/1 = 1          
                                           |                                           
Net: SELD7                                 |Net: SELD7                                 
  sky130_fd_sc_hvl__lsbuflv2hv_1/A = 1     |  sky130_fd_sc_hvl__lsbuflv2hv_1/1 = 1     
  sky130_fd_sc_hvl__diode_2/DIODE = 1      |  sky130_fd_sc_hvl__diode_2/1 = 1          
                                           |                                           
Net: SELD3                                 |Net: SELD3                                 
  sky130_fd_sc_hvl__lsbuflv2hv_1/A = 1     |  sky130_fd_sc_hvl__lsbuflv2hv_1/1 = 1     
  sky130_fd_sc_hvl__diode_2/DIODE = 1      |  sky130_fd_sc_hvl__diode_2/1 = 1          
---------------------------------------------------------------------------------------

---------------------------------------------------------------------------------------
Net: EF_AMUX0201_ARRAY1:x3//EF_AMUX21x_1/s |Net: EF_AMUX0201_ARRAY1:3/EF_AMUX21x:7/sel 
  simple_analog_switch_2/off = 1           |  simple_analog_switch_2/on = 1            
  sky130_fd_sc_hvl__inv_2/Y = 1            |  sky130_fd_sc_hvl__inv_2/1 = 1            
  sky130_fd_sc_hvl__inv_2/A = 1            |  sky130_fd_sc_hvl__nor2_1/7 = 1           
                                           |                                           
Net: EF_AMUX0201_ARRAY1:x3//EF_AMUX21x_0/s |Net: EF_AMUX0201_ARRAY1:3/EF_AMUX21x:6/sel 
  simple_analog_switch_2/off = 1           |  simple_analog_switch_2/on = 1            
  sky130_fd_sc_hvl__inv_2/Y = 1            |  sky130_fd_sc_hvl__inv_2/1 = 1            
  sky130_fd_sc_hvl__inv_2/A = 1            |  sky130_fd_sc_hvl__nor2_1/7 = 1           
                                           |                                           
Net: EF_AMUX0201_ARRAY1:x3/EF_AMUX21x:x12/ |Net: EF_AMUX0201_ARRAY1:3/EF_AMUX21x:12/se 
  simple_analog_switch_2/off = 1           |  simple_analog_switch_2/on = 1            
  sky130_fd_sc_hvl__inv_2/Y = 1            |  sky130_fd_sc_hvl__inv_2/1 = 1            
  sky130_fd_sc_hvl__inv_2/A = 1            |  sky130_fd_sc_hvl__nor2_1/7 = 1           
                                           |                                           
Net: EF_AMUX0201_ARRAY1:x3/EF_AMUX21x:x11/ |Net: EF_AMUX0201_ARRAY1:3/EF_AMUX21x:11/se 
  simple_analog_switch_2/off = 1           |  simple_analog_switch_2/on = 1            
  sky130_fd_sc_hvl__inv_2/Y = 1            |  sky130_fd_sc_hvl__inv_2/1 = 1            
  sky130_fd_sc_hvl__inv_2/A = 1            |  sky130_fd_sc_hvl__nor2_1/7 = 1           
                                           |                                           
Net: EF_AMUX0201_ARRAY1:x3/EF_AMUX21x:x10/ |Net: EF_AMUX0201_ARRAY1:3/EF_AMUX21x:10/se 
  simple_analog_switch_2/off = 1           |  simple_analog_switch_2/on = 1            
  sky130_fd_sc_hvl__inv_2/Y = 1            |  sky130_fd_sc_hvl__inv_2/1 = 1            
  sky130_fd_sc_hvl__inv_2/A = 1            |  sky130_fd_sc_hvl__nor2_1/7 = 1           
                                           |                                           
Net: EF_AMUX0201_ARRAY1:x3/EF_AMUX21x:x9/s |Net: EF_AMUX0201_ARRAY1:3/EF_AMUX21x:9/sel 
  simple_analog_switch_2/off = 1           |  simple_analog_switch_2/on = 1            
  sky130_fd_sc_hvl__inv_2/Y = 1            |  sky130_fd_sc_hvl__inv_2/1 = 1            
  sky130_fd_sc_hvl__inv_2/A = 1            |  sky130_fd_sc_hvl__nor2_1/7 = 1           
                                           |                                           
Net: EF_AMUX0201_ARRAY1:x3/EF_AMUX21x:x8/s |Net: EF_AMUX0201_ARRAY1:3/EF_AMUX21x:8/sel 
  simple_analog_switch_2/off = 1           |  simple_analog_switch_2/on = 1            
  sky130_fd_sc_hvl__inv_2/Y = 1            |  sky130_fd_sc_hvl__inv_2/1 = 1            
  sky130_fd_sc_hvl__inv_2/A = 1            |  sky130_fd_sc_hvl__nor2_1/7 = 1           
                                           |                                           
Net: EF_AMUX0201_ARRAY1:x3/EF_AMUX21x:x5/s |Net: EF_AMUX0201_ARRAY1:3/EF_AMUX21x:5/sel 
  simple_analog_switch_2/off = 1           |  simple_analog_switch_2/on = 1            
  sky130_fd_sc_hvl__inv_2/Y = 1            |  sky130_fd_sc_hvl__inv_2/1 = 1            
  sky130_fd_sc_hvl__inv_2/A = 1            |  sky130_fd_sc_hvl__nor2_1/7 = 1           
                                           |                                           
Net: EF_AMUX0201_ARRAY1:x3/EF_AMUX21x:x4/s |Net: EF_AMUX0201_ARRAY1:3/EF_AMUX21x:4/sel 
  simple_analog_switch_2/off = 1           |  simple_analog_switch_2/on = 1            
  sky130_fd_sc_hvl__inv_2/Y = 1            |  sky130_fd_sc_hvl__inv_2/1 = 1            
  sky130_fd_sc_hvl__inv_2/A = 1            |  sky130_fd_sc_hvl__nor2_1/7 = 1           
                                           |                                           
Net: EF_AMUX0201_ARRAY1:x3/EF_AMUX21x:x2/s |Net: EF_AMUX0201_ARRAY1:3/EF_AMUX21x:3/sel 
  simple_analog_switch_2/off = 1           |  simple_analog_switch_2/on = 1            
  sky130_fd_sc_hvl__inv_2/Y = 1            |  sky130_fd_sc_hvl__inv_2/1 = 1            
  sky130_fd_sc_hvl__inv_2/A = 1            |  sky130_fd_sc_hvl__nor2_1/7 = 1           
                                           |                                           
Net: EF_AMUX0201_ARRAY1:x3/EF_AMUX21x:x3/s |Net: EF_AMUX0201_ARRAY1:3/EF_AMUX21x:1/sel 
  simple_analog_switch_2/off = 1           |  simple_analog_switch_2/on = 1            
  sky130_fd_sc_hvl__inv_2/Y = 1            |  sky130_fd_sc_hvl__inv_2/1 = 1            
  sky130_fd_sc_hvl__inv_2/A = 1            |  sky130_fd_sc_hvl__nor2_1/7 = 1           
                                           |                                           
Net: EF_AMUX0201_ARRAY1:x3/EF_AMUX21x:x1/s |Net: EF_AMUX0201_ARRAY1:3/EF_AMUX21x:2/sel 
  simple_analog_switch_2/off = 1           |  simple_analog_switch_2/on = 1            
  sky130_fd_sc_hvl__inv_2/Y = 1            |  sky130_fd_sc_hvl__inv_2/1 = 1            
  sky130_fd_sc_hvl__inv_2/A = 1            |  sky130_fd_sc_hvl__nor2_1/7 = 1           
                                           |                                           
Net: EF_AMUX0201_ARRAY1:x3//EF_AMUX21x_1/s |Net: EF_AMUX0201_ARRAY1:3/EF_AMUX21x:7/net 
  simple_analog_switch_2/on = 1            |  simple_analog_switch_2/off = 1           
  sky130_fd_sc_hvl__inv_2/A = 1            |  sky130_fd_sc_hvl__inv_2/6 = 1            
  sky130_fd_sc_hvl__nor2_1/Y = 1           |  sky130_fd_sc_hvl__inv_2/1 = 1            
                                           |                                           
Net: EF_AMUX0201_ARRAY1:x3//EF_AMUX21x_0/s |Net: EF_AMUX0201_ARRAY1:3/EF_AMUX21x:6/net 
  simple_analog_switch_2/on = 1            |  simple_analog_switch_2/off = 1           
  sky130_fd_sc_hvl__inv_2/A = 1            |  sky130_fd_sc_hvl__inv_2/6 = 1            
  sky130_fd_sc_hvl__nor2_1/Y = 1           |  sky130_fd_sc_hvl__inv_2/1 = 1            
                                           |                                           
Net: EF_AMUX0201_ARRAY1:x3/EF_AMUX21x:x12/ |Net: EF_AMUX0201_ARRAY1:3/EF_AMUX21x:12/ne 
  simple_analog_switch_2/on = 1            |  simple_analog_switch_2/off = 1           
  sky130_fd_sc_hvl__inv_2/A = 1            |  sky130_fd_sc_hvl__inv_2/6 = 1            
  sky130_fd_sc_hvl__nor2_1/Y = 1           |  sky130_fd_sc_hvl__inv_2/1 = 1            
                                           |                                           
Net: EF_AMUX0201_ARRAY1:x3/EF_AMUX21x:x11/ |Net: EF_AMUX0201_ARRAY1:3/EF_AMUX21x:11/ne 
  simple_analog_switch_2/on = 1            |  simple_analog_switch_2/off = 1           
  sky130_fd_sc_hvl__inv_2/A = 1            |  sky130_fd_sc_hvl__inv_2/6 = 1            
  sky130_fd_sc_hvl__nor2_1/Y = 1           |  sky130_fd_sc_hvl__inv_2/1 = 1            
                                           |                                           
Net: EF_AMUX0201_ARRAY1:x3/EF_AMUX21x:x10/ |Net: EF_AMUX0201_ARRAY1:3/EF_AMUX21x:10/ne 
  simple_analog_switch_2/on = 1            |  simple_analog_switch_2/off = 1           
  sky130_fd_sc_hvl__inv_2/A = 1            |  sky130_fd_sc_hvl__inv_2/6 = 1            
  sky130_fd_sc_hvl__nor2_1/Y = 1           |  sky130_fd_sc_hvl__inv_2/1 = 1            
                                           |                                           
Net: EF_AMUX0201_ARRAY1:x3/EF_AMUX21x:x9/s |Net: EF_AMUX0201_ARRAY1:3/EF_AMUX21x:9/net 
  simple_analog_switch_2/on = 1            |  simple_analog_switch_2/off = 1           
  sky130_fd_sc_hvl__inv_2/A = 1            |  sky130_fd_sc_hvl__inv_2/6 = 1            
  sky130_fd_sc_hvl__nor2_1/Y = 1           |  sky130_fd_sc_hvl__inv_2/1 = 1            
                                           |                                           
Net: EF_AMUX0201_ARRAY1:x3/EF_AMUX21x:x8/s |Net: EF_AMUX0201_ARRAY1:3/EF_AMUX21x:8/net 
  simple_analog_switch_2/on = 1            |  simple_analog_switch_2/off = 1           
  sky130_fd_sc_hvl__inv_2/A = 1            |  sky130_fd_sc_hvl__inv_2/6 = 1            
  sky130_fd_sc_hvl__nor2_1/Y = 1           |  sky130_fd_sc_hvl__inv_2/1 = 1            
                                           |                                           
Net: EF_AMUX0201_ARRAY1:x3/EF_AMUX21x:x5/s |Net: EF_AMUX0201_ARRAY1:3/EF_AMUX21x:5/net 
  simple_analog_switch_2/on = 1            |  simple_analog_switch_2/off = 1           
  sky130_fd_sc_hvl__inv_2/A = 1            |  sky130_fd_sc_hvl__inv_2/6 = 1            
  sky130_fd_sc_hvl__nor2_1/Y = 1           |  sky130_fd_sc_hvl__inv_2/1 = 1            
                                           |                                           
Net: EF_AMUX0201_ARRAY1:x3/EF_AMUX21x:x4/s |Net: EF_AMUX0201_ARRAY1:3/EF_AMUX21x:4/net 
  simple_analog_switch_2/on = 1            |  simple_analog_switch_2/off = 1           
  sky130_fd_sc_hvl__inv_2/A = 1            |  sky130_fd_sc_hvl__inv_2/6 = 1            
  sky130_fd_sc_hvl__nor2_1/Y = 1           |  sky130_fd_sc_hvl__inv_2/1 = 1            
                                           |                                           
Net: EF_AMUX0201_ARRAY1:x3/EF_AMUX21x:x2/s |Net: EF_AMUX0201_ARRAY1:3/EF_AMUX21x:3/net 
  simple_analog_switch_2/on = 1            |  simple_analog_switch_2/off = 1           
  sky130_fd_sc_hvl__inv_2/A = 1            |  sky130_fd_sc_hvl__inv_2/6 = 1            
  sky130_fd_sc_hvl__nor2_1/Y = 1           |  sky130_fd_sc_hvl__inv_2/1 = 1            
                                           |                                           
Net: EF_AMUX0201_ARRAY1:x3/EF_AMUX21x:x3/s |Net: EF_AMUX0201_ARRAY1:3/EF_AMUX21x:1/net 
  simple_analog_switch_2/on = 1            |  simple_analog_switch_2/off = 1           
  sky130_fd_sc_hvl__inv_2/A = 1            |  sky130_fd_sc_hvl__inv_2/6 = 1            
  sky130_fd_sc_hvl__nor2_1/Y = 1           |  sky130_fd_sc_hvl__inv_2/1 = 1            
                                           |                                           
Net: EF_AMUX0201_ARRAY1:x3/EF_AMUX21x:x1/s |Net: EF_AMUX0201_ARRAY1:3/EF_AMUX21x:2/net 
  simple_analog_switch_2/on = 1            |  simple_analog_switch_2/off = 1           
  sky130_fd_sc_hvl__inv_2/A = 1            |  sky130_fd_sc_hvl__inv_2/6 = 1            
  sky130_fd_sc_hvl__nor2_1/Y = 1           |  sky130_fd_sc_hvl__inv_2/1 = 1            
                                           |                                           
Net: EF_AMUX0201_ARRAY1:x3//EF_AMUX21x_1/s |Net: EF_AMUX0201_ARRAY1:3/EF_AMUX21x:7/sel 
  simple_analog_switch_2/on = 1            |  simple_analog_switch_2/on = 1            
  sky130_fd_sc_hvl__inv_2/A = 1            |  sky130_fd_sc_hvl__inv_2/1 = 1            
  sky130_fd_sc_hvl__nor2_1/Y = 1           |  sky130_fd_sc_hvl__nor2_1/7 = 1           
                                           |                                           
Net: EF_AMUX0201_ARRAY1:x3//EF_AMUX21x_0/s |Net: EF_AMUX0201_ARRAY1:3/EF_AMUX21x:6/sel 
  simple_analog_switch_2/on = 1            |  simple_analog_switch_2/on = 1            
  sky130_fd_sc_hvl__inv_2/A = 1            |  sky130_fd_sc_hvl__inv_2/1 = 1            
  sky130_fd_sc_hvl__nor2_1/Y = 1           |  sky130_fd_sc_hvl__nor2_1/7 = 1           
                                           |                                           
Net: EF_AMUX0201_ARRAY1:x3/EF_AMUX21x:x12/ |Net: EF_AMUX0201_ARRAY1:3/EF_AMUX21x:12/se 
  simple_analog_switch_2/on = 1            |  simple_analog_switch_2/on = 1            
  sky130_fd_sc_hvl__inv_2/A = 1            |  sky130_fd_sc_hvl__inv_2/1 = 1            
  sky130_fd_sc_hvl__nor2_1/Y = 1           |  sky130_fd_sc_hvl__nor2_1/7 = 1           
                                           |                                           
Net: EF_AMUX0201_ARRAY1:x3/EF_AMUX21x:x11/ |Net: EF_AMUX0201_ARRAY1:3/EF_AMUX21x:11/se 
  simple_analog_switch_2/on = 1            |  simple_analog_switch_2/on = 1            
  sky130_fd_sc_hvl__inv_2/A = 1            |  sky130_fd_sc_hvl__inv_2/1 = 1            
  sky130_fd_sc_hvl__nor2_1/Y = 1           |  sky130_fd_sc_hvl__nor2_1/7 = 1           
                                           |                                           
Net: EF_AMUX0201_ARRAY1:x3/EF_AMUX21x:x10/ |Net: EF_AMUX0201_ARRAY1:3/EF_AMUX21x:10/se 
  simple_analog_switch_2/on = 1            |  simple_analog_switch_2/on = 1            
  sky130_fd_sc_hvl__inv_2/A = 1            |  sky130_fd_sc_hvl__inv_2/1 = 1            
  sky130_fd_sc_hvl__nor2_1/Y = 1           |  sky130_fd_sc_hvl__nor2_1/7 = 1           
                                           |                                           
Net: EF_AMUX0201_ARRAY1:x3/EF_AMUX21x:x9/s |Net: EF_AMUX0201_ARRAY1:3/EF_AMUX21x:9/sel 
  simple_analog_switch_2/on = 1            |  simple_analog_switch_2/on = 1            
  sky130_fd_sc_hvl__inv_2/A = 1            |  sky130_fd_sc_hvl__inv_2/1 = 1            
  sky130_fd_sc_hvl__nor2_1/Y = 1           |  sky130_fd_sc_hvl__nor2_1/7 = 1           
                                           |                                           
Net: EF_AMUX0201_ARRAY1:x3/EF_AMUX21x:x8/s |Net: EF_AMUX0201_ARRAY1:3/EF_AMUX21x:8/sel 
  simple_analog_switch_2/on = 1            |  simple_analog_switch_2/on = 1            
  sky130_fd_sc_hvl__inv_2/A = 1            |  sky130_fd_sc_hvl__inv_2/1 = 1            
  sky130_fd_sc_hvl__nor2_1/Y = 1           |  sky130_fd_sc_hvl__nor2_1/7 = 1           
                                           |                                           
Net: EF_AMUX0201_ARRAY1:x3/EF_AMUX21x:x5/s |Net: EF_AMUX0201_ARRAY1:3/EF_AMUX21x:5/sel 
  simple_analog_switch_2/on = 1            |  simple_analog_switch_2/on = 1            
  sky130_fd_sc_hvl__inv_2/A = 1            |  sky130_fd_sc_hvl__inv_2/1 = 1            
  sky130_fd_sc_hvl__nor2_1/Y = 1           |  sky130_fd_sc_hvl__nor2_1/7 = 1           
                                           |                                           
Net: EF_AMUX0201_ARRAY1:x3/EF_AMUX21x:x4/s |Net: EF_AMUX0201_ARRAY1:3/EF_AMUX21x:4/sel 
  simple_analog_switch_2/on = 1            |  simple_analog_switch_2/on = 1            
  sky130_fd_sc_hvl__inv_2/A = 1            |  sky130_fd_sc_hvl__inv_2/1 = 1            
  sky130_fd_sc_hvl__nor2_1/Y = 1           |  sky130_fd_sc_hvl__nor2_1/7 = 1           
                                           |                                           
Net: EF_AMUX0201_ARRAY1:x3/EF_AMUX21x:x2/s |Net: EF_AMUX0201_ARRAY1:3/EF_AMUX21x:3/sel 
  simple_analog_switch_2/on = 1            |  simple_analog_switch_2/on = 1            
  sky130_fd_sc_hvl__inv_2/A = 1            |  sky130_fd_sc_hvl__inv_2/1 = 1            
  sky130_fd_sc_hvl__nor2_1/Y = 1           |  sky130_fd_sc_hvl__nor2_1/7 = 1           
                                           |                                           
Net: EF_AMUX0201_ARRAY1:x3/EF_AMUX21x:x3/s |Net: EF_AMUX0201_ARRAY1:3/EF_AMUX21x:1/sel 
  simple_analog_switch_2/on = 1            |  simple_analog_switch_2/on = 1            
  sky130_fd_sc_hvl__inv_2/A = 1            |  sky130_fd_sc_hvl__inv_2/1 = 1            
  sky130_fd_sc_hvl__nor2_1/Y = 1           |  sky130_fd_sc_hvl__nor2_1/7 = 1           
                                           |                                           
Net: EF_AMUX0201_ARRAY1:x3/EF_AMUX21x:x1/s |Net: EF_AMUX0201_ARRAY1:3/EF_AMUX21x:2/sel 
  simple_analog_switch_2/on = 1            |  simple_analog_switch_2/on = 1            
  sky130_fd_sc_hvl__inv_2/A = 1            |  sky130_fd_sc_hvl__inv_2/1 = 1            
  sky130_fd_sc_hvl__nor2_1/Y = 1           |  sky130_fd_sc_hvl__nor2_1/7 = 1           
                                           |                                           
Net: x3/SELD11                             |Net: holdb_3v3                             
  sky130_fd_sc_hvl__inv_2/A = 1            |  simple_analog_switch/on = 2              
  sky130_fd_sc_hvl__nor2_1/A = 1           |  sky130_fd_sc_hvl__inv_2/6 = 1            
  sky130_fd_sc_hvl__lsbuflv2hv_1/X = 1     |                                           
                                           |                                           
Net: x3/SELD10                             |Net: sel11_3v3                             
  sky130_fd_sc_hvl__inv_2/A = 1            |  sky130_fd_sc_hvl__inv_2/1 = 1            
  sky130_fd_sc_hvl__nor2_1/A = 1           |  sky130_fd_sc_hvl__nor2_1/1 = 1           
  sky130_fd_sc_hvl__lsbuflv2hv_1/X = 1     |  sky130_fd_sc_hvl__lsbuflv2hv_1/7 = 1     
                                           |                                           
Net: x3/SELD6                              |Net: sel10_3v3                             
  sky130_fd_sc_hvl__inv_2/A = 1            |  sky130_fd_sc_hvl__inv_2/1 = 1            
  sky130_fd_sc_hvl__nor2_1/A = 1           |  sky130_fd_sc_hvl__nor2_1/1 = 1           
  sky130_fd_sc_hvl__lsbuflv2hv_1/X = 1     |  sky130_fd_sc_hvl__lsbuflv2hv_1/7 = 1     
                                           |                                           
Net: x3/SELD7                              |Net: sel9_3v3                              
  sky130_fd_sc_hvl__inv_2/A = 1            |  sky130_fd_sc_hvl__inv_2/1 = 1            
  sky130_fd_sc_hvl__nor2_1/A = 1           |  sky130_fd_sc_hvl__nor2_1/1 = 1           
  sky130_fd_sc_hvl__lsbuflv2hv_1/X = 1     |  sky130_fd_sc_hvl__lsbuflv2hv_1/7 = 1     
                                           |                                           
Net: x3/SELD8                              |Net: sel8_3v3                              
  sky130_fd_sc_hvl__inv_2/A = 1            |  sky130_fd_sc_hvl__inv_2/1 = 1            
  sky130_fd_sc_hvl__nor2_1/A = 1           |  sky130_fd_sc_hvl__nor2_1/1 = 1           
  sky130_fd_sc_hvl__lsbuflv2hv_1/X = 1     |  sky130_fd_sc_hvl__lsbuflv2hv_1/7 = 1     
                                           |                                           
Net: x3/SELD9                              |Net: sel7_3v3                              
  sky130_fd_sc_hvl__inv_2/A = 1            |  sky130_fd_sc_hvl__inv_2/1 = 1            
  sky130_fd_sc_hvl__nor2_1/A = 1           |  sky130_fd_sc_hvl__nor2_1/1 = 1           
  sky130_fd_sc_hvl__lsbuflv2hv_1/X = 1     |  sky130_fd_sc_hvl__lsbuflv2hv_1/7 = 1     
                                           |                                           
Net: x3/SELD5                              |Net: sel6_3v3                              
  sky130_fd_sc_hvl__inv_2/A = 1            |  sky130_fd_sc_hvl__inv_2/1 = 1            
  sky130_fd_sc_hvl__nor2_1/A = 1           |  sky130_fd_sc_hvl__nor2_1/1 = 1           
  sky130_fd_sc_hvl__lsbuflv2hv_1/X = 1     |  sky130_fd_sc_hvl__lsbuflv2hv_1/7 = 1     
                                           |                                           
Net: x3/SELD4                              |Net: sel5_3v3                              
  sky130_fd_sc_hvl__inv_2/A = 1            |  sky130_fd_sc_hvl__inv_2/1 = 1            
  sky130_fd_sc_hvl__nor2_1/A = 1           |  sky130_fd_sc_hvl__nor2_1/1 = 1           
  sky130_fd_sc_hvl__lsbuflv2hv_1/X = 1     |  sky130_fd_sc_hvl__lsbuflv2hv_1/7 = 1     
                                           |                                           
Net: x3/SELD1                              |Net: sel4_3v3                              
  sky130_fd_sc_hvl__inv_2/A = 1            |  sky130_fd_sc_hvl__inv_2/1 = 1            
  sky130_fd_sc_hvl__nor2_1/A = 1           |  sky130_fd_sc_hvl__nor2_1/1 = 1           
  sky130_fd_sc_hvl__lsbuflv2hv_1/X = 1     |  sky130_fd_sc_hvl__lsbuflv2hv_1/7 = 1     
                                           |                                           
Net: x3/SELD0                              |Net: sel3_3v3                              
  sky130_fd_sc_hvl__inv_2/A = 1            |  sky130_fd_sc_hvl__inv_2/1 = 1            
  sky130_fd_sc_hvl__nor2_1/A = 1           |  sky130_fd_sc_hvl__nor2_1/1 = 1           
  sky130_fd_sc_hvl__lsbuflv2hv_1/X = 1     |  sky130_fd_sc_hvl__lsbuflv2hv_1/7 = 1     
                                           |                                           
Net: x3/SELD3                              |Net: sel2_3v3                              
  sky130_fd_sc_hvl__inv_2/A = 1            |  sky130_fd_sc_hvl__inv_2/1 = 1            
  sky130_fd_sc_hvl__nor2_1/A = 1           |  sky130_fd_sc_hvl__nor2_1/1 = 1           
  sky130_fd_sc_hvl__lsbuflv2hv_1/X = 1     |  sky130_fd_sc_hvl__lsbuflv2hv_1/7 = 1     
                                           |                                           
Net: x3/SELD2                              |Net: sel1_3v3                              
  sky130_fd_sc_hvl__inv_2/A = 1            |  sky130_fd_sc_hvl__inv_2/1 = 1            
  sky130_fd_sc_hvl__nor2_1/A = 1           |  sky130_fd_sc_hvl__nor2_1/1 = 1           
  sky130_fd_sc_hvl__lsbuflv2hv_1/X = 1     |  sky130_fd_sc_hvl__lsbuflv2hv_1/7 = 1     
                                           |                                           
Net: x1/HOLDB                              |Net: sel0_3v3                              
  simple_analog_switch/on = 2              |  sky130_fd_sc_hvl__inv_2/1 = 1            
  sky130_fd_sc_hvl__inv_2/Y = 1            |  sky130_fd_sc_hvl__nor2_1/1 = 1           
                                           |  sky130_fd_sc_hvl__lsbuflv2hv_1/7 = 1     
---------------------------------------------------------------------------------------

---------------------------------------------------------------------------------------
Net: DVSS                                  |Net: DVSS                                  
  sky130_fd_sc_hvl__inv_2/VGND = 61        |  sky130_fd_sc_hvl__inv_2/2 = 61           
  sky130_fd_sc_hvl__inv_2/VNB = 61         |  sky130_fd_sc_hvl__inv_2/3 = 61           
  sky130_fd_sc_hvl__decap_8/VGND = 1       |  sky130_fd_sc_hvl__nor2_1/3 = 24          
  sky130_fd_sc_hvl__decap_8/VNB = 1        |  sky130_fd_sc_hvl__nor2_1/4 = 24          
  sky130_fd_sc_hvl__nor2_1/VGND = 24       |  sky130_fd_sc_hvl__decap_8/1 = 1          
  sky130_fd_sc_hvl__nor2_1/VNB = 24        |  sky130_fd_sc_hvl__decap_8/2 = 1          
  sky130_fd_sc_hvl__decap_4/VGND = 1       |  sky130_fd_sc_hvl__diode_2/2 = 14         
  sky130_fd_sc_hvl__decap_4/VNB = 1        |  sky130_fd_sc_hvl__diode_2/3 = 14         
  sky130_fd_sc_hvl__diode_2/VGND = 14      |  sky130_fd_sc_hvl__lsbuflv2hv_1/3 = 14    
  sky130_fd_sc_hvl__diode_2/VNB = 14       |  sky130_fd_sc_hvl__lsbuflv2hv_1/4 = 14    
  sky130_fd_sc_hvl__lsbuflv2hv_1/VGND = 14 |  sky130_fd_sc_hvl__decap_4/1 = 1          
  sky130_fd_sc_hvl__lsbuflv2hv_1/VNB = 14  |  sky130_fd_sc_hvl__decap_4/2 = 1          
---------------------------------------------------------------------------------------

---------------------------------------------------------------------------------------
Net: x1/HOLD                               |Net: hold_3v3                              
  simple_analog_switch/off = 2             |  simple_analog_switch/off = 2             
  sky130_fd_sc_hvl__inv_2/A = 1            |  sky130_fd_sc_hvl__lsbuflv2hv_1/7 = 1     
  sky130_fd_sc_hvl__lsbuflv2hv_1/X = 1     |  sky130_fd_sc_hvl__inv_2/1 = 1            
---------------------------------------------------------------------------------------

---------------------------------------------------------------------------------------
Net: DVDD                                  |Net: DVDD                                  
  sky130_fd_sc_hvl__lsbuflv2hv_1/LVPWR = 1 |  sky130_fd_sc_hvl__lsbuflv2hv_1/2 = 14    
---------------------------------------------------------------------------------------

---------------------------------------------------------------------------------------
Net: VDD                                   |Net: VDD                                   
  simple_analog_switch/vdd = 2             |  simple_analog_switch/vdd = 2             
  simple_analog_switch_2/vdd = 36          |  simple_analog_switch_2/vdd = 36          
  sky130_fd_sc_hvl__inv_2/VPB = 61         |  sky130_fd_sc_hvl__inv_2/5 = 61           
  sky130_fd_sc_hvl__inv_2/VPWR = 61        |  sky130_fd_sc_hvl__nor2_1/5 = 24          
  sky130_fd_sc_hvl__decap_8/VPB = 1        |  sky130_fd_sc_hvl__nor2_1/6 = 24          
  sky130_fd_sc_hvl__decap_8/VPWR = 1       |  sky130_fd_sc_hvl__decap_8/3 = 1          
  sky130_fd_sc_hvl__nor2_1/VPB = 24        |  sky130_fd_sc_hvl__decap_8/4 = 1          
  sky130_fd_sc_hvl__nor2_1/VPWR = 24       |  sky130_fd_sc_hvl__inv_2/4 = 61           
  sky130_fd_sc_hvl__decap_4/VPB = 1        |  sky130_fd_sc_hvl__diode_2/4 = 14         
  sky130_fd_sc_hvl__decap_4/VPWR = 1       |  sky130_fd_sc_hvl__diode_2/5 = 14         
  sky130_fd_sc_hvl__diode_2/VPB = 14       |  sky130_fd_sc_hvl__lsbuflv2hv_1/5 = 14    
  sky130_fd_sc_hvl__diode_2/VPWR = 14      |  sky130_fd_sc_hvl__lsbuflv2hv_1/6 = 14    
  sky130_fd_sc_hvl__lsbuflv2hv_1/VPB = 14  |  sky130_fd_sc_hvl__decap_4/3 = 1          
  sky130_fd_sc_hvl__lsbuflv2hv_1/VPWR = 14 |  sky130_fd_sc_hvl__decap_4/4 = 1          
---------------------------------------------------------------------------------------
DEVICE mismatches: Class fragments follow (with node fanout counts):
Circuit 1: sky130_ef_ip__cdac3v_12bit      |Circuit 2: sky130_ef_ip__cdac3v_12bit      

---------------------------------------------------------------------------------------
Instance: EF_BANK_CAP_12:x4//cap_array_hal |Instance: EF_BANK_CAP_12:4/EF_LSB_CAP:4/sk 
  1 = 59                                   |  1 = 17                                   
  2 = 59                                   |  2 = 5                                    
                                           |                                           
Instance: EF_BANK_CAP_12:x4//cap_array_hal |Instance: EF_BANK_CAP_12:4/EF_LSB_CAP:4/sk 
  1 = 13                                   |  1 = 42                                   
  2 = 8                                    |  2 = 42                                   
                                           |                                           
Instance: EF_BANK_CAP_12:x4//cap_array_hal |Instance: EF_BANK_CAP_12:4/EF_LSB_CAP:4/sk 
  1 = 13                                   |  1 = 17                                   
  2 = 5                                    |  2 = 5                                    
                                           |                                           
Instance: EF_BANK_CAP_12:x4//cap_array_hal |Instance: EF_BANK_CAP_12:4/EF_LSB_CAP:4/sk 
  1 = 13                                   |  1 = 17                                   
  2 = 5                                    |  2 = 5                                    
                                           |                                           
Instance: EF_BANK_CAP_12:x4//cap_array_hal |Instance: EF_BANK_CAP_12:4/EF_LSB_CAP:4/sk 
  1 = 13                                   |  1 = 17                                   
  2 = 5                                    |  2 = 5                                    
                                           |                                           
Instance: EF_BANK_CAP_12:x4//cap_array_hal |Instance: EF_BANK_CAP_12:4/EF_LSB_CAP:4/sk 
  1 = 13                                   |  1 = 17                                   
  2 = 5                                    |  2 = 5                                    
                                           |                                           
Instance: EF_BANK_CAP_12:x4//cap_array_hal |Instance: EF_BANK_CAP_12:4/EF_LSB_CAP:4/sk 
  1 = 9                                    |  1 = 17                                   
  2 = 5                                    |  2 = 5                                    
                                           |                                           
Instance: EF_BANK_CAP_12:x4//cap_array_hal |Instance: EF_BANK_CAP_12:4/EF_MSB_CAP:1/sk 
  1 = 9                                    |  1 = 15                                   
  2 = 59                                   |  2 = 5                                    
                                           |                                           
Instance: EF_BANK_CAP_12:x4//cdac_ratioed_ |Instance: EF_BANK_CAP_12:4/EF_MSB_CAP:1/sk 
  1 = 9                                    |  1 = 15                                   
  2 = 13                                   |  2 = 5                                    
                                           |                                           
Instance: EF_BANK_CAP_12:x4//cap_array_hal |Instance: EF_BANK_CAP_12:4/EF_MSB_CAP:1/sk 
  1 = 59                                   |  1 = 15                                   
  2 = 59                                   |  2 = 5                                    
                                           |                                           
Instance: EF_BANK_CAP_12:x4//cap_array_hal |Instance: EF_BANK_CAP_12:4/EF_MSB_CAP:1/sk 
  1 = 8                                    |  1 = 15                                   
  2 = 13                                   |  2 = 5                                    
                                           |                                           
Instance: EF_BANK_CAP_12:x4//cap_array_hal |Instance: EF_BANK_CAP_12:4/EF_MSB_CAP:1/sk 
  1 = 5                                    |  1 = 15                                   
  2 = 13                                   |  2 = 5                                    
                                           |                                           
Instance: EF_BANK_CAP_12:x4//cap_array_hal |Instance: EF_BANK_CAP_12:4/EF_MSB_CAP:1/sk 
  1 = 5                                    |  1 = 15                                   
  2 = 13                                   |  2 = 5                                    
                                           |                                           
Instance: EF_BANK_CAP_12:x4//cap_array_hal |Instance: EF_BANK_CAP_12:4/EF_SC_CAP:2/sky 
  1 = 5                                    |  1 = 17                                   
  2 = 13                                   |  2 = 15                                   
                                           |                                           
Instance: EF_BANK_CAP_12:x4//cap_array_hal |Instance: EF_BANK_CAP_12:4/EF_LSB_CAP:4/sk 
  1 = 5                                    |  1 = 5                                    
  2 = 13                                   |  2 = 17                                   
                                           |                                           
Instance: EF_BANK_CAP_12:x4//cap_array_hal |Instance: EF_BANK_CAP_12:4/EF_LSB_CAP:4/sk 
  1 = 5                                    |  1 = 5                                    
  2 = 9                                    |  2 = 17                                   
                                           |                                           
Instance: EF_BANK_CAP_12:x4//cap_array_hal |Instance: EF_BANK_CAP_12:4/EF_LSB_CAP:4/sk 
  1 = 59                                   |  1 = 5                                    
  2 = 9                                    |  2 = 17                                   
                                           |                                           
Instance: EF_BANK_CAP_12:x4//cdac_ratioed_ |Instance: EF_BANK_CAP_12:4/EF_LSB_CAP:4/sk 
  1 = 13                                   |  1 = 5                                    
  2 = 9                                    |  2 = 17                                   
                                           |                                           
(no matching instance)                     |Instance: EF_BANK_CAP_12:4/EF_LSB_CAP:4/sk 
                                           |  1 = 5                                    
                                           |  2 = 17                                   
                                           |                                           
(no matching instance)                     |Instance: EF_BANK_CAP_12:4/EF_LSB_CAP:4/sk 
                                           |  1 = 42                                   
                                           |  2 = 42                                   
                                           |                                           
(no matching instance)                     |Instance: EF_BANK_CAP_12:4/EF_LSB_CAP:4/sk 
                                           |  1 = 5                                    
                                           |  2 = 17                                   
                                           |                                           
(no matching instance)                     |Instance: EF_BANK_CAP_12:4/EF_MSB_CAP:1/sk 
                                           |  1 = 5                                    
                                           |  2 = 15                                   
                                           |                                           
(no matching instance)                     |Instance: EF_BANK_CAP_12:4/EF_MSB_CAP:1/sk 
                                           |  1 = 5                                    
                                           |  2 = 15                                   
                                           |                                           
(no matching instance)                     |Instance: EF_BANK_CAP_12:4/EF_MSB_CAP:1/sk 
                                           |  1 = 5                                    
                                           |  2 = 15                                   
                                           |                                           
(no matching instance)                     |Instance: EF_BANK_CAP_12:4/EF_MSB_CAP:1/sk 
                                           |  1 = 5                                    
                                           |  2 = 15                                   
                                           |                                           
(no matching instance)                     |Instance: EF_BANK_CAP_12:4/EF_MSB_CAP:1/sk 
                                           |  1 = 5                                    
                                           |  2 = 15                                   
                                           |                                           
(no matching instance)                     |Instance: EF_BANK_CAP_12:4/EF_MSB_CAP:1/sk 
                                           |  1 = 5                                    
                                           |  2 = 15                                   
                                           |                                           
(no matching instance)                     |Instance: EF_BANK_CAP_12:4/EF_SC_CAP:2/sky 
                                           |  1 = 15                                   
                                           |  2 = 17                                   
---------------------------------------------------------------------------------------

---------------------------------------------------------------------------------------
Instance: cdac_lvlshift_array_0//sky130_fd |Instance: cdac_lvlshift_array:2/sky130_fd_ 
  A = 2                                    |  proxyA = 1                               
  LVPWR = 14                               |  proxyLVPWR = 1                           
  VGND = 230                               |  proxyVGND = 1                            
  VNB = 230                                |  proxyVNB = 1                             
  VPB = 268                                |  proxyVPB = 1                             
  VPWR = 268                               |  proxyVPWR = 1                            
  X = 3                                    |  proxyX = 1                               
  proxy1 = 1                               |  1 = 2                                    
  proxy2 = 1                               |  2 = 14                                   
  proxy3 = 1                               |  3 = 230                                  
  proxy4 = 1                               |  4 = 230                                  
  proxy5 = 1                               |  5 = 268                                  
  proxy6 = 1                               |  6 = 268                                  
  proxy7 = 1                               |  7 = 4                                    
                                           |                                           
Instance: cdac_lvlshift_array_0//sky130_fd |Instance: cdac_lvlshift_array:2/sky130_fd_ 
  A = 2                                    |  proxyA = 1                               
  LVPWR = 14                               |  proxyLVPWR = 1                           
  VGND = 230                               |  proxyVGND = 1                            
  VNB = 230                                |  proxyVNB = 1                             
  VPB = 268                                |  proxyVPB = 1                             
  VPWR = 268                               |  proxyVPWR = 1                            
  X = 3                                    |  proxyX = 1                               
  proxy1 = 1                               |  1 = 2                                    
  proxy2 = 1                               |  2 = 14                                   
  proxy3 = 1                               |  3 = 230                                  
  proxy4 = 1                               |  4 = 230                                  
  proxy5 = 1                               |  5 = 268                                  
  proxy6 = 1                               |  6 = 268                                  
  proxy7 = 1                               |  7 = 3                                    
                                           |                                           
Instance: cdac_lvlshift_array_0//sky130_fd |Instance: cdac_lvlshift_array:2/sky130_fd_ 
  A = 2                                    |  proxyA = 1                               
  LVPWR = 14                               |  proxyLVPWR = 1                           
  VGND = 230                               |  proxyVGND = 1                            
  VNB = 230                                |  proxyVNB = 1                             
  VPB = 268                                |  proxyVPB = 1                             
  VPWR = 268                               |  proxyVPWR = 1                            
  X = 3                                    |  proxyX = 1                               
  proxy1 = 1                               |  1 = 2                                    
  proxy2 = 1                               |  2 = 14                                   
  proxy3 = 1                               |  3 = 230                                  
  proxy4 = 1                               |  4 = 230                                  
  proxy5 = 1                               |  5 = 268                                  
  proxy6 = 1                               |  6 = 268                                  
  proxy7 = 1                               |  7 = 3                                    
                                           |                                           
Instance: cdac_lvlshift_array_0//sky130_fd |Instance: cdac_lvlshift_array:2/sky130_fd_ 
  A = 2                                    |  proxyA = 1                               
  LVPWR = 14                               |  proxyLVPWR = 1                           
  VGND = 230                               |  proxyVGND = 1                            
  VNB = 230                                |  proxyVNB = 1                             
  VPB = 268                                |  proxyVPB = 1                             
  VPWR = 268                               |  proxyVPWR = 1                            
  X = 3                                    |  proxyX = 1                               
  proxy1 = 1                               |  1 = 2                                    
  proxy2 = 1                               |  2 = 14                                   
  proxy3 = 1                               |  3 = 230                                  
  proxy4 = 1                               |  4 = 230                                  
  proxy5 = 1                               |  5 = 268                                  
  proxy6 = 1                               |  6 = 268                                  
  proxy7 = 1                               |  7 = 3                                    
                                           |                                           
Instance: cdac_lvlshift_array_0//sky130_fd |Instance: cdac_lvlshift_array:2/sky130_fd_ 
  A = 2                                    |  proxyA = 1                               
  LVPWR = 14                               |  proxyLVPWR = 1                           
  VGND = 230                               |  proxyVGND = 1                            
  VNB = 230                                |  proxyVNB = 1                             
  VPB = 268                                |  proxyVPB = 1                             
  VPWR = 268                               |  proxyVPWR = 1                            
  X = 3                                    |  proxyX = 1                               
  proxy1 = 1                               |  1 = 2                                    
  proxy2 = 1                               |  2 = 14                                   
  proxy3 = 1                               |  3 = 230                                  
  proxy4 = 1                               |  4 = 230                                  
  proxy5 = 1                               |  5 = 268                                  
  proxy6 = 1                               |  6 = 268                                  
  proxy7 = 1                               |  7 = 3                                    
                                           |                                           
Instance: cdac_lvlshift_array_0//sky130_fd |Instance: cdac_lvlshift_array:2/sky130_fd_ 
  A = 2                                    |  proxyA = 1                               
  LVPWR = 14                               |  proxyLVPWR = 1                           
  VGND = 230                               |  proxyVGND = 1                            
  VNB = 230                                |  proxyVNB = 1                             
  VPB = 268                                |  proxyVPB = 1                             
  VPWR = 268                               |  proxyVPWR = 1                            
  X = 3                                    |  proxyX = 1                               
  proxy1 = 1                               |  1 = 2                                    
  proxy2 = 1                               |  2 = 14                                   
  proxy3 = 1                               |  3 = 230                                  
  proxy4 = 1                               |  4 = 230                                  
  proxy5 = 1                               |  5 = 268                                  
  proxy6 = 1                               |  6 = 268                                  
  proxy7 = 1                               |  7 = 3                                    
                                           |                                           
Instance: cdac_lvlshift_array_0//sky130_fd |Instance: cdac_lvlshift_array:2/sky130_fd_ 
  A = 2                                    |  proxyA = 1                               
  LVPWR = 14                               |  proxyLVPWR = 1                           
  VGND = 230                               |  proxyVGND = 1                            
  VNB = 230                                |  proxyVNB = 1                             
  VPB = 268                                |  proxyVPB = 1                             
  VPWR = 268                               |  proxyVPWR = 1                            
  X = 3                                    |  proxyX = 1                               
  proxy1 = 1                               |  1 = 2                                    
  proxy2 = 1                               |  2 = 14                                   
  proxy3 = 1                               |  3 = 230                                  
  proxy4 = 1                               |  4 = 230                                  
  proxy5 = 1                               |  5 = 268                                  
  proxy6 = 1                               |  6 = 268                                  
  proxy7 = 1                               |  7 = 3                                    
                                           |                                           
Instance: cdac_lvlshift_array_0//sky130_fd |Instance: cdac_lvlshift_array:2/sky130_fd_ 
  A = 2                                    |  proxyA = 1                               
  LVPWR = 14                               |  proxyLVPWR = 1                           
  VGND = 230                               |  proxyVGND = 1                            
  VNB = 230                                |  proxyVNB = 1                             
  VPB = 268                                |  proxyVPB = 1                             
  VPWR = 268                               |  proxyVPWR = 1                            
  X = 3                                    |  proxyX = 1                               
  proxy1 = 1                               |  1 = 2                                    
  proxy2 = 1                               |  2 = 14                                   
  proxy3 = 1                               |  3 = 230                                  
  proxy4 = 1                               |  4 = 230                                  
  proxy5 = 1                               |  5 = 268                                  
  proxy6 = 1                               |  6 = 268                                  
  proxy7 = 1                               |  7 = 3                                    
                                           |                                           
Instance: cdac_lvlshift_array_0//sky130_fd |Instance: cdac_lvlshift_array:2/sky130_fd_ 
  A = 2                                    |  proxyA = 1                               
  LVPWR = 14                               |  proxyLVPWR = 1                           
  VGND = 230                               |  proxyVGND = 1                            
  VNB = 230                                |  proxyVNB = 1                             
  VPB = 268                                |  proxyVPB = 1                             
  VPWR = 268                               |  proxyVPWR = 1                            
  X = 3                                    |  proxyX = 1                               
  proxy1 = 1                               |  1 = 2                                    
  proxy2 = 1                               |  2 = 14                                   
  proxy3 = 1                               |  3 = 230                                  
  proxy4 = 1                               |  4 = 230                                  
  proxy5 = 1                               |  5 = 268                                  
  proxy6 = 1                               |  6 = 268                                  
  proxy7 = 1                               |  7 = 3                                    
                                           |                                           
Instance: cdac_lvlshift_array_0//sky130_fd |Instance: cdac_lvlshift_array:2/sky130_fd_ 
  A = 2                                    |  proxyA = 1                               
  LVPWR = 14                               |  proxyLVPWR = 1                           
  VGND = 230                               |  proxyVGND = 1                            
  VNB = 230                                |  proxyVNB = 1                             
  VPB = 268                                |  proxyVPB = 1                             
  VPWR = 268                               |  proxyVPWR = 1                            
  X = 3                                    |  proxyX = 1                               
  proxy1 = 1                               |  1 = 2                                    
  proxy2 = 1                               |  2 = 14                                   
  proxy3 = 1                               |  3 = 230                                  
  proxy4 = 1                               |  4 = 230                                  
  proxy5 = 1                               |  5 = 268                                  
  proxy6 = 1                               |  6 = 268                                  
  proxy7 = 1                               |  7 = 3                                    
                                           |                                           
Instance: cdac_lvlshift_array_0//sky130_fd |Instance: cdac_lvlshift_array:2/sky130_fd_ 
  A = 2                                    |  proxyA = 1                               
  LVPWR = 14                               |  proxyLVPWR = 1                           
  VGND = 230                               |  proxyVGND = 1                            
  VNB = 230                                |  proxyVNB = 1                             
  VPB = 268                                |  proxyVPB = 1                             
  VPWR = 268                               |  proxyVPWR = 1                            
  X = 3                                    |  proxyX = 1                               
  proxy1 = 1                               |  1 = 2                                    
  proxy2 = 1                               |  2 = 14                                   
  proxy3 = 1                               |  3 = 230                                  
  proxy4 = 1                               |  4 = 230                                  
  proxy5 = 1                               |  5 = 268                                  
  proxy6 = 1                               |  6 = 268                                  
  proxy7 = 1                               |  7 = 3                                    
                                           |                                           
Instance: cdac_lvlshift_array_0//sky130_fd |Instance: cdac_lvlshift_array:2/sky130_fd_ 
  A = 2                                    |  proxyA = 1                               
  LVPWR = 14                               |  proxyLVPWR = 1                           
  VGND = 230                               |  proxyVGND = 1                            
  VNB = 230                                |  proxyVNB = 1                             
  VPB = 268                                |  proxyVPB = 1                             
  VPWR = 268                               |  proxyVPWR = 1                            
  X = 3                                    |  proxyX = 1                               
  proxy1 = 1                               |  1 = 2                                    
  proxy2 = 1                               |  2 = 14                                   
  proxy3 = 1                               |  3 = 230                                  
  proxy4 = 1                               |  4 = 230                                  
  proxy5 = 1                               |  5 = 268                                  
  proxy6 = 1                               |  6 = 268                                  
  proxy7 = 1                               |  7 = 3                                    
                                           |                                           
Instance: cdac_lvlshift_array_0//sky130_fd |Instance: cdac_lvlshift_array:2/sky130_fd_ 
  A = 2                                    |  proxyA = 1                               
  LVPWR = 14                               |  proxyLVPWR = 1                           
  VGND = 230                               |  proxyVGND = 1                            
  VNB = 230                                |  proxyVNB = 1                             
  VPB = 268                                |  proxyVPB = 1                             
  VPWR = 268                               |  proxyVPWR = 1                            
  X = 37                                   |  proxyX = 1                               
  proxy1 = 1                               |  1 = 2                                    
  proxy2 = 1                               |  2 = 14                                   
  proxy3 = 1                               |  3 = 230                                  
  proxy4 = 1                               |  4 = 230                                  
  proxy5 = 1                               |  5 = 268                                  
  proxy6 = 1                               |  6 = 268                                  
  proxy7 = 1                               |  7 = 3                                    
                                           |                                           
Instance: cdac_lvlshift_array_0//sky130_fd |Instance: cdac_lvlshift_array:2/sky130_fd_ 
  A = 2                                    |  proxyA = 1                               
  LVPWR = 14                               |  proxyLVPWR = 1                           
  VGND = 230                               |  proxyVGND = 1                            
  VNB = 230                                |  proxyVNB = 1                             
  VPB = 268                                |  proxyVPB = 1                             
  VPWR = 268                               |  proxyVPWR = 1                            
  X = 4                                    |  proxyX = 1                               
  proxy1 = 1                               |  1 = 2                                    
  proxy2 = 1                               |  2 = 14                                   
  proxy3 = 1                               |  3 = 230                                  
  proxy4 = 1                               |  4 = 230                                  
  proxy5 = 1                               |  5 = 268                                  
  proxy6 = 1                               |  6 = 268                                  
  proxy7 = 1                               |  7 = 37                                   
---------------------------------------------------------------------------------------

---------------------------------------------------------------------------------------
Instance: cdac_lvlshift_array_0//sky130_fd |Instance: cdac_lvlshift_array:2/sky130_fd_ 
  DIODE = 2                                |  proxyDIODE = 1                           
  VGND = 230                               |  proxyVGND = 1                            
  VNB = 230                                |  proxyVNB = 1                             
  VPB = 268                                |  proxyVPB = 1                             
  VPWR = 268                               |  proxyVPWR = 1                            
  proxy1 = 1                               |  1 = 2                                    
  proxy2 = 1                               |  2 = 230                                  
  proxy3 = 1                               |  3 = 230                                  
  proxy4 = 1                               |  4 = 268                                  
  proxy5 = 1                               |  5 = 268                                  
                                           |                                           
Instance: cdac_lvlshift_array_0//sky130_fd |Instance: cdac_lvlshift_array:2/sky130_fd_ 
  DIODE = 2                                |  proxyDIODE = 1                           
  VGND = 230                               |  proxyVGND = 1                            
  VNB = 230                                |  proxyVNB = 1                             
  VPB = 268                                |  proxyVPB = 1                             
  VPWR = 268                               |  proxyVPWR = 1                            
  proxy1 = 1                               |  1 = 2                                    
  proxy2 = 1                               |  2 = 230                                  
  proxy3 = 1                               |  3 = 230                                  
  proxy4 = 1                               |  4 = 268                                  
  proxy5 = 1                               |  5 = 268                                  
                                           |                                           
Instance: cdac_lvlshift_array_0//sky130_fd |Instance: cdac_lvlshift_array:2/sky130_fd_ 
  DIODE = 2                                |  proxyDIODE = 1                           
  VGND = 230                               |  proxyVGND = 1                            
  VNB = 230                                |  proxyVNB = 1                             
  VPB = 268                                |  proxyVPB = 1                             
  VPWR = 268                               |  proxyVPWR = 1                            
  proxy1 = 1                               |  1 = 2                                    
  proxy2 = 1                               |  2 = 230                                  
  proxy3 = 1                               |  3 = 230                                  
  proxy4 = 1                               |  4 = 268                                  
  proxy5 = 1                               |  5 = 268                                  
                                           |                                           
Instance: cdac_lvlshift_array_0//sky130_fd |Instance: cdac_lvlshift_array:2/sky130_fd_ 
  DIODE = 2                                |  proxyDIODE = 1                           
  VGND = 230                               |  proxyVGND = 1                            
  VNB = 230                                |  proxyVNB = 1                             
  VPB = 268                                |  proxyVPB = 1                             
  VPWR = 268                               |  proxyVPWR = 1                            
  proxy1 = 1                               |  1 = 2                                    
  proxy2 = 1                               |  2 = 230                                  
  proxy3 = 1                               |  3 = 230                                  
  proxy4 = 1                               |  4 = 268                                  
  proxy5 = 1                               |  5 = 268                                  
                                           |                                           
Instance: cdac_lvlshift_array_0//sky130_fd |Instance: cdac_lvlshift_array:2/sky130_fd_ 
  DIODE = 2                                |  proxyDIODE = 1                           
  VGND = 230                               |  proxyVGND = 1                            
  VNB = 230                                |  proxyVNB = 1                             
  VPB = 268                                |  proxyVPB = 1                             
  VPWR = 268                               |  proxyVPWR = 1                            
  proxy1 = 1                               |  1 = 2                                    
  proxy2 = 1                               |  2 = 230                                  
  proxy3 = 1                               |  3 = 230                                  
  proxy4 = 1                               |  4 = 268                                  
  proxy5 = 1                               |  5 = 268                                  
                                           |                                           
Instance: cdac_lvlshift_array_0//sky130_fd |Instance: cdac_lvlshift_array:2/sky130_fd_ 
  DIODE = 2                                |  proxyDIODE = 1                           
  VGND = 230                               |  proxyVGND = 1                            
  VNB = 230                                |  proxyVNB = 1                             
  VPB = 268                                |  proxyVPB = 1                             
  VPWR = 268                               |  proxyVPWR = 1                            
  proxy1 = 1                               |  1 = 2                                    
  proxy2 = 1                               |  2 = 230                                  
  proxy3 = 1                               |  3 = 230                                  
  proxy4 = 1                               |  4 = 268                                  
  proxy5 = 1                               |  5 = 268                                  
                                           |                                           
Instance: cdac_lvlshift_array_0//sky130_fd |Instance: cdac_lvlshift_array:2/sky130_fd_ 
  DIODE = 2                                |  proxyDIODE = 1                           
  VGND = 230                               |  proxyVGND = 1                            
  VNB = 230                                |  proxyVNB = 1                             
  VPB = 268                                |  proxyVPB = 1                             
  VPWR = 268                               |  proxyVPWR = 1                            
  proxy1 = 1                               |  1 = 2                                    
  proxy2 = 1                               |  2 = 230                                  
  proxy3 = 1                               |  3 = 230                                  
  proxy4 = 1                               |  4 = 268                                  
  proxy5 = 1                               |  5 = 268                                  
                                           |                                           
Instance: cdac_lvlshift_array_0//sky130_fd |Instance: cdac_lvlshift_array:2/sky130_fd_ 
  DIODE = 2                                |  proxyDIODE = 1                           
  VGND = 230                               |  proxyVGND = 1                            
  VNB = 230                                |  proxyVNB = 1                             
  VPB = 268                                |  proxyVPB = 1                             
  VPWR = 268                               |  proxyVPWR = 1                            
  proxy1 = 1                               |  1 = 2                                    
  proxy2 = 1                               |  2 = 230                                  
  proxy3 = 1                               |  3 = 230                                  
  proxy4 = 1                               |  4 = 268                                  
  proxy5 = 1                               |  5 = 268                                  
                                           |                                           
Instance: cdac_lvlshift_array_0//sky130_fd |Instance: cdac_lvlshift_array:2/sky130_fd_ 
  DIODE = 2                                |  proxyDIODE = 1                           
  VGND = 230                               |  proxyVGND = 1                            
  VNB = 230                                |  proxyVNB = 1                             
  VPB = 268                                |  proxyVPB = 1                             
  VPWR = 268                               |  proxyVPWR = 1                            
  proxy1 = 1                               |  1 = 2                                    
  proxy2 = 1                               |  2 = 230                                  
  proxy3 = 1                               |  3 = 230                                  
  proxy4 = 1                               |  4 = 268                                  
  proxy5 = 1                               |  5 = 268                                  
                                           |                                           
Instance: cdac_lvlshift_array_0//sky130_fd |Instance: cdac_lvlshift_array:2/sky130_fd_ 
  DIODE = 2                                |  proxyDIODE = 1                           
  VGND = 230                               |  proxyVGND = 1                            
  VNB = 230                                |  proxyVNB = 1                             
  VPB = 268                                |  proxyVPB = 1                             
  VPWR = 268                               |  proxyVPWR = 1                            
  proxy1 = 1                               |  1 = 2                                    
  proxy2 = 1                               |  2 = 230                                  
  proxy3 = 1                               |  3 = 230                                  
  proxy4 = 1                               |  4 = 268                                  
  proxy5 = 1                               |  5 = 268                                  
                                           |                                           
Instance: cdac_lvlshift_array_0//sky130_fd |Instance: cdac_lvlshift_array:2/sky130_fd_ 
  DIODE = 2                                |  proxyDIODE = 1                           
  VGND = 230                               |  proxyVGND = 1                            
  VNB = 230                                |  proxyVNB = 1                             
  VPB = 268                                |  proxyVPB = 1                             
  VPWR = 268                               |  proxyVPWR = 1                            
  proxy1 = 1                               |  1 = 2                                    
  proxy2 = 1                               |  2 = 230                                  
  proxy3 = 1                               |  3 = 230                                  
  proxy4 = 1                               |  4 = 268                                  
  proxy5 = 1                               |  5 = 268                                  
                                           |                                           
Instance: cdac_lvlshift_array_0//sky130_fd |Instance: cdac_lvlshift_array:2/sky130_fd_ 
  DIODE = 2                                |  proxyDIODE = 1                           
  VGND = 230                               |  proxyVGND = 1                            
  VNB = 230                                |  proxyVNB = 1                             
  VPB = 268                                |  proxyVPB = 1                             
  VPWR = 268                               |  proxyVPWR = 1                            
  proxy1 = 1                               |  1 = 2                                    
  proxy2 = 1                               |  2 = 230                                  
  proxy3 = 1                               |  3 = 230                                  
  proxy4 = 1                               |  4 = 268                                  
  proxy5 = 1                               |  5 = 268                                  
                                           |                                           
Instance: cdac_lvlshift_array_0//sky130_fd |Instance: cdac_lvlshift_array:2/sky130_fd_ 
  DIODE = 2                                |  proxyDIODE = 1                           
  VGND = 230                               |  proxyVGND = 1                            
  VNB = 230                                |  proxyVNB = 1                             
  VPB = 268                                |  proxyVPB = 1                             
  VPWR = 268                               |  proxyVPWR = 1                            
  proxy1 = 1                               |  1 = 2                                    
  proxy2 = 1                               |  2 = 230                                  
  proxy3 = 1                               |  3 = 230                                  
  proxy4 = 1                               |  4 = 268                                  
  proxy5 = 1                               |  5 = 268                                  
                                           |                                           
Instance: cdac_lvlshift_array_0//sky130_fd |Instance: cdac_lvlshift_array:2/sky130_fd_ 
  DIODE = 2                                |  proxyDIODE = 1                           
  VGND = 230                               |  proxyVGND = 1                            
  VNB = 230                                |  proxyVNB = 1                             
  VPB = 268                                |  proxyVPB = 1                             
  VPWR = 268                               |  proxyVPWR = 1                            
  proxy1 = 1                               |  1 = 2                                    
  proxy2 = 1                               |  2 = 230                                  
  proxy3 = 1                               |  3 = 230                                  
  proxy4 = 1                               |  4 = 268                                  
  proxy5 = 1                               |  5 = 268                                  
---------------------------------------------------------------------------------------

---------------------------------------------------------------------------------------
Instance: cdac_lvlshift_array_0//sky130_fd |Instance: cdac_lvlshift_array:2/sky130_fd_ 
  VGND = 230                               |  proxyVGND = 1                            
  VNB = 230                                |  proxyVNB = 1                             
  VPB = 268                                |  proxyVPB = 1                             
  VPWR = 268                               |  proxyVPWR = 1                            
  proxy1 = 1                               |  1 = 230                                  
  proxy2 = 1                               |  2 = 230                                  
  proxy3 = 1                               |  3 = 268                                  
  proxy4 = 1                               |  4 = 268                                  
---------------------------------------------------------------------------------------

---------------------------------------------------------------------------------------
Instance: EF_AMUX0201_ARRAY1:x3//EF_AMUX21 |Instance: EF_AMUX0201_ARRAY1:3/EF_AMUX21x: 
  A = 3                                    |  proxyA = 1                               
  B = 37                                   |  proxyB = 1                               
  VGND = 230                               |  proxyVGND = 1                            
  VNB = 230                                |  proxyVNB = 1                             
  VPB = 268                                |  proxyVPB = 1                             
  VPWR = 268                               |  proxyVPWR = 1                            
  Y = 3                                    |  proxyY = 1                               
  proxy1 = 1                               |  1 = 3                                    
  proxy2 = 1                               |  2 = 37                                   
  proxy3 = 1                               |  3 = 230                                  
  proxy4 = 1                               |  4 = 230                                  
  proxy5 = 1                               |  5 = 268                                  
  proxy6 = 1                               |  6 = 268                                  
  proxy7 = 1                               |  7 = 3                                    
                                           |                                           
Instance: EF_AMUX0201_ARRAY1:x3//EF_AMUX21 |Instance: EF_AMUX0201_ARRAY1:3/EF_AMUX21x: 
  A = 3                                    |  proxyA = 1                               
  B = 37                                   |  proxyB = 1                               
  VGND = 230                               |  proxyVGND = 1                            
  VNB = 230                                |  proxyVNB = 1                             
  VPB = 268                                |  proxyVPB = 1                             
  VPWR = 268                               |  proxyVPWR = 1                            
  Y = 3                                    |  proxyY = 1                               
  proxy1 = 1                               |  1 = 3                                    
  proxy2 = 1                               |  2 = 37                                   
  proxy3 = 1                               |  3 = 230                                  
  proxy4 = 1                               |  4 = 230                                  
  proxy5 = 1                               |  5 = 268                                  
  proxy6 = 1                               |  6 = 268                                  
  proxy7 = 1                               |  7 = 3                                    
                                           |                                           
Instance: EF_AMUX0201_ARRAY1:x3/EF_AMUX21x |Instance: EF_AMUX0201_ARRAY1:3/EF_AMUX21x: 
  A = 3                                    |  proxyA = 1                               
  B = 37                                   |  proxyB = 1                               
  VGND = 230                               |  proxyVGND = 1                            
  VNB = 230                                |  proxyVNB = 1                             
  VPB = 268                                |  proxyVPB = 1                             
  VPWR = 268                               |  proxyVPWR = 1                            
  Y = 3                                    |  proxyY = 1                               
  proxy1 = 1                               |  1 = 3                                    
  proxy2 = 1                               |  2 = 37                                   
  proxy3 = 1                               |  3 = 230                                  
  proxy4 = 1                               |  4 = 230                                  
  proxy5 = 1                               |  5 = 268                                  
  proxy6 = 1                               |  6 = 268                                  
  proxy7 = 1                               |  7 = 3                                    
                                           |                                           
Instance: EF_AMUX0201_ARRAY1:x3/EF_AMUX21x |Instance: EF_AMUX0201_ARRAY1:3/EF_AMUX21x: 
  A = 3                                    |  proxyA = 1                               
  B = 37                                   |  proxyB = 1                               
  VGND = 230                               |  proxyVGND = 1                            
  VNB = 230                                |  proxyVNB = 1                             
  VPB = 268                                |  proxyVPB = 1                             
  VPWR = 268                               |  proxyVPWR = 1                            
  Y = 3                                    |  proxyY = 1                               
  proxy1 = 1                               |  1 = 3                                    
  proxy2 = 1                               |  2 = 37                                   
  proxy3 = 1                               |  3 = 230                                  
  proxy4 = 1                               |  4 = 230                                  
  proxy5 = 1                               |  5 = 268                                  
  proxy6 = 1                               |  6 = 268                                  
  proxy7 = 1                               |  7 = 3                                    
                                           |                                           
Instance: EF_AMUX0201_ARRAY1:x3/EF_AMUX21x |Instance: EF_AMUX0201_ARRAY1:3/EF_AMUX21x: 
  A = 3                                    |  proxyA = 1                               
  B = 37                                   |  proxyB = 1                               
  VGND = 230                               |  proxyVGND = 1                            
  VNB = 230                                |  proxyVNB = 1                             
  VPB = 268                                |  proxyVPB = 1                             
  VPWR = 268                               |  proxyVPWR = 1                            
  Y = 3                                    |  proxyY = 1                               
  proxy1 = 1                               |  1 = 3                                    
  proxy2 = 1                               |  2 = 37                                   
  proxy3 = 1                               |  3 = 230                                  
  proxy4 = 1                               |  4 = 230                                  
  proxy5 = 1                               |  5 = 268                                  
  proxy6 = 1                               |  6 = 268                                  
  proxy7 = 1                               |  7 = 3                                    
                                           |                                           
Instance: EF_AMUX0201_ARRAY1:x3/EF_AMUX21x |Instance: EF_AMUX0201_ARRAY1:3/EF_AMUX21x: 
  A = 3                                    |  proxyA = 1                               
  B = 37                                   |  proxyB = 1                               
  VGND = 230                               |  proxyVGND = 1                            
  VNB = 230                                |  proxyVNB = 1                             
  VPB = 268                                |  proxyVPB = 1                             
  VPWR = 268                               |  proxyVPWR = 1                            
  Y = 3                                    |  proxyY = 1                               
  proxy1 = 1                               |  1 = 3                                    
  proxy2 = 1                               |  2 = 37                                   
  proxy3 = 1                               |  3 = 230                                  
  proxy4 = 1                               |  4 = 230                                  
  proxy5 = 1                               |  5 = 268                                  
  proxy6 = 1                               |  6 = 268                                  
  proxy7 = 1                               |  7 = 3                                    
                                           |                                           
Instance: EF_AMUX0201_ARRAY1:x3/EF_AMUX21x |Instance: EF_AMUX0201_ARRAY1:3/EF_AMUX21x: 
  A = 3                                    |  proxyA = 1                               
  B = 37                                   |  proxyB = 1                               
  VGND = 230                               |  proxyVGND = 1                            
  VNB = 230                                |  proxyVNB = 1                             
  VPB = 268                                |  proxyVPB = 1                             
  VPWR = 268                               |  proxyVPWR = 1                            
  Y = 3                                    |  proxyY = 1                               
  proxy1 = 1                               |  1 = 3                                    
  proxy2 = 1                               |  2 = 37                                   
  proxy3 = 1                               |  3 = 230                                  
  proxy4 = 1                               |  4 = 230                                  
  proxy5 = 1                               |  5 = 268                                  
  proxy6 = 1                               |  6 = 268                                  
  proxy7 = 1                               |  7 = 3                                    
                                           |                                           
Instance: EF_AMUX0201_ARRAY1:x3/EF_AMUX21x |Instance: EF_AMUX0201_ARRAY1:3/EF_AMUX21x: 
  A = 3                                    |  proxyA = 1                               
  B = 37                                   |  proxyB = 1                               
  VGND = 230                               |  proxyVGND = 1                            
  VNB = 230                                |  proxyVNB = 1                             
  VPB = 268                                |  proxyVPB = 1                             
  VPWR = 268                               |  proxyVPWR = 1                            
  Y = 3                                    |  proxyY = 1                               
  proxy1 = 1                               |  1 = 3                                    
  proxy2 = 1                               |  2 = 37                                   
  proxy3 = 1                               |  3 = 230                                  
  proxy4 = 1                               |  4 = 230                                  
  proxy5 = 1                               |  5 = 268                                  
  proxy6 = 1                               |  6 = 268                                  
  proxy7 = 1                               |  7 = 3                                    
                                           |                                           
Instance: EF_AMUX0201_ARRAY1:x3/EF_AMUX21x |Instance: EF_AMUX0201_ARRAY1:3/EF_AMUX21x: 
  A = 3                                    |  proxyA = 1                               
  B = 37                                   |  proxyB = 1                               
  VGND = 230                               |  proxyVGND = 1                            
  VNB = 230                                |  proxyVNB = 1                             
  VPB = 268                                |  proxyVPB = 1                             
  VPWR = 268                               |  proxyVPWR = 1                            
  Y = 3                                    |  proxyY = 1                               
  proxy1 = 1                               |  1 = 3                                    
  proxy2 = 1                               |  2 = 37                                   
  proxy3 = 1                               |  3 = 230                                  
  proxy4 = 1                               |  4 = 230                                  
  proxy5 = 1                               |  5 = 268                                  
  proxy6 = 1                               |  6 = 268                                  
  proxy7 = 1                               |  7 = 3                                    
                                           |                                           
Instance: EF_AMUX0201_ARRAY1:x3/EF_AMUX21x |Instance: EF_AMUX0201_ARRAY1:3/EF_AMUX21x: 
  A = 3                                    |  proxyA = 1                               
  B = 37                                   |  proxyB = 1                               
  VGND = 230                               |  proxyVGND = 1                            
  VNB = 230                                |  proxyVNB = 1                             
  VPB = 268                                |  proxyVPB = 1                             
  VPWR = 268                               |  proxyVPWR = 1                            
  Y = 3                                    |  proxyY = 1                               
  proxy1 = 1                               |  1 = 3                                    
  proxy2 = 1                               |  2 = 37                                   
  proxy3 = 1                               |  3 = 230                                  
  proxy4 = 1                               |  4 = 230                                  
  proxy5 = 1                               |  5 = 268                                  
  proxy6 = 1                               |  6 = 268                                  
  proxy7 = 1                               |  7 = 3                                    
                                           |                                           
Instance: EF_AMUX0201_ARRAY1:x3/EF_AMUX21x |Instance: EF_AMUX0201_ARRAY1:3/EF_AMUX21x: 
  A = 3                                    |  proxyA = 1                               
  B = 37                                   |  proxyB = 1                               
  VGND = 230                               |  proxyVGND = 1                            
  VNB = 230                                |  proxyVNB = 1                             
  VPB = 268                                |  proxyVPB = 1                             
  VPWR = 268                               |  proxyVPWR = 1                            
  Y = 3                                    |  proxyY = 1                               
  proxy1 = 1                               |  1 = 3                                    
  proxy2 = 1                               |  2 = 37                                   
  proxy3 = 1                               |  3 = 230                                  
  proxy4 = 1                               |  4 = 230                                  
  proxy5 = 1                               |  5 = 268                                  
  proxy6 = 1                               |  6 = 268                                  
  proxy7 = 1                               |  7 = 3                                    
                                           |                                           
Instance: EF_AMUX0201_ARRAY1:x3/EF_AMUX21x |Instance: EF_AMUX0201_ARRAY1:3/EF_AMUX21x: 
  A = 3                                    |  proxyA = 1                               
  B = 37                                   |  proxyB = 1                               
  VGND = 230                               |  proxyVGND = 1                            
  VNB = 230                                |  proxyVNB = 1                             
  VPB = 268                                |  proxyVPB = 1                             
  VPWR = 268                               |  proxyVPWR = 1                            
  Y = 3                                    |  proxyY = 1                               
  proxy1 = 1                               |  1 = 3                                    
  proxy2 = 1                               |  2 = 37                                   
  proxy3 = 1                               |  3 = 230                                  
  proxy4 = 1                               |  4 = 230                                  
  proxy5 = 1                               |  5 = 268                                  
  proxy6 = 1                               |  6 = 268                                  
  proxy7 = 1                               |  7 = 3                                    
                                           |                                           
Instance: EF_AMUX0201_ARRAY1:x3//EF_AMUX21 |Instance: EF_AMUX0201_ARRAY1:3/EF_AMUX21x: 
  A = 37                                   |  proxyA = 1                               
  B = 2                                    |  proxyB = 1                               
  VGND = 230                               |  proxyVGND = 1                            
  VNB = 230                                |  proxyVNB = 1                             
  VPB = 268                                |  proxyVPB = 1                             
  VPWR = 268                               |  proxyVPWR = 1                            
  Y = 3                                    |  proxyY = 1                               
  proxy1 = 1                               |  1 = 37                                   
  proxy2 = 1                               |  2 = 2                                    
  proxy3 = 1                               |  3 = 230                                  
  proxy4 = 1                               |  4 = 230                                  
  proxy5 = 1                               |  5 = 268                                  
  proxy6 = 1                               |  6 = 268                                  
  proxy7 = 1                               |  7 = 3                                    
                                           |                                           
Instance: EF_AMUX0201_ARRAY1:x3//EF_AMUX21 |Instance: EF_AMUX0201_ARRAY1:3/EF_AMUX21x: 
  A = 37                                   |  proxyA = 1                               
  B = 2                                    |  proxyB = 1                               
  VGND = 230                               |  proxyVGND = 1                            
  VNB = 230                                |  proxyVNB = 1                             
  VPB = 268                                |  proxyVPB = 1                             
  VPWR = 268                               |  proxyVPWR = 1                            
  Y = 3                                    |  proxyY = 1                               
  proxy1 = 1                               |  1 = 37                                   
  proxy2 = 1                               |  2 = 2                                    
  proxy3 = 1                               |  3 = 230                                  
  proxy4 = 1                               |  4 = 230                                  
  proxy5 = 1                               |  5 = 268                                  
  proxy6 = 1                               |  6 = 268                                  
  proxy7 = 1                               |  7 = 3                                    
                                           |                                           
Instance: EF_AMUX0201_ARRAY1:x3/EF_AMUX21x |Instance: EF_AMUX0201_ARRAY1:3/EF_AMUX21x: 
  A = 37                                   |  proxyA = 1                               
  B = 2                                    |  proxyB = 1                               
  VGND = 230                               |  proxyVGND = 1                            
  VNB = 230                                |  proxyVNB = 1                             
  VPB = 268                                |  proxyVPB = 1                             
  VPWR = 268                               |  proxyVPWR = 1                            
  Y = 3                                    |  proxyY = 1                               
  proxy1 = 1                               |  1 = 37                                   
  proxy2 = 1                               |  2 = 2                                    
  proxy3 = 1                               |  3 = 230                                  
  proxy4 = 1                               |  4 = 230                                  
  proxy5 = 1                               |  5 = 268                                  
  proxy6 = 1                               |  6 = 268                                  
  proxy7 = 1                               |  7 = 3                                    
                                           |                                           
Instance: EF_AMUX0201_ARRAY1:x3/EF_AMUX21x |Instance: EF_AMUX0201_ARRAY1:3/EF_AMUX21x: 
  A = 37                                   |  proxyA = 1                               
  B = 2                                    |  proxyB = 1                               
  VGND = 230                               |  proxyVGND = 1                            
  VNB = 230                                |  proxyVNB = 1                             
  VPB = 268                                |  proxyVPB = 1                             
  VPWR = 268                               |  proxyVPWR = 1                            
  Y = 3                                    |  proxyY = 1                               
  proxy1 = 1                               |  1 = 37                                   
  proxy2 = 1                               |  2 = 2                                    
  proxy3 = 1                               |  3 = 230                                  
  proxy4 = 1                               |  4 = 230                                  
  proxy5 = 1                               |  5 = 268                                  
  proxy6 = 1                               |  6 = 268                                  
  proxy7 = 1                               |  7 = 3                                    
                                           |                                           
Instance: EF_AMUX0201_ARRAY1:x3/EF_AMUX21x |Instance: EF_AMUX0201_ARRAY1:3/EF_AMUX21x: 
  A = 37                                   |  proxyA = 1                               
  B = 2                                    |  proxyB = 1                               
  VGND = 230                               |  proxyVGND = 1                            
  VNB = 230                                |  proxyVNB = 1                             
  VPB = 268                                |  proxyVPB = 1                             
  VPWR = 268                               |  proxyVPWR = 1                            
  Y = 3                                    |  proxyY = 1                               
  proxy1 = 1                               |  1 = 37                                   
  proxy2 = 1                               |  2 = 2                                    
  proxy3 = 1                               |  3 = 230                                  
  proxy4 = 1                               |  4 = 230                                  
  proxy5 = 1                               |  5 = 268                                  
  proxy6 = 1                               |  6 = 268                                  
  proxy7 = 1                               |  7 = 3                                    
                                           |                                           
Instance: EF_AMUX0201_ARRAY1:x3/EF_AMUX21x |Instance: EF_AMUX0201_ARRAY1:3/EF_AMUX21x: 
  A = 37                                   |  proxyA = 1                               
  B = 2                                    |  proxyB = 1                               
  VGND = 230                               |  proxyVGND = 1                            
  VNB = 230                                |  proxyVNB = 1                             
  VPB = 268                                |  proxyVPB = 1                             
  VPWR = 268                               |  proxyVPWR = 1                            
  Y = 3                                    |  proxyY = 1                               
  proxy1 = 1                               |  1 = 37                                   
  proxy2 = 1                               |  2 = 2                                    
  proxy3 = 1                               |  3 = 230                                  
  proxy4 = 1                               |  4 = 230                                  
  proxy5 = 1                               |  5 = 268                                  
  proxy6 = 1                               |  6 = 268                                  
  proxy7 = 1                               |  7 = 3                                    
                                           |                                           
Instance: EF_AMUX0201_ARRAY1:x3/EF_AMUX21x |Instance: EF_AMUX0201_ARRAY1:3/EF_AMUX21x: 
  A = 37                                   |  proxyA = 1                               
  B = 2                                    |  proxyB = 1                               
  VGND = 230                               |  proxyVGND = 1                            
  VNB = 230                                |  proxyVNB = 1                             
  VPB = 268                                |  proxyVPB = 1                             
  VPWR = 268                               |  proxyVPWR = 1                            
  Y = 3                                    |  proxyY = 1                               
  proxy1 = 1                               |  1 = 37                                   
  proxy2 = 1                               |  2 = 2                                    
  proxy3 = 1                               |  3 = 230                                  
  proxy4 = 1                               |  4 = 230                                  
  proxy5 = 1                               |  5 = 268                                  
  proxy6 = 1                               |  6 = 268                                  
  proxy7 = 1                               |  7 = 3                                    
                                           |                                           
Instance: EF_AMUX0201_ARRAY1:x3/EF_AMUX21x |Instance: EF_AMUX0201_ARRAY1:3/EF_AMUX21x: 
  A = 37                                   |  proxyA = 1                               
  B = 2                                    |  proxyB = 1                               
  VGND = 230                               |  proxyVGND = 1                            
  VNB = 230                                |  proxyVNB = 1                             
  VPB = 268                                |  proxyVPB = 1                             
  VPWR = 268                               |  proxyVPWR = 1                            
  Y = 3                                    |  proxyY = 1                               
  proxy1 = 1                               |  1 = 37                                   
  proxy2 = 1                               |  2 = 2                                    
  proxy3 = 1                               |  3 = 230                                  
  proxy4 = 1                               |  4 = 230                                  
  proxy5 = 1                               |  5 = 268                                  
  proxy6 = 1                               |  6 = 268                                  
  proxy7 = 1                               |  7 = 3                                    
                                           |                                           
Instance: EF_AMUX0201_ARRAY1:x3/EF_AMUX21x |Instance: EF_AMUX0201_ARRAY1:3/EF_AMUX21x: 
  A = 37                                   |  proxyA = 1                               
  B = 2                                    |  proxyB = 1                               
  VGND = 230                               |  proxyVGND = 1                            
  VNB = 230                                |  proxyVNB = 1                             
  VPB = 268                                |  proxyVPB = 1                             
  VPWR = 268                               |  proxyVPWR = 1                            
  Y = 3                                    |  proxyY = 1                               
  proxy1 = 1                               |  1 = 37                                   
  proxy2 = 1                               |  2 = 2                                    
  proxy3 = 1                               |  3 = 230                                  
  proxy4 = 1                               |  4 = 230                                  
  proxy5 = 1                               |  5 = 268                                  
  proxy6 = 1                               |  6 = 268                                  
  proxy7 = 1                               |  7 = 3                                    
                                           |                                           
Instance: EF_AMUX0201_ARRAY1:x3/EF_AMUX21x |Instance: EF_AMUX0201_ARRAY1:3/EF_AMUX21x: 
  A = 37                                   |  proxyA = 1                               
  B = 2                                    |  proxyB = 1                               
  VGND = 230                               |  proxyVGND = 1                            
  VNB = 230                                |  proxyVNB = 1                             
  VPB = 268                                |  proxyVPB = 1                             
  VPWR = 268                               |  proxyVPWR = 1                            
  Y = 3                                    |  proxyY = 1                               
  proxy1 = 1                               |  1 = 37                                   
  proxy2 = 1                               |  2 = 2                                    
  proxy3 = 1                               |  3 = 230                                  
  proxy4 = 1                               |  4 = 230                                  
  proxy5 = 1                               |  5 = 268                                  
  proxy6 = 1                               |  6 = 268                                  
  proxy7 = 1                               |  7 = 3                                    
                                           |                                           
Instance: EF_AMUX0201_ARRAY1:x3/EF_AMUX21x |Instance: EF_AMUX0201_ARRAY1:3/EF_AMUX21x: 
  A = 37                                   |  proxyA = 1                               
  B = 2                                    |  proxyB = 1                               
  VGND = 230                               |  proxyVGND = 1                            
  VNB = 230                                |  proxyVNB = 1                             
  VPB = 268                                |  proxyVPB = 1                             
  VPWR = 268                               |  proxyVPWR = 1                            
  Y = 3                                    |  proxyY = 1                               
  proxy1 = 1                               |  1 = 37                                   
  proxy2 = 1                               |  2 = 2                                    
  proxy3 = 1                               |  3 = 230                                  
  proxy4 = 1                               |  4 = 230                                  
  proxy5 = 1                               |  5 = 268                                  
  proxy6 = 1                               |  6 = 268                                  
  proxy7 = 1                               |  7 = 3                                    
                                           |                                           
Instance: EF_AMUX0201_ARRAY1:x3/EF_AMUX21x |Instance: EF_AMUX0201_ARRAY1:3/EF_AMUX21x: 
  A = 37                                   |  proxyA = 1                               
  B = 2                                    |  proxyB = 1                               
  VGND = 230                               |  proxyVGND = 1                            
  VNB = 230                                |  proxyVNB = 1                             
  VPB = 268                                |  proxyVPB = 1                             
  VPWR = 268                               |  proxyVPWR = 1                            
  Y = 3                                    |  proxyY = 1                               
  proxy1 = 1                               |  1 = 37                                   
  proxy2 = 1                               |  2 = 2                                    
  proxy3 = 1                               |  3 = 230                                  
  proxy4 = 1                               |  4 = 230                                  
  proxy5 = 1                               |  5 = 268                                  
  proxy6 = 1                               |  6 = 268                                  
  proxy7 = 1                               |  7 = 3                                    
---------------------------------------------------------------------------------------

---------------------------------------------------------------------------------------
Instance: EF_AMUX0201_ARRAY1:x3/EF_AMUX21x |Instance: EF_AMUX0201_ARRAY1:3/EF_AMUX21x: 
  VGND = 230                               |  proxyVGND = 1                            
  VNB = 230                                |  proxyVNB = 1                             
  VPB = 268                                |  proxyVPB = 1                             
  VPWR = 268                               |  proxyVPWR = 1                            
  proxy1 = 1                               |  1 = 230                                  
  proxy2 = 1                               |  2 = 230                                  
  proxy3 = 1                               |  3 = 268                                  
  proxy4 = 1                               |  4 = 268                                  
---------------------------------------------------------------------------------------

---------------------------------------------------------------------------------------
Instance: cdac_lvlshift_array_0//sky130_fd |Instance: cdac_lvlshift_array:2/sky130_fd_ 
  A = 4                                    |  proxyA = 1                               
  VGND = 230                               |  proxyVGND = 1                            
  VNB = 230                                |  proxyVNB = 1                             
  VPB = 268                                |  proxyVPB = 1                             
  VPWR = 268                               |  proxyVPWR = 1                            
  Y = 3                                    |  proxyY = 1                               
  proxy1 = 1                               |  1 = 4                                    
  proxy2 = 1                               |  2 = 230                                  
  proxy3 = 1                               |  3 = 230                                  
  proxy4 = 1                               |  4 = 268                                  
  proxy5 = 1                               |  5 = 268                                  
  proxy6 = 1                               |  6 = 3                                    
                                           |                                           
Instance: EF_AMUX0201_ARRAY1:x3//EF_AMUX21 |Instance: EF_AMUX0201_ARRAY1:3/EF_AMUX21x: 
  A = 3                                    |  proxyA = 1                               
  VGND = 230                               |  proxyVGND = 1                            
  VNB = 230                                |  proxyVNB = 1                             
  VPB = 268                                |  proxyVPB = 1                             
  VPWR = 268                               |  proxyVPWR = 1                            
  Y = 2                                    |  proxyY = 1                               
  proxy1 = 1                               |  1 = 3                                    
  proxy2 = 1                               |  2 = 230                                  
  proxy3 = 1                               |  3 = 230                                  
  proxy4 = 1                               |  4 = 268                                  
  proxy5 = 1                               |  5 = 268                                  
  proxy6 = 1                               |  6 = 2                                    
                                           |                                           
Instance: EF_AMUX0201_ARRAY1:x3//EF_AMUX21 |Instance: EF_AMUX0201_ARRAY1:3/EF_AMUX21x: 
  A = 3                                    |  proxyA = 1                               
  VGND = 230                               |  proxyVGND = 1                            
  VNB = 230                                |  proxyVNB = 1                             
  VPB = 268                                |  proxyVPB = 1                             
  VPWR = 268                               |  proxyVPWR = 1                            
  Y = 2                                    |  proxyY = 1                               
  proxy1 = 1                               |  1 = 3                                    
  proxy2 = 1                               |  2 = 230                                  
  proxy3 = 1                               |  3 = 230                                  
  proxy4 = 1                               |  4 = 268                                  
  proxy5 = 1                               |  5 = 268                                  
  proxy6 = 1                               |  6 = 2                                    
                                           |                                           
Instance: EF_AMUX0201_ARRAY1:x3//EF_AMUX21 |Instance: EF_AMUX0201_ARRAY1:3/EF_AMUX21x: 
  A = 3                                    |  proxyA = 1                               
  VGND = 230                               |  proxyVGND = 1                            
  VNB = 230                                |  proxyVNB = 1                             
  VPB = 268                                |  proxyVPB = 1                             
  VPWR = 268                               |  proxyVPWR = 1                            
  Y = 2                                    |  proxyY = 1                               
  proxy1 = 1                               |  1 = 3                                    
  proxy2 = 1                               |  2 = 230                                  
  proxy3 = 1                               |  3 = 230                                  
  proxy4 = 1                               |  4 = 268                                  
  proxy5 = 1                               |  5 = 268                                  
  proxy6 = 1                               |  6 = 2                                    
                                           |                                           
Instance: EF_AMUX0201_ARRAY1:x3//EF_AMUX21 |Instance: EF_AMUX0201_ARRAY1:3/EF_AMUX21x: 
  A = 3                                    |  proxyA = 1                               
  VGND = 230                               |  proxyVGND = 1                            
  VNB = 230                                |  proxyVNB = 1                             
  VPB = 268                                |  proxyVPB = 1                             
  VPWR = 268                               |  proxyVPWR = 1                            
  Y = 2                                    |  proxyY = 1                               
  proxy1 = 1                               |  1 = 3                                    
  proxy2 = 1                               |  2 = 230                                  
  proxy3 = 1                               |  3 = 230                                  
  proxy4 = 1                               |  4 = 268                                  
  proxy5 = 1                               |  5 = 268                                  
  proxy6 = 1                               |  6 = 2                                    
                                           |                                           
Instance: EF_AMUX0201_ARRAY1:x3//EF_AMUX21 |Instance: EF_AMUX0201_ARRAY1:3/EF_AMUX21x: 
  A = 3                                    |  proxyA = 1                               
  VGND = 230                               |  proxyVGND = 1                            
  VNB = 230                                |  proxyVNB = 1                             
  VPB = 268                                |  proxyVPB = 1                             
  VPWR = 268                               |  proxyVPWR = 1                            
  Y = 2                                    |  proxyY = 1                               
  proxy1 = 1                               |  1 = 3                                    
  proxy2 = 1                               |  2 = 230                                  
  proxy3 = 1                               |  3 = 230                                  
  proxy4 = 1                               |  4 = 268                                  
  proxy5 = 1                               |  5 = 268                                  
  proxy6 = 1                               |  6 = 2                                    
                                           |                                           
Instance: EF_AMUX0201_ARRAY1:x3//EF_AMUX21 |Instance: EF_AMUX0201_ARRAY1:3/EF_AMUX21x: 
  A = 3                                    |  proxyA = 1                               
  VGND = 230                               |  proxyVGND = 1                            
  VNB = 230                                |  proxyVNB = 1                             
  VPB = 268                                |  proxyVPB = 1                             
  VPWR = 268                               |  proxyVPWR = 1                            
  Y = 2                                    |  proxyY = 1                               
  proxy1 = 1                               |  1 = 3                                    
  proxy2 = 1                               |  2 = 230                                  
  proxy3 = 1                               |  3 = 230                                  
  proxy4 = 1                               |  4 = 268                                  
  proxy5 = 1                               |  5 = 268                                  
  proxy6 = 1                               |  6 = 2                                    
                                           |                                           
Instance: EF_AMUX0201_ARRAY1:x3//EF_AMUX21 |Instance: EF_AMUX0201_ARRAY1:3/EF_AMUX21x: 
  A = 3                                    |  proxyA = 1                               
  VGND = 230                               |  proxyVGND = 1                            
  VNB = 230                                |  proxyVNB = 1                             
  VPB = 268                                |  proxyVPB = 1                             
  VPWR = 268                               |  proxyVPWR = 1                            
  Y = 2                                    |  proxyY = 1                               
  proxy1 = 1                               |  1 = 3                                    
  proxy2 = 1                               |  2 = 230                                  
  proxy3 = 1                               |  3 = 230                                  
  proxy4 = 1                               |  4 = 268                                  
  proxy5 = 1                               |  5 = 268                                  
  proxy6 = 1                               |  6 = 2                                    
                                           |                                           
Instance: EF_AMUX0201_ARRAY1:x3//EF_AMUX21 |Instance: EF_AMUX0201_ARRAY1:3/EF_AMUX21x: 
  A = 3                                    |  proxyA = 1                               
  VGND = 230                               |  proxyVGND = 1                            
  VNB = 230                                |  proxyVNB = 1                             
  VPB = 268                                |  proxyVPB = 1                             
  VPWR = 268                               |  proxyVPWR = 1                            
  Y = 2                                    |  proxyY = 1                               
  proxy1 = 1                               |  1 = 3                                    
  proxy2 = 1                               |  2 = 230                                  
  proxy3 = 1                               |  3 = 230                                  
  proxy4 = 1                               |  4 = 268                                  
  proxy5 = 1                               |  5 = 268                                  
  proxy6 = 1                               |  6 = 2                                    
                                           |                                           
Instance: EF_AMUX0201_ARRAY1:x3/EF_AMUX21x |Instance: EF_AMUX0201_ARRAY1:3/EF_AMUX21x: 
  A = 3                                    |  proxyA = 1                               
  VGND = 230                               |  proxyVGND = 1                            
  VNB = 230                                |  proxyVNB = 1                             
  VPB = 268                                |  proxyVPB = 1                             
  VPWR = 268                               |  proxyVPWR = 1                            
  Y = 2                                    |  proxyY = 1                               
  proxy1 = 1                               |  1 = 3                                    
  proxy2 = 1                               |  2 = 230                                  
  proxy3 = 1                               |  3 = 230                                  
  proxy4 = 1                               |  4 = 268                                  
  proxy5 = 1                               |  5 = 268                                  
  proxy6 = 1                               |  6 = 2                                    
                                           |                                           
Instance: EF_AMUX0201_ARRAY1:x3/EF_AMUX21x |Instance: EF_AMUX0201_ARRAY1:3/EF_AMUX21x: 
  A = 3                                    |  proxyA = 1                               
  VGND = 230                               |  proxyVGND = 1                            
  VNB = 230                                |  proxyVNB = 1                             
  VPB = 268                                |  proxyVPB = 1                             
  VPWR = 268                               |  proxyVPWR = 1                            
  Y = 2                                    |  proxyY = 1                               
  proxy1 = 1                               |  1 = 3                                    
  proxy2 = 1                               |  2 = 230                                  
  proxy3 = 1                               |  3 = 230                                  
  proxy4 = 1                               |  4 = 268                                  
  proxy5 = 1                               |  5 = 268                                  
  proxy6 = 1                               |  6 = 2                                    
                                           |                                           
Instance: EF_AMUX0201_ARRAY1:x3/EF_AMUX21x |Instance: EF_AMUX0201_ARRAY1:3/EF_AMUX21x: 
  A = 3                                    |  proxyA = 1                               
  VGND = 230                               |  proxyVGND = 1                            
  VNB = 230                                |  proxyVNB = 1                             
  VPB = 268                                |  proxyVPB = 1                             
  VPWR = 268                               |  proxyVPWR = 1                            
  Y = 2                                    |  proxyY = 1                               
  proxy1 = 1                               |  1 = 3                                    
  proxy2 = 1                               |  2 = 230                                  
  proxy3 = 1                               |  3 = 230                                  
  proxy4 = 1                               |  4 = 268                                  
  proxy5 = 1                               |  5 = 268                                  
  proxy6 = 1                               |  6 = 2                                    
                                           |                                           
Instance: EF_AMUX0201_ARRAY1:x3/EF_AMUX21x |Instance: EF_AMUX0201_ARRAY1:3/EF_AMUX21x: 
  A = 3                                    |  proxyA = 1                               
  VGND = 230                               |  proxyVGND = 1                            
  VNB = 230                                |  proxyVNB = 1                             
  VPB = 268                                |  proxyVPB = 1                             
  VPWR = 268                               |  proxyVPWR = 1                            
  Y = 2                                    |  proxyY = 1                               
  proxy1 = 1                               |  1 = 3                                    
  proxy2 = 1                               |  2 = 230                                  
  proxy3 = 1                               |  3 = 230                                  
  proxy4 = 1                               |  4 = 268                                  
  proxy5 = 1                               |  5 = 268                                  
  proxy6 = 1                               |  6 = 2                                    
                                           |                                           
Instance: EF_AMUX0201_ARRAY1:x3/EF_AMUX21x |Instance: EF_AMUX0201_ARRAY1:3/EF_AMUX21x: 
  A = 3                                    |  proxyA = 1                               
  VGND = 230                               |  proxyVGND = 1                            
  VNB = 230                                |  proxyVNB = 1                             
  VPB = 268                                |  proxyVPB = 1                             
  VPWR = 268                               |  proxyVPWR = 1                            
  Y = 2                                    |  proxyY = 1                               
  proxy1 = 1                               |  1 = 3                                    
  proxy2 = 1                               |  2 = 230                                  
  proxy3 = 1                               |  3 = 230                                  
  proxy4 = 1                               |  4 = 268                                  
  proxy5 = 1                               |  5 = 268                                  
  proxy6 = 1                               |  6 = 2                                    
                                           |                                           
Instance: EF_AMUX0201_ARRAY1:x3/EF_AMUX21x |Instance: EF_AMUX0201_ARRAY1:3/EF_AMUX21x: 
  A = 3                                    |  proxyA = 1                               
  VGND = 230                               |  proxyVGND = 1                            
  VNB = 230                                |  proxyVNB = 1                             
  VPB = 268                                |  proxyVPB = 1                             
  VPWR = 268                               |  proxyVPWR = 1                            
  Y = 2                                    |  proxyY = 1                               
  proxy1 = 1                               |  1 = 3                                    
  proxy2 = 1                               |  2 = 230                                  
  proxy3 = 1                               |  3 = 230                                  
  proxy4 = 1                               |  4 = 268                                  
  proxy5 = 1                               |  5 = 268                                  
  proxy6 = 1                               |  6 = 2                                    
                                           |                                           
Instance: EF_AMUX0201_ARRAY1:x3/EF_AMUX21x |Instance: EF_AMUX0201_ARRAY1:3/EF_AMUX21x: 
  A = 3                                    |  proxyA = 1                               
  VGND = 230                               |  proxyVGND = 1                            
  VNB = 230                                |  proxyVNB = 1                             
  VPB = 268                                |  proxyVPB = 1                             
  VPWR = 268                               |  proxyVPWR = 1                            
  Y = 2                                    |  proxyY = 1                               
  proxy1 = 1                               |  1 = 3                                    
  proxy2 = 1                               |  2 = 230                                  
  proxy3 = 1                               |  3 = 230                                  
  proxy4 = 1                               |  4 = 268                                  
  proxy5 = 1                               |  5 = 268                                  
  proxy6 = 1                               |  6 = 2                                    
                                           |                                           
Instance: EF_AMUX0201_ARRAY1:x3/EF_AMUX21x |Instance: EF_AMUX0201_ARRAY1:3/EF_AMUX21x: 
  A = 3                                    |  proxyA = 1                               
  VGND = 230                               |  proxyVGND = 1                            
  VNB = 230                                |  proxyVNB = 1                             
  VPB = 268                                |  proxyVPB = 1                             
  VPWR = 268                               |  proxyVPWR = 1                            
  Y = 2                                    |  proxyY = 1                               
  proxy1 = 1                               |  1 = 3                                    
  proxy2 = 1                               |  2 = 230                                  
  proxy3 = 1                               |  3 = 230                                  
  proxy4 = 1                               |  4 = 268                                  
  proxy5 = 1                               |  5 = 268                                  
  proxy6 = 1                               |  6 = 2                                    
                                           |                                           
Instance: EF_AMUX0201_ARRAY1:x3/EF_AMUX21x |Instance: EF_AMUX0201_ARRAY1:3/EF_AMUX21x: 
  A = 3                                    |  proxyA = 1                               
  VGND = 230                               |  proxyVGND = 1                            
  VNB = 230                                |  proxyVNB = 1                             
  VPB = 268                                |  proxyVPB = 1                             
  VPWR = 268                               |  proxyVPWR = 1                            
  Y = 2                                    |  proxyY = 1                               
  proxy1 = 1                               |  1 = 3                                    
  proxy2 = 1                               |  2 = 230                                  
  proxy3 = 1                               |  3 = 230                                  
  proxy4 = 1                               |  4 = 268                                  
  proxy5 = 1                               |  5 = 268                                  
  proxy6 = 1                               |  6 = 2                                    
                                           |                                           
Instance: EF_AMUX0201_ARRAY1:x3/EF_AMUX21x |Instance: EF_AMUX0201_ARRAY1:3/EF_AMUX21x: 
  A = 3                                    |  proxyA = 1                               
  VGND = 230                               |  proxyVGND = 1                            
  VNB = 230                                |  proxyVNB = 1                             
  VPB = 268                                |  proxyVPB = 1                             
  VPWR = 268                               |  proxyVPWR = 1                            
  Y = 2                                    |  proxyY = 1                               
  proxy1 = 1                               |  1 = 3                                    
  proxy2 = 1                               |  2 = 230                                  
  proxy3 = 1                               |  3 = 230                                  
  proxy4 = 1                               |  4 = 268                                  
  proxy5 = 1                               |  5 = 268                                  
  proxy6 = 1                               |  6 = 2                                    
                                           |                                           
Instance: EF_AMUX0201_ARRAY1:x3/EF_AMUX21x |Instance: EF_AMUX0201_ARRAY1:3/EF_AMUX21x: 
  A = 3                                    |  proxyA = 1                               
  VGND = 230                               |  proxyVGND = 1                            
  VNB = 230                                |  proxyVNB = 1                             
  VPB = 268                                |  proxyVPB = 1                             
  VPWR = 268                               |  proxyVPWR = 1                            
  Y = 2                                    |  proxyY = 1                               
  proxy1 = 1                               |  1 = 3                                    
  proxy2 = 1                               |  2 = 230                                  
  proxy3 = 1                               |  3 = 230                                  
  proxy4 = 1                               |  4 = 268                                  
  proxy5 = 1                               |  5 = 268                                  
  proxy6 = 1                               |  6 = 2                                    
                                           |                                           
Instance: EF_AMUX0201_ARRAY1:x3/EF_AMUX21x |Instance: EF_AMUX0201_ARRAY1:3/EF_AMUX21x: 
  A = 3                                    |  proxyA = 1                               
  VGND = 230                               |  proxyVGND = 1                            
  VNB = 230                                |  proxyVNB = 1                             
  VPB = 268                                |  proxyVPB = 1                             
  VPWR = 268                               |  proxyVPWR = 1                            
  Y = 2                                    |  proxyY = 1                               
  proxy1 = 1                               |  1 = 3                                    
  proxy2 = 1                               |  2 = 230                                  
  proxy3 = 1                               |  3 = 230                                  
  proxy4 = 1                               |  4 = 268                                  
  proxy5 = 1                               |  5 = 268                                  
  proxy6 = 1                               |  6 = 2                                    
                                           |                                           
Instance: EF_AMUX0201_ARRAY1:x3/EF_AMUX21x |Instance: EF_AMUX0201_ARRAY1:3/EF_AMUX21x: 
  A = 3                                    |  proxyA = 1                               
  VGND = 230                               |  proxyVGND = 1                            
  VNB = 230                                |  proxyVNB = 1                             
  VPB = 268                                |  proxyVPB = 1                             
  VPWR = 268                               |  proxyVPWR = 1                            
  Y = 2                                    |  proxyY = 1                               
  proxy1 = 1                               |  1 = 3                                    
  proxy2 = 1                               |  2 = 230                                  
  proxy3 = 1                               |  3 = 230                                  
  proxy4 = 1                               |  4 = 268                                  
  proxy5 = 1                               |  5 = 268                                  
  proxy6 = 1                               |  6 = 2                                    
                                           |                                           
Instance: EF_AMUX0201_ARRAY1:x3/EF_AMUX21x |Instance: EF_AMUX0201_ARRAY1:3/EF_AMUX21x: 
  A = 3                                    |  proxyA = 1                               
  VGND = 230                               |  proxyVGND = 1                            
  VNB = 230                                |  proxyVNB = 1                             
  VPB = 268                                |  proxyVPB = 1                             
  VPWR = 268                               |  proxyVPWR = 1                            
  Y = 2                                    |  proxyY = 1                               
  proxy1 = 1                               |  1 = 3                                    
  proxy2 = 1                               |  2 = 230                                  
  proxy3 = 1                               |  3 = 230                                  
  proxy4 = 1                               |  4 = 268                                  
  proxy5 = 1                               |  5 = 268                                  
  proxy6 = 1                               |  6 = 2                                    
                                           |                                           
Instance: EF_AMUX0201_ARRAY1:x3/EF_AMUX21x |Instance: EF_AMUX0201_ARRAY1:3/EF_AMUX21x: 
  A = 3                                    |  proxyA = 1                               
  VGND = 230                               |  proxyVGND = 1                            
  VNB = 230                                |  proxyVNB = 1                             
  VPB = 268                                |  proxyVPB = 1                             
  VPWR = 268                               |  proxyVPWR = 1                            
  Y = 2                                    |  proxyY = 1                               
  proxy1 = 1                               |  1 = 3                                    
  proxy2 = 1                               |  2 = 230                                  
  proxy3 = 1                               |  3 = 230                                  
  proxy4 = 1                               |  4 = 268                                  
  proxy5 = 1                               |  5 = 268                                  
  proxy6 = 1                               |  6 = 2                                    
                                           |                                           
Instance: EF_AMUX0201_ARRAY1:x3/EF_AMUX21x |Instance: EF_AMUX0201_ARRAY1:3/EF_AMUX21x: 
  A = 3                                    |  proxyA = 1                               
  VGND = 230                               |  proxyVGND = 1                            
  VNB = 230                                |  proxyVNB = 1                             
  VPB = 268                                |  proxyVPB = 1                             
  VPWR = 268                               |  proxyVPWR = 1                            
  Y = 2                                    |  proxyY = 1                               
  proxy1 = 1                               |  1 = 3                                    
  proxy2 = 1                               |  2 = 230                                  
  proxy3 = 1                               |  3 = 230                                  
  proxy4 = 1                               |  4 = 268                                  
  proxy5 = 1                               |  5 = 268                                  
  proxy6 = 1                               |  6 = 2                                    
                                           |                                           
Instance: EF_AMUX0201_ARRAY1:x3/EF_AMUX21x |Instance: EF_AMUX0201_ARRAY1:3/EF_AMUX21x: 
  A = 3                                    |  proxyA = 1                               
  VGND = 230                               |  proxyVGND = 1                            
  VNB = 230                                |  proxyVNB = 1                             
  VPB = 268                                |  proxyVPB = 1                             
  VPWR = 268                               |  proxyVPWR = 1                            
  Y = 2                                    |  proxyY = 1                               
  proxy1 = 1                               |  1 = 3                                    
  proxy2 = 1                               |  2 = 230                                  
  proxy3 = 1                               |  3 = 230                                  
  proxy4 = 1                               |  4 = 268                                  
  proxy5 = 1                               |  5 = 268                                  
  proxy6 = 1                               |  6 = 2                                    
                                           |                                           
Instance: EF_AMUX0201_ARRAY1:x3/EF_AMUX21x |Instance: EF_AMUX0201_ARRAY1:3/EF_AMUX21x: 
  A = 3                                    |  proxyA = 1                               
  VGND = 230                               |  proxyVGND = 1                            
  VNB = 230                                |  proxyVNB = 1                             
  VPB = 268                                |  proxyVPB = 1                             
  VPWR = 268                               |  proxyVPWR = 1                            
  Y = 2                                    |  proxyY = 1                               
  proxy1 = 1                               |  1 = 3                                    
  proxy2 = 1                               |  2 = 230                                  
  proxy3 = 1                               |  3 = 230                                  
  proxy4 = 1                               |  4 = 268                                  
  proxy5 = 1                               |  5 = 268                                  
  proxy6 = 1                               |  6 = 2                                    
                                           |                                           
Instance: EF_AMUX0201_ARRAY1:x3/EF_AMUX21x |Instance: EF_AMUX0201_ARRAY1:3/EF_AMUX21x: 
  A = 3                                    |  proxyA = 1                               
  VGND = 230                               |  proxyVGND = 1                            
  VNB = 230                                |  proxyVNB = 1                             
  VPB = 268                                |  proxyVPB = 1                             
  VPWR = 268                               |  proxyVPWR = 1                            
  Y = 2                                    |  proxyY = 1                               
  proxy1 = 1                               |  1 = 3                                    
  proxy2 = 1                               |  2 = 230                                  
  proxy3 = 1                               |  3 = 230                                  
  proxy4 = 1                               |  4 = 268                                  
  proxy5 = 1                               |  5 = 268                                  
  proxy6 = 1                               |  6 = 2                                    
                                           |                                           
Instance: EF_AMUX0201_ARRAY1:x3/EF_AMUX21x |Instance: EF_AMUX0201_ARRAY1:3/EF_AMUX21x: 
  A = 3                                    |  proxyA = 1                               
  VGND = 230                               |  proxyVGND = 1                            
  VNB = 230                                |  proxyVNB = 1                             
  VPB = 268                                |  proxyVPB = 1                             
  VPWR = 268                               |  proxyVPWR = 1                            
  Y = 2                                    |  proxyY = 1                               
  proxy1 = 1                               |  1 = 3                                    
  proxy2 = 1                               |  2 = 230                                  
  proxy3 = 1                               |  3 = 230                                  
  proxy4 = 1                               |  4 = 268                                  
  proxy5 = 1                               |  5 = 268                                  
  proxy6 = 1                               |  6 = 2                                    
                                           |                                           
Instance: EF_AMUX0201_ARRAY1:x3/EF_AMUX21x |Instance: EF_AMUX0201_ARRAY1:3/EF_AMUX21x: 
  A = 3                                    |  proxyA = 1                               
  VGND = 230                               |  proxyVGND = 1                            
  VNB = 230                                |  proxyVNB = 1                             
  VPB = 268                                |  proxyVPB = 1                             
  VPWR = 268                               |  proxyVPWR = 1                            
  Y = 2                                    |  proxyY = 1                               
  proxy1 = 1                               |  1 = 3                                    
  proxy2 = 1                               |  2 = 230                                  
  proxy3 = 1                               |  3 = 230                                  
  proxy4 = 1                               |  4 = 268                                  
  proxy5 = 1                               |  5 = 268                                  
  proxy6 = 1                               |  6 = 2                                    
                                           |                                           
Instance: EF_AMUX0201_ARRAY1:x3/EF_AMUX21x |Instance: EF_AMUX0201_ARRAY1:3/EF_AMUX21x: 
  A = 3                                    |  proxyA = 1                               
  VGND = 230                               |  proxyVGND = 1                            
  VNB = 230                                |  proxyVNB = 1                             
  VPB = 268                                |  proxyVPB = 1                             
  VPWR = 268                               |  proxyVPWR = 1                            
  Y = 2                                    |  proxyY = 1                               
  proxy1 = 1                               |  1 = 3                                    
  proxy2 = 1                               |  2 = 230                                  
  proxy3 = 1                               |  3 = 230                                  
  proxy4 = 1                               |  4 = 268                                  
  proxy5 = 1                               |  5 = 268                                  
  proxy6 = 1                               |  6 = 2                                    
                                           |                                           
Instance: EF_AMUX0201_ARRAY1:x3/EF_AMUX21x |Instance: EF_AMUX0201_ARRAY1:3/EF_AMUX21x: 
  A = 3                                    |  proxyA = 1                               
  VGND = 230                               |  proxyVGND = 1                            
  VNB = 230                                |  proxyVNB = 1                             
  VPB = 268                                |  proxyVPB = 1                             
  VPWR = 268                               |  proxyVPWR = 1                            
  Y = 2                                    |  proxyY = 1                               
  proxy1 = 1                               |  1 = 3                                    
  proxy2 = 1                               |  2 = 230                                  
  proxy3 = 1                               |  3 = 230                                  
  proxy4 = 1                               |  4 = 268                                  
  proxy5 = 1                               |  5 = 268                                  
  proxy6 = 1                               |  6 = 2                                    
                                           |                                           
Instance: EF_AMUX0201_ARRAY1:x3/EF_AMUX21x |Instance: EF_AMUX0201_ARRAY1:3/EF_AMUX21x: 
  A = 3                                    |  proxyA = 1                               
  VGND = 230                               |  proxyVGND = 1                            
  VNB = 230                                |  proxyVNB = 1                             
  VPB = 268                                |  proxyVPB = 1                             
  VPWR = 268                               |  proxyVPWR = 1                            
  Y = 2                                    |  proxyY = 1                               
  proxy1 = 1                               |  1 = 3                                    
  proxy2 = 1                               |  2 = 230                                  
  proxy3 = 1                               |  3 = 230                                  
  proxy4 = 1                               |  4 = 268                                  
  proxy5 = 1                               |  5 = 268                                  
  proxy6 = 1                               |  6 = 2                                    
                                           |                                           
Instance: EF_AMUX0201_ARRAY1:x3/EF_AMUX21x |Instance: EF_AMUX0201_ARRAY1:3/EF_AMUX21x: 
  A = 3                                    |  proxyA = 1                               
  VGND = 230                               |  proxyVGND = 1                            
  VNB = 230                                |  proxyVNB = 1                             
  VPB = 268                                |  proxyVPB = 1                             
  VPWR = 268                               |  proxyVPWR = 1                            
  Y = 2                                    |  proxyY = 1                               
  proxy1 = 1                               |  1 = 3                                    
  proxy2 = 1                               |  2 = 230                                  
  proxy3 = 1                               |  3 = 230                                  
  proxy4 = 1                               |  4 = 268                                  
  proxy5 = 1                               |  5 = 268                                  
  proxy6 = 1                               |  6 = 2                                    
                                           |                                           
Instance: EF_AMUX0201_ARRAY1:x3/EF_AMUX21x |Instance: EF_AMUX0201_ARRAY1:3/EF_AMUX21x: 
  A = 3                                    |  proxyA = 1                               
  VGND = 230                               |  proxyVGND = 1                            
  VNB = 230                                |  proxyVNB = 1                             
  VPB = 268                                |  proxyVPB = 1                             
  VPWR = 268                               |  proxyVPWR = 1                            
  Y = 2                                    |  proxyY = 1                               
  proxy1 = 1                               |  1 = 3                                    
  proxy2 = 1                               |  2 = 230                                  
  proxy3 = 1                               |  3 = 230                                  
  proxy4 = 1                               |  4 = 268                                  
  proxy5 = 1                               |  5 = 268                                  
  proxy6 = 1                               |  6 = 2                                    
                                           |                                           
Instance: EF_AMUX0201_ARRAY1:x3/EF_AMUX21x |Instance: EF_AMUX0201_ARRAY1:3/EF_AMUX21x: 
  A = 3                                    |  proxyA = 1                               
  VGND = 230                               |  proxyVGND = 1                            
  VNB = 230                                |  proxyVNB = 1                             
  VPB = 268                                |  proxyVPB = 1                             
  VPWR = 268                               |  proxyVPWR = 1                            
  Y = 2                                    |  proxyY = 1                               
  proxy1 = 1                               |  1 = 3                                    
  proxy2 = 1                               |  2 = 230                                  
  proxy3 = 1                               |  3 = 230                                  
  proxy4 = 1                               |  4 = 268                                  
  proxy5 = 1                               |  5 = 268                                  
  proxy6 = 1                               |  6 = 2                                    
                                           |                                           
Instance: EF_AMUX0201_ARRAY1:x3/EF_AMUX21x |Instance: EF_AMUX0201_ARRAY1:3/EF_AMUX21x: 
  A = 3                                    |  proxyA = 1                               
  VGND = 230                               |  proxyVGND = 1                            
  VNB = 230                                |  proxyVNB = 1                             
  VPB = 268                                |  proxyVPB = 1                             
  VPWR = 268                               |  proxyVPWR = 1                            
  Y = 2                                    |  proxyY = 1                               
  proxy1 = 1                               |  1 = 3                                    
  proxy2 = 1                               |  2 = 230                                  
  proxy3 = 1                               |  3 = 230                                  
  proxy4 = 1                               |  4 = 268                                  
  proxy5 = 1                               |  5 = 268                                  
  proxy6 = 1                               |  6 = 2                                    
                                           |                                           
Instance: EF_AMUX0201_ARRAY1:x3/EF_AMUX21x |Instance: EF_AMUX0201_ARRAY1:3/EF_AMUX21x: 
  A = 3                                    |  proxyA = 1                               
  VGND = 230                               |  proxyVGND = 1                            
  VNB = 230                                |  proxyVNB = 1                             
  VPB = 268                                |  proxyVPB = 1                             
  VPWR = 268                               |  proxyVPWR = 1                            
  Y = 2                                    |  proxyY = 1                               
  proxy1 = 1                               |  1 = 3                                    
  proxy2 = 1                               |  2 = 230                                  
  proxy3 = 1                               |  3 = 230                                  
  proxy4 = 1                               |  4 = 268                                  
  proxy5 = 1                               |  5 = 268                                  
  proxy6 = 1                               |  6 = 2                                    
                                           |                                           
Instance: EF_AMUX0201_ARRAY1:x3/EF_AMUX21x |Instance: EF_AMUX0201_ARRAY1:3/EF_AMUX21x: 
  A = 3                                    |  proxyA = 1                               
  VGND = 230                               |  proxyVGND = 1                            
  VNB = 230                                |  proxyVNB = 1                             
  VPB = 268                                |  proxyVPB = 1                             
  VPWR = 268                               |  proxyVPWR = 1                            
  Y = 2                                    |  proxyY = 1                               
  proxy1 = 1                               |  1 = 3                                    
  proxy2 = 1                               |  2 = 230                                  
  proxy3 = 1                               |  3 = 230                                  
  proxy4 = 1                               |  4 = 268                                  
  proxy5 = 1                               |  5 = 268                                  
  proxy6 = 1                               |  6 = 2                                    
                                           |                                           
Instance: EF_AMUX0201_ARRAY1:x3/EF_AMUX21x |Instance: EF_AMUX0201_ARRAY1:3/EF_AMUX21x: 
  A = 3                                    |  proxyA = 1                               
  VGND = 230                               |  proxyVGND = 1                            
  VNB = 230                                |  proxyVNB = 1                             
  VPB = 268                                |  proxyVPB = 1                             
  VPWR = 268                               |  proxyVPWR = 1                            
  Y = 2                                    |  proxyY = 1                               
  proxy1 = 1                               |  1 = 3                                    
  proxy2 = 1                               |  2 = 230                                  
  proxy3 = 1                               |  3 = 230                                  
  proxy4 = 1                               |  4 = 268                                  
  proxy5 = 1                               |  5 = 268                                  
  proxy6 = 1                               |  6 = 2                                    
                                           |                                           
Instance: EF_AMUX0201_ARRAY1:x3/EF_AMUX21x |Instance: EF_AMUX0201_ARRAY1:3/EF_AMUX21x: 
  A = 3                                    |  proxyA = 1                               
  VGND = 230                               |  proxyVGND = 1                            
  VNB = 230                                |  proxyVNB = 1                             
  VPB = 268                                |  proxyVPB = 1                             
  VPWR = 268                               |  proxyVPWR = 1                            
  Y = 2                                    |  proxyY = 1                               
  proxy1 = 1                               |  1 = 3                                    
  proxy2 = 1                               |  2 = 230                                  
  proxy3 = 1                               |  3 = 230                                  
  proxy4 = 1                               |  4 = 268                                  
  proxy5 = 1                               |  5 = 268                                  
  proxy6 = 1                               |  6 = 2                                    
                                           |                                           
Instance: EF_AMUX0201_ARRAY1:x3/EF_AMUX21x |Instance: EF_AMUX0201_ARRAY1:3/EF_AMUX21x: 
  A = 3                                    |  proxyA = 1                               
  VGND = 230                               |  proxyVGND = 1                            
  VNB = 230                                |  proxyVNB = 1                             
  VPB = 268                                |  proxyVPB = 1                             
  VPWR = 268                               |  proxyVPWR = 1                            
  Y = 2                                    |  proxyY = 1                               
  proxy1 = 1                               |  1 = 3                                    
  proxy2 = 1                               |  2 = 230                                  
  proxy3 = 1                               |  3 = 230                                  
  proxy4 = 1                               |  4 = 268                                  
  proxy5 = 1                               |  5 = 268                                  
  proxy6 = 1                               |  6 = 2                                    
                                           |                                           
Instance: EF_AMUX0201_ARRAY1:x3/EF_AMUX21x |Instance: EF_AMUX0201_ARRAY1:3/EF_AMUX21x: 
  A = 3                                    |  proxyA = 1                               
  VGND = 230                               |  proxyVGND = 1                            
  VNB = 230                                |  proxyVNB = 1                             
  VPB = 268                                |  proxyVPB = 1                             
  VPWR = 268                               |  proxyVPWR = 1                            
  Y = 2                                    |  proxyY = 1                               
  proxy1 = 1                               |  1 = 3                                    
  proxy2 = 1                               |  2 = 230                                  
  proxy3 = 1                               |  3 = 230                                  
  proxy4 = 1                               |  4 = 268                                  
  proxy5 = 1                               |  5 = 268                                  
  proxy6 = 1                               |  6 = 2                                    
                                           |                                           
Instance: EF_AMUX0201_ARRAY1:x3/EF_AMUX21x |Instance: EF_AMUX0201_ARRAY1:3/EF_AMUX21x: 
  A = 3                                    |  proxyA = 1                               
  VGND = 230                               |  proxyVGND = 1                            
  VNB = 230                                |  proxyVNB = 1                             
  VPB = 268                                |  proxyVPB = 1                             
  VPWR = 268                               |  proxyVPWR = 1                            
  Y = 2                                    |  proxyY = 1                               
  proxy1 = 1                               |  1 = 3                                    
  proxy2 = 1                               |  2 = 230                                  
  proxy3 = 1                               |  3 = 230                                  
  proxy4 = 1                               |  4 = 268                                  
  proxy5 = 1                               |  5 = 268                                  
  proxy6 = 1                               |  6 = 2                                    
                                           |                                           
Instance: EF_AMUX0201_ARRAY1:x3/EF_AMUX21x |Instance: EF_AMUX0201_ARRAY1:3/EF_AMUX21x: 
  A = 3                                    |  proxyA = 1                               
  VGND = 230                               |  proxyVGND = 1                            
  VNB = 230                                |  proxyVNB = 1                             
  VPB = 268                                |  proxyVPB = 1                             
  VPWR = 268                               |  proxyVPWR = 1                            
  Y = 2                                    |  proxyY = 1                               
  proxy1 = 1                               |  1 = 3                                    
  proxy2 = 1                               |  2 = 230                                  
  proxy3 = 1                               |  3 = 230                                  
  proxy4 = 1                               |  4 = 268                                  
  proxy5 = 1                               |  5 = 268                                  
  proxy6 = 1                               |  6 = 2                                    
                                           |                                           
Instance: EF_AMUX0201_ARRAY1:x3/EF_AMUX21x |Instance: EF_AMUX0201_ARRAY1:3/EF_AMUX21x: 
  A = 3                                    |  proxyA = 1                               
  VGND = 230                               |  proxyVGND = 1                            
  VNB = 230                                |  proxyVNB = 1                             
  VPB = 268                                |  proxyVPB = 1                             
  VPWR = 268                               |  proxyVPWR = 1                            
  Y = 2                                    |  proxyY = 1                               
  proxy1 = 1                               |  1 = 3                                    
  proxy2 = 1                               |  2 = 230                                  
  proxy3 = 1                               |  3 = 230                                  
  proxy4 = 1                               |  4 = 268                                  
  proxy5 = 1                               |  5 = 268                                  
  proxy6 = 1                               |  6 = 2                                    
                                           |                                           
Instance: EF_AMUX0201_ARRAY1:x3/EF_AMUX21x |Instance: EF_AMUX0201_ARRAY1:3/EF_AMUX21x: 
  A = 3                                    |  proxyA = 1                               
  VGND = 230                               |  proxyVGND = 1                            
  VNB = 230                                |  proxyVNB = 1                             
  VPB = 268                                |  proxyVPB = 1                             
  VPWR = 268                               |  proxyVPWR = 1                            
  Y = 2                                    |  proxyY = 1                               
  proxy1 = 1                               |  1 = 3                                    
  proxy2 = 1                               |  2 = 230                                  
  proxy3 = 1                               |  3 = 230                                  
  proxy4 = 1                               |  4 = 268                                  
  proxy5 = 1                               |  5 = 268                                  
  proxy6 = 1                               |  6 = 2                                    
                                           |                                           
Instance: EF_AMUX0201_ARRAY1:x3/EF_AMUX21x |Instance: EF_AMUX0201_ARRAY1:3/EF_AMUX21x: 
  A = 3                                    |  proxyA = 1                               
  VGND = 230                               |  proxyVGND = 1                            
  VNB = 230                                |  proxyVNB = 1                             
  VPB = 268                                |  proxyVPB = 1                             
  VPWR = 268                               |  proxyVPWR = 1                            
  Y = 2                                    |  proxyY = 1                               
  proxy1 = 1                               |  1 = 3                                    
  proxy2 = 1                               |  2 = 230                                  
  proxy3 = 1                               |  3 = 230                                  
  proxy4 = 1                               |  4 = 268                                  
  proxy5 = 1                               |  5 = 268                                  
  proxy6 = 1                               |  6 = 2                                    
                                           |                                           
Instance: EF_AMUX0201_ARRAY1:x3/EF_AMUX21x |Instance: EF_AMUX0201_ARRAY1:3/EF_AMUX21x: 
  A = 3                                    |  proxyA = 1                               
  VGND = 230                               |  proxyVGND = 1                            
  VNB = 230                                |  proxyVNB = 1                             
  VPB = 268                                |  proxyVPB = 1                             
  VPWR = 268                               |  proxyVPWR = 1                            
  Y = 2                                    |  proxyY = 1                               
  proxy1 = 1                               |  1 = 3                                    
  proxy2 = 1                               |  2 = 230                                  
  proxy3 = 1                               |  3 = 230                                  
  proxy4 = 1                               |  4 = 268                                  
  proxy5 = 1                               |  5 = 268                                  
  proxy6 = 1                               |  6 = 2                                    
                                           |                                           
Instance: EF_AMUX0201_ARRAY1:x3//EF_AMUX21 |Instance: EF_AMUX0201_ARRAY1:3/EF_AMUX21x: 
  A = 37                                   |  proxyA = 1                               
  VGND = 230                               |  proxyVGND = 1                            
  VNB = 230                                |  proxyVNB = 1                             
  VPB = 268                                |  proxyVPB = 1                             
  VPWR = 268                               |  proxyVPWR = 1                            
  Y = 3                                    |  proxyY = 1                               
  proxy1 = 1                               |  1 = 37                                   
  proxy2 = 1                               |  2 = 230                                  
  proxy3 = 1                               |  3 = 230                                  
  proxy4 = 1                               |  4 = 268                                  
  proxy5 = 1                               |  5 = 268                                  
  proxy6 = 1                               |  6 = 3                                    
                                           |                                           
Instance: EF_AMUX0201_ARRAY1:x3//EF_AMUX21 |Instance: EF_AMUX0201_ARRAY1:3/EF_AMUX21x: 
  A = 37                                   |  proxyA = 1                               
  VGND = 230                               |  proxyVGND = 1                            
  VNB = 230                                |  proxyVNB = 1                             
  VPB = 268                                |  proxyVPB = 1                             
  VPWR = 268                               |  proxyVPWR = 1                            
  Y = 3                                    |  proxyY = 1                               
  proxy1 = 1                               |  1 = 37                                   
  proxy2 = 1                               |  2 = 230                                  
  proxy3 = 1                               |  3 = 230                                  
  proxy4 = 1                               |  4 = 268                                  
  proxy5 = 1                               |  5 = 268                                  
  proxy6 = 1                               |  6 = 3                                    
                                           |                                           
Instance: EF_AMUX0201_ARRAY1:x3/EF_AMUX21x |Instance: EF_AMUX0201_ARRAY1:3/EF_AMUX21x: 
  A = 37                                   |  proxyA = 1                               
  VGND = 230                               |  proxyVGND = 1                            
  VNB = 230                                |  proxyVNB = 1                             
  VPB = 268                                |  proxyVPB = 1                             
  VPWR = 268                               |  proxyVPWR = 1                            
  Y = 3                                    |  proxyY = 1                               
  proxy1 = 1                               |  1 = 37                                   
  proxy2 = 1                               |  2 = 230                                  
  proxy3 = 1                               |  3 = 230                                  
  proxy4 = 1                               |  4 = 268                                  
  proxy5 = 1                               |  5 = 268                                  
  proxy6 = 1                               |  6 = 3                                    
                                           |                                           
Instance: EF_AMUX0201_ARRAY1:x3/EF_AMUX21x |Instance: EF_AMUX0201_ARRAY1:3/EF_AMUX21x: 
  A = 37                                   |  proxyA = 1                               
  VGND = 230                               |  proxyVGND = 1                            
  VNB = 230                                |  proxyVNB = 1                             
  VPB = 268                                |  proxyVPB = 1                             
  VPWR = 268                               |  proxyVPWR = 1                            
  Y = 3                                    |  proxyY = 1                               
  proxy1 = 1                               |  1 = 37                                   
  proxy2 = 1                               |  2 = 230                                  
  proxy3 = 1                               |  3 = 230                                  
  proxy4 = 1                               |  4 = 268                                  
  proxy5 = 1                               |  5 = 268                                  
  proxy6 = 1                               |  6 = 3                                    
                                           |                                           
Instance: EF_AMUX0201_ARRAY1:x3/EF_AMUX21x |Instance: EF_AMUX0201_ARRAY1:3/EF_AMUX21x: 
  A = 37                                   |  proxyA = 1                               
  VGND = 230                               |  proxyVGND = 1                            
  VNB = 230                                |  proxyVNB = 1                             
  VPB = 268                                |  proxyVPB = 1                             
  VPWR = 268                               |  proxyVPWR = 1                            
  Y = 3                                    |  proxyY = 1                               
  proxy1 = 1                               |  1 = 37                                   
  proxy2 = 1                               |  2 = 230                                  
  proxy3 = 1                               |  3 = 230                                  
  proxy4 = 1                               |  4 = 268                                  
  proxy5 = 1                               |  5 = 268                                  
  proxy6 = 1                               |  6 = 3                                    
                                           |                                           
Instance: EF_AMUX0201_ARRAY1:x3/EF_AMUX21x |Instance: EF_AMUX0201_ARRAY1:3/EF_AMUX21x: 
  A = 37                                   |  proxyA = 1                               
  VGND = 230                               |  proxyVGND = 1                            
  VNB = 230                                |  proxyVNB = 1                             
  VPB = 268                                |  proxyVPB = 1                             
  VPWR = 268                               |  proxyVPWR = 1                            
  Y = 3                                    |  proxyY = 1                               
  proxy1 = 1                               |  1 = 37                                   
  proxy2 = 1                               |  2 = 230                                  
  proxy3 = 1                               |  3 = 230                                  
  proxy4 = 1                               |  4 = 268                                  
  proxy5 = 1                               |  5 = 268                                  
  proxy6 = 1                               |  6 = 3                                    
                                           |                                           
Instance: EF_AMUX0201_ARRAY1:x3/EF_AMUX21x |Instance: EF_AMUX0201_ARRAY1:3/EF_AMUX21x: 
  A = 37                                   |  proxyA = 1                               
  VGND = 230                               |  proxyVGND = 1                            
  VNB = 230                                |  proxyVNB = 1                             
  VPB = 268                                |  proxyVPB = 1                             
  VPWR = 268                               |  proxyVPWR = 1                            
  Y = 3                                    |  proxyY = 1                               
  proxy1 = 1                               |  1 = 37                                   
  proxy2 = 1                               |  2 = 230                                  
  proxy3 = 1                               |  3 = 230                                  
  proxy4 = 1                               |  4 = 268                                  
  proxy5 = 1                               |  5 = 268                                  
  proxy6 = 1                               |  6 = 3                                    
                                           |                                           
Instance: EF_AMUX0201_ARRAY1:x3/EF_AMUX21x |Instance: EF_AMUX0201_ARRAY1:3/EF_AMUX21x: 
  A = 37                                   |  proxyA = 1                               
  VGND = 230                               |  proxyVGND = 1                            
  VNB = 230                                |  proxyVNB = 1                             
  VPB = 268                                |  proxyVPB = 1                             
  VPWR = 268                               |  proxyVPWR = 1                            
  Y = 3                                    |  proxyY = 1                               
  proxy1 = 1                               |  1 = 37                                   
  proxy2 = 1                               |  2 = 230                                  
  proxy3 = 1                               |  3 = 230                                  
  proxy4 = 1                               |  4 = 268                                  
  proxy5 = 1                               |  5 = 268                                  
  proxy6 = 1                               |  6 = 3                                    
                                           |                                           
Instance: EF_AMUX0201_ARRAY1:x3/EF_AMUX21x |Instance: EF_AMUX0201_ARRAY1:3/EF_AMUX21x: 
  A = 37                                   |  proxyA = 1                               
  VGND = 230                               |  proxyVGND = 1                            
  VNB = 230                                |  proxyVNB = 1                             
  VPB = 268                                |  proxyVPB = 1                             
  VPWR = 268                               |  proxyVPWR = 1                            
  Y = 3                                    |  proxyY = 1                               
  proxy1 = 1                               |  1 = 37                                   
  proxy2 = 1                               |  2 = 230                                  
  proxy3 = 1                               |  3 = 230                                  
  proxy4 = 1                               |  4 = 268                                  
  proxy5 = 1                               |  5 = 268                                  
  proxy6 = 1                               |  6 = 3                                    
                                           |                                           
Instance: EF_AMUX0201_ARRAY1:x3/EF_AMUX21x |Instance: EF_AMUX0201_ARRAY1:3/EF_AMUX21x: 
  A = 37                                   |  proxyA = 1                               
  VGND = 230                               |  proxyVGND = 1                            
  VNB = 230                                |  proxyVNB = 1                             
  VPB = 268                                |  proxyVPB = 1                             
  VPWR = 268                               |  proxyVPWR = 1                            
  Y = 3                                    |  proxyY = 1                               
  proxy1 = 1                               |  1 = 37                                   
  proxy2 = 1                               |  2 = 230                                  
  proxy3 = 1                               |  3 = 230                                  
  proxy4 = 1                               |  4 = 268                                  
  proxy5 = 1                               |  5 = 268                                  
  proxy6 = 1                               |  6 = 3                                    
                                           |                                           
Instance: EF_AMUX0201_ARRAY1:x3/EF_AMUX21x |Instance: EF_AMUX0201_ARRAY1:3/EF_AMUX21x: 
  A = 37                                   |  proxyA = 1                               
  VGND = 230                               |  proxyVGND = 1                            
  VNB = 230                                |  proxyVNB = 1                             
  VPB = 268                                |  proxyVPB = 1                             
  VPWR = 268                               |  proxyVPWR = 1                            
  Y = 3                                    |  proxyY = 1                               
  proxy1 = 1                               |  1 = 37                                   
  proxy2 = 1                               |  2 = 230                                  
  proxy3 = 1                               |  3 = 230                                  
  proxy4 = 1                               |  4 = 268                                  
  proxy5 = 1                               |  5 = 268                                  
  proxy6 = 1                               |  6 = 3                                    
                                           |                                           
Instance: EF_AMUX0201_ARRAY1:x3/EF_AMUX21x |Instance: EF_AMUX0201_ARRAY1:3/EF_AMUX21x: 
  A = 37                                   |  proxyA = 1                               
  VGND = 230                               |  proxyVGND = 1                            
  VNB = 230                                |  proxyVNB = 1                             
  VPB = 268                                |  proxyVPB = 1                             
  VPWR = 268                               |  proxyVPWR = 1                            
  Y = 3                                    |  proxyY = 1                               
  proxy1 = 1                               |  1 = 37                                   
  proxy2 = 1                               |  2 = 230                                  
  proxy3 = 1                               |  3 = 230                                  
  proxy4 = 1                               |  4 = 268                                  
  proxy5 = 1                               |  5 = 268                                  
  proxy6 = 1                               |  6 = 3                                    
---------------------------------------------------------------------------------------
Netlists do not match.

Subcircuit pins:
Circuit 1: sky130_ef_ip__cdac3v_12bit      |Circuit 2: sky130_ef_ip__cdac3v_12bit      
-------------------------------------------|-------------------------------------------
OUT                                        |(no matching pin)                          
OUTNC                                      |(no matching pin)                          
VSS                                        |(no matching pin)                          
VH                                         |VH                                         
VL                                         |VL                                         
VCM                                        |VCM                                        
SELD11                                     |RST **Mismatch**                           
SELD10                                     |HOLD **Mismatch**                          
SELD9                                      |SELD0 **Mismatch**                         
SELD8                                      |SELD8                                      
SELD7                                      |SELD4 **Mismatch**                         
SELD6                                      |SELD9 **Mismatch**                         
SELD5                                      |SELD1 **Mismatch**                         
SELD4                                      |SELD5 **Mismatch**                         
SELD3                                      |SELD2 **Mismatch**                         
SELD2                                      |SELD10 **Mismatch**                        
SELD1                                      |SELD6 **Mismatch**                         
SELD0                                      |SELD11 **Mismatch**                        
RST                                        |SELD7 **Mismatch**                         
HOLD                                       |SELD3 **Mismatch**                         
Vref                                       |Vref                                       
VIN                                        |VIN                                        
DVSS                                       |DVSS                                       
DVDD                                       |DVDD                                       
VDD                                        |VDD                                        
(no matching pin)                          |VSS                                        
(no matching pin)                          |OUT                                        
(no matching pin)                          |OUTNC                                      
VSS                                        |(no matching pin)                          
OUT                                        |(no matching pin)                          
OUTNC                                      |(no matching pin)                          
---------------------------------------------------------------------------------------
Cell pin lists for sky130_ef_ip__cdac3v_12bit and sky130_ef_ip__cdac3v_12bit altered to match.
Device classes sky130_ef_ip__cdac3v_12bit and sky130_ef_ip__cdac3v_12bit are equivalent.

Final result: Top level cell failed pin matching.
